schema_version,run_id,suite,grammar_id,grammar_description,parser,case_id,size_label,parameter_name,parameter_value,token_count,input_tokens,input_sha256,timeout_seconds,status,outcome,accepted,ambiguity,tree_present,elapsed_ns,wall_elapsed_ns,exit_code,error_kind,detail
1,20260726T135725.806593Z,earley,cfg1,Ambiguous binary concatenation: S → S S | a,costar,earley.cfg1.n001,n001,n,1,1,a,ca978112ca1bbdcafac231b39a23dc4da786eff8147c4e72b9807785afee48bb,60.0,ok,parser_error,unknown,unknown,false,2145,97333,,left_recursion,PredictionError (SpLeftRecursion 0)
1,20260726T135725.806593Z,earley,cfg1,Ambiguous binary concatenation: S → S S | a,costar,earley.cfg1.n003,n003,n,3,3,a a a,bb6e995be430b5ada013a56dd224abfddbeff83ef54dd2fef79470c6cf440919,60.0,ok,parser_error,unknown,unknown,false,953,64361,,left_recursion,PredictionError (SpLeftRecursion 0)
1,20260726T135725.806593Z,earley,cfg1,Ambiguous binary concatenation: S → S S | a,costar,earley.cfg1.n005,n005,n,5,5,a a a a a,dcf26724f098d41cc1f3fbeee167bde3aab05eb59e85eaf77318374c136d82a1,60.0,ok,parser_error,unknown,unknown,false,953,46979,,left_recursion,PredictionError (SpLeftRecursion 0)
1,20260726T135725.806593Z,earley,cfg1,Ambiguous binary concatenation: S → S S | a,costar,earley.cfg1.n007,n007,n,7,7,a a a a a a a,c39b9e5f245ca64e7524d3d027ef1b7cbd9c9f2eba54ca591c7ecd770a2a07d7,60.0,ok,parser_error,unknown,unknown,false,953,45025,,left_recursion,PredictionError (SpLeftRecursion 0)
1,20260726T135725.806593Z,earley,cfg1,Ambiguous binary concatenation: S → S S | a,costar,earley.cfg1.n009,n009,n,9,9,a a a a a a a a a,5246bd9d247b3551cdb6eba59ea82519f675b231f59836e63169ee5864f90046,60.0,ok,parser_error,unknown,unknown,false,0,43372,,left_recursion,PredictionError (SpLeftRecursion 0)
1,20260726T135725.806593Z,earley,cfg1,Ambiguous binary concatenation: S → S S | a,costar,earley.cfg1.n011,n011,n,11,11,a a a a a a a a a a a,b83899a801d9f023f810c6e76f61d7bf5973986bd70abc4cc2863d97f9b2d782,60.0,ok,parser_error,unknown,unknown,false,0,41358,,left_recursion,PredictionError (SpLeftRecursion 0)
1,20260726T135725.806593Z,earley,cfg1,Ambiguous binary concatenation: S → S S | a,costar,earley.cfg1.n013,n013,n,13,13,a a a a a a a a a a a a a,0f19eca59bf1d47974b3df7c910fa2f7d0addfc109d422fe8c6a368c7b780a13,60.0,ok,parser_error,unknown,unknown,false,0,70001,,left_recursion,PredictionError (SpLeftRecursion 0)
1,20260726T135725.806593Z,earley,cfg1,Ambiguous binary concatenation: S → S S | a,costar,earley.cfg1.n015,n015,n,15,15,a a a a a a a a a a a a a a a,3416fc43996281553685fd94058cc330ea85b1701526c7b29085904306440a1f,60.0,ok,parser_error,unknown,unknown,false,953,99938,,left_recursion,PredictionError (SpLeftRecursion 0)
1,20260726T135725.806593Z,earley,cfg2,Right-recursive: S → a S | a,costar,earley.cfg2.n001,n001,n,1,1,a,ca978112ca1bbdcafac231b39a23dc4da786eff8147c4e72b9807785afee48bb,60.0,ok,accept,true,unique,true,4053,132369,,,
1,20260726T135725.806593Z,earley,cfg1,Ambiguous binary concatenation: S → S S | a,costar,earley.cfg1.n017,n017,n,17,17,a a a a a a a a a a a a a a a a a,3bccac4813bc2f376ff12845988fa5e600575c184ac5f21ab1b8915969532a0a,60.0,ok,parser_error,unknown,unknown,false,4053,125847,,left_recursion,PredictionError (SpLeftRecursion 0)
1,20260726T135725.806593Z,earley,cfg2,Right-recursive: S → a S | a,costar,earley.cfg2.n003,n003,n,3,3,a a a,bb6e995be430b5ada013a56dd224abfddbeff83ef54dd2fef79470c6cf440919,60.0,ok,accept,true,unique,true,8821,149441,,,
1,20260726T135725.806593Z,earley,cfg1,Ambiguous binary concatenation: S → S S | a,costar,earley.cfg1.n019,n019,n,19,19,a a a a a a a a a a a a a a a a a a a,92e55c5847d9d2f40be9a63ff52228772e1f012e98e45af96f74f7d6dd44c6e0,60.0,ok,parser_error,unknown,unknown,false,5006,159370,,left_recursion,PredictionError (SpLeftRecursion 0)
1,20260726T135725.806593Z,earley,cfg2,Right-recursive: S → a S | a,costar,earley.cfg2.n005,n005,n,5,5,a a a a a,dcf26724f098d41cc1f3fbeee167bde3aab05eb59e85eaf77318374c136d82a1,60.0,ok,accept,true,unique,true,25033,136016,,,
1,20260726T135725.806593Z,earley,cfg1,Ambiguous binary concatenation: S → S S | a,costar,earley.cfg1.n021,n021,n,21,21,a a a a a a a a a a a a a a a a a a a a a,52267fe9dc1a9390da3667ab75f1a4aca55c6d4f1325144f5c8e29b5727e2c8e,60.0,ok,parser_error,unknown,unknown,false,953,140094,,left_recursion,PredictionError (SpLeftRecursion 0)
1,20260726T135725.806593Z,earley,cfg2,Right-recursive: S → a S | a,costar,earley.cfg2.n007,n007,n,7,7,a a a a a a a,c39b9e5f245ca64e7524d3d027ef1b7cbd9c9f2eba54ca591c7ecd770a2a07d7,60.0,ok,accept,true,unique,true,17881,142859,,,
1,20260726T135725.806593Z,earley,cfg1,Ambiguous binary concatenation: S → S S | a,costar,earley.cfg1.n023,n023,n,23,23,a a a a a a a a a a a a a a a a a a a a a a a,e6799515bcbdd5ee6b53fe012a758de396640e9a8320bb62c60a135e2f2ed0a9,60.0,ok,parser_error,unknown,unknown,false,3099,135766,,left_recursion,PredictionError (SpLeftRecursion 0)
1,20260726T135725.806593Z,earley,cfg2,Right-recursive: S → a S | a,costar,earley.cfg2.n009,n009,n,9,9,a a a a a a a a a,5246bd9d247b3551cdb6eba59ea82519f675b231f59836e63169ee5864f90046,60.0,ok,accept,true,unique,true,25033,122541,,,
1,20260726T135725.806593Z,earley,cfg1,Ambiguous binary concatenation: S → S S | a,costar,earley.cfg1.n025,n025,n,25,25,a a a a a a a a a a a a a a a a a a a a a a a a a,81b5dccafd39c94829cdd6dbdb721e4bda6c9389d4a1928b885745a4a2398e96,60.0,ok,parser_error,unknown,unknown,false,0,118222,,left_recursion,PredictionError (SpLeftRecursion 0)
1,20260726T135725.806593Z,earley,cfg2,Right-recursive: S → a S | a,costar,earley.cfg2.n011,n011,n,11,11,a a a a a a a a a a a,b83899a801d9f023f810c6e76f61d7bf5973986bd70abc4cc2863d97f9b2d782,60.0,ok,accept,true,unique,true,30040,130906,,,
1,20260726T135725.806593Z,earley,cfg1,Ambiguous binary concatenation: S → S S | a,costar,earley.cfg1.n027,n027,n,27,27,a a a a a a a a a a a a a a a a a a a a a a a a a a a,2944e42c73262f1a71f9cef1670de3dfc87e6510817754bbe9215a96a5616aea,60.0,ok,parser_error,unknown,unknown,false,1192,127079,,left_recursion,PredictionError (SpLeftRecursion 0)
1,20260726T135725.806593Z,earley,cfg2,Right-recursive: S → a S | a,costar,earley.cfg2.n013,n013,n,13,13,a a a a a a a a a a a a a,0f19eca59bf1d47974b3df7c910fa2f7d0addfc109d422fe8c6a368c7b780a13,60.0,ok,accept,true,unique,true,36001,148570,,,
1,20260726T135725.806593Z,earley,cfg1,Ambiguous binary concatenation: S → S S | a,costar,earley.cfg1.n029,n029,n,29,29,a a a a a a a a a a a a a a a a a a a a a a a a a a a a a,b00b82e962602fde3c0b9ec3258ae2bae3861496472ef35ea0ba894fb1b36288,60.0,ok,parser_error,unknown,unknown,false,1192,132279,,left_recursion,PredictionError (SpLeftRecursion 0)
1,20260726T135725.806593Z,earley,cfg2,Right-recursive: S → a S | a,costar,earley.cfg2.n015,n015,n,15,15,a a a a a a a a a a a a a a a,3416fc43996281553685fd94058cc330ea85b1701526c7b29085904306440a1f,60.0,ok,accept,true,unique,true,36001,122941,,,
1,20260726T135725.806593Z,earley,cfg1,Ambiguous binary concatenation: S → S S | a,costar,earley.cfg1.n031,n031,n,31,31,a a a a a a a a a a a a a a a a a a a a a a a a a a a a a a a,e2fbf1eb4eccda81f87022da47d499b7c72107a7be5019bdd0123102dedd9a86,60.0,ok,parser_error,unknown,unknown,false,953,108975,,left_recursion,PredictionError (SpLeftRecursion 0)
1,20260726T135725.806593Z,earley,cfg2,Right-recursive: S → a S | a,costar,earley.cfg2.n017,n017,n,17,17,a a a a a a a a a a a a a a a a a,3bccac4813bc2f376ff12845988fa5e600575c184ac5f21ab1b8915969532a0a,60.0,ok,accept,true,unique,true,53882,175039,,,
1,20260726T135725.806593Z,earley,cfg1,Ambiguous binary concatenation: S → S S | a,costar,earley.cfg1.n033,n033,n,33,33,a a a a a a a a a a a a a a a a a a a a a a a a a a a a a a a a a,65c4a3b876195f39e99ad322a645f2b6badd45a8457409eff406f2b517494769,60.0,ok,parser_error,unknown,unknown,false,953,173146,,left_recursion,PredictionError (SpLeftRecursion 0)
1,20260726T135725.806593Z,earley,cfg2,Right-recursive: S → a S | a,costar,earley.cfg2.n019,n019,n,19,19,a a a a a a a a a a a a a a a a a a a,92e55c5847d9d2f40be9a63ff52228772e1f012e98e45af96f74f7d6dd44c6e0,60.0,ok,accept,true,unique,true,50067,123222,,,
1,20260726T135725.806593Z,earley,cfg1,Ambiguous binary concatenation: S → S S | a,costar,earley.cfg1.n035,n035,n,35,35,a a a a a a a a a a a a a a a a a a a a a a a a a a a a a a a a a a a,75aa41a2c242377f26ddd63029462f47576aaf2dd3fe5ae73041196b9087bce2,60.0,ok,parser_error,unknown,unknown,false,953,128231,,left_recursion,PredictionError (SpLeftRecursion 0)
1,20260726T135725.806593Z,earley,cfg2,Right-recursive: S → a S | a,costar,earley.cfg2.n021,n021,n,21,21,a a a a a a a a a a a a a a a a a a a a a,52267fe9dc1a9390da3667ab75f1a4aca55c6d4f1325144f5c8e29b5727e2c8e,60.0,ok,accept,true,unique,true,60796,158588,,,
1,20260726T135725.806593Z,earley,cfg1,Ambiguous binary concatenation: S → S S | a,costar,earley.cfg1.n037,n037,n,37,37,a a a a a a a a a a a a a a a a a a a a a a a a a a a a a a a a a a a a a,b26448b546ae7e5bdd674af8247e59052302dbaefba9b9466382f96d0546b77a,60.0,ok,parser_error,unknown,unknown,false,3099,140875,,left_recursion,PredictionError (SpLeftRecursion 0)
1,20260726T135725.806593Z,earley,cfg2,Right-recursive: S → a S | a,costar,earley.cfg2.n023,n023,n,23,23,a a a a a a a a a a a a a a a a a a a a a a a,e6799515bcbdd5ee6b53fe012a758de396640e9a8320bb62c60a135e2f2ed0a9,60.0,ok,accept,true,unique,true,55074,126518,,,
1,20260726T135725.806593Z,earley,cfg1,Ambiguous binary concatenation: S → S S | a,costar,earley.cfg1.n039,n039,n,39,39,a a a a a a a a a a a a a a a a a a a a a a a a a a a a a a a a a a a a a a a,18eb99b1deb5a8851590d9f68f7f327bf8a6ad1f6de24b78842bce7ede036532,60.0,ok,parser_error,unknown,unknown,false,953,114095,,left_recursion,PredictionError (SpLeftRecursion 0)
1,20260726T135725.806593Z,earley,cfg2,Right-recursive: S → a S | a,costar,earley.cfg2.n025,n025,n,25,25,a a a a a a a a a a a a a a a a a a a a a a a a a,81b5dccafd39c94829cdd6dbdb721e4bda6c9389d4a1928b885745a4a2398e96,60.0,ok,accept,true,unique,true,73909,138280,,,
1,20260726T135725.806593Z,earley,cfg1,Ambiguous binary concatenation: S → S S | a,costar,earley.cfg1.n041,n041,n,41,41,a a a a a a a a a a a a a a a a a a a a a a a a a a a a a a a a a a a a a a a a a,5b8435430a4e0f3739618b616494cef52d305f069f4f8f145cd40257d5eb8ca2,60.0,ok,parser_error,unknown,unknown,false,953,130485,,left_recursion,PredictionError (SpLeftRecursion 0)
1,20260726T135725.806593Z,earley,cfg2,Right-recursive: S → a S | a,costar,earley.cfg2.n027,n027,n,27,27,a a a a a a a a a a a a a a a a a a a a a a a a a a a,2944e42c73262f1a71f9cef1670de3dfc87e6510817754bbe9215a96a5616aea,60.0,ok,accept,true,unique,true,59127,148269,,,
1,20260726T135725.806593Z,earley,cfg1,Ambiguous binary concatenation: S → S S | a,costar,earley.cfg1.n043,n043,n,43,43,a a a a a a a a a a a a a a a a a a a a a a a a a a a a a a a a a a a a a a a a a a a,d578dc3affc8d9ac05571b77cd6aa8bb3e86c14a13d0ca1cbd18741b0eb84a0d,60.0,ok,parser_error,unknown,unknown,false,953,139111,,left_recursion,PredictionError (SpLeftRecursion 0)
1,20260726T135725.806593Z,earley,cfg1,Ambiguous binary concatenation: S → S S | a,costar,earley.cfg1.n045,n045,n,45,45,a a a a a a a a a a a a a a a a a a a a a a a a a a a a a a a a a a a a a a a a a a a a a,95a07021a688c4b629f8896d95faeb2557e8b2db62a670f72409a59a6d2ed69d,60.0,ok,parser_error,unknown,unknown,false,0,96762,,left_recursion,PredictionError (SpLeftRecursion 0)
1,20260726T135725.806593Z,earley,cfg2,Right-recursive: S → a S | a,costar,earley.cfg2.n029,n029,n,29,29,a a a a a a a a a a a a a a a a a a a a a a a a a a a a a,b00b82e962602fde3c0b9ec3258ae2bae3861496472ef35ea0ba894fb1b36288,60.0,ok,accept,true,unique,true,88930,202060,,,
1,20260726T135725.806593Z,earley,cfg1,Ambiguous binary concatenation: S → S S | a,costar,earley.cfg1.n047,n047,n,47,47,a a a a a a a a a a a a a a a a a a a a a a a a a a a a a a a a a a a a a a a a a a a a a a a,0a227f109e85e841c1599966769c16123edf77b848a8c2ce018c8b66763a1759,60.0,ok,parser_error,unknown,unknown,false,0,107382,,left_recursion,PredictionError (SpLeftRecursion 0)
1,20260726T135725.806593Z,earley,cfg1,Ambiguous binary concatenation: S → S S | a,costar,earley.cfg1.n049,n049,n,49,49,a a a a a a a a a a a a a a a a a a a a a a a a a a a a a a a a a a a a a a a a a a a a a a a a a,99e8c0fe4c88f0445b7bdd1ddd8903d345647bb315228d3ed9b8e3f9a1453067,60.0,ok,parser_error,unknown,unknown,false,953,107241,,left_recursion,PredictionError (SpLeftRecursion 0)
1,20260726T135725.806593Z,earley,cfg2,Right-recursive: S → a S | a,costar,earley.cfg2.n031,n031,n,31,31,a a a a a a a a a a a a a a a a a a a a a a a a a a a a a a a,e2fbf1eb4eccda81f87022da47d499b7c72107a7be5019bdd0123102dedd9a86,60.0,ok,accept,true,unique,true,115156,279265,,,
1,20260726T135725.806593Z,earley,cfg1,Ambiguous binary concatenation: S → S S | a,costar,earley.cfg1.n051,n051,n,51,51,a a a a a a a a a a a a a a a a a a a a a a a a a a a a a a a a a a a a a a a a a a a a a a a a a a a,08f26910e932063059fae5c479867d6997cf56d64a6ad0363853dd6848e5a131,60.0,ok,parser_error,unknown,unknown,false,953,120677,,left_recursion,PredictionError (SpLeftRecursion 0)
1,20260726T135725.806593Z,earley,cfg2,Right-recursive: S → a S | a,costar,earley.cfg2.n033,n033,n,33,33,a a a a a a a a a a a a a a a a a a a a a a a a a a a a a a a a a,65c4a3b876195f39e99ad322a645f2b6badd45a8457409eff406f2b517494769,60.0,ok,accept,true,unique,true,78916,163608,,,
1,20260726T135725.806593Z,earley,cfg1,Ambiguous binary concatenation: S → S S | a,costar,earley.cfg1.n053,n053,n,53,53,a a a a a a a a a a a a a a a a a a a a a a a a a a a a a a a a a a a a a a a a a a a a a a a a a a a a a,9a57ed48fdc55fce48079815c33dec4ee1dfb5e7c9acf3ce1ae1102961759834,60.0,ok,parser_error,unknown,unknown,false,0,137168,,left_recursion,PredictionError (SpLeftRecursion 0)
1,20260726T135725.806593Z,earley,cfg1,Ambiguous binary concatenation: S → S S | a,costar,earley.cfg1.n055,n055,n,55,55,a a a a a a a a a a a a a a a a a a a a a a a a a a a a a a a a a a a a a a a a a a a a a a a a a a a a a a a,397471ff60216f6a8bae3bf00d4f76e8643bb5dac774582749fc24ef11816b24,60.0,ok,parser_error,unknown,unknown,false,2861,88156,,left_recursion,PredictionError (SpLeftRecursion 0)
1,20260726T135725.806593Z,earley,cfg2,Right-recursive: S → a S | a,costar,earley.cfg2.n035,n035,n,35,35,a a a a a a a a a a a a a a a a a a a a a a a a a a a a a a a a a a a,75aa41a2c242377f26ddd63029462f47576aaf2dd3fe5ae73041196b9087bce2,60.0,ok,accept,true,unique,true,77009,202350,,,
1,20260726T135725.806593Z,earley,cfg1,Ambiguous binary concatenation: S → S S | a,costar,earley.cfg1.n057,n057,n,57,57,a a a a a a a a a a a a a a a a a a a a a a a a a a a a a a a a a a a a a a a a a a a a a a a a a a a a a a a a a,b6388e1e8f6c10ccc2277fad64251a43a039604b11b2e3c9e3b9c331e606dc3a,60.0,ok,parser_error,unknown,unknown,false,0,101501,,left_recursion,PredictionError (SpLeftRecursion 0)
1,20260726T135725.806593Z,earley,cfg1,Ambiguous binary concatenation: S → S S | a,costar,earley.cfg1.n059,n059,n,59,59,a a a a a a a a a a a a a a a a a a a a a a a a a a a a a a a a a a a a a a a a a a a a a a a a a a a a a a a a a a a,9e271998808c273754c2be85eeb5ef9477ebdfddc4375a4f82ed6e8d64734550,60.0,ok,parser_error,unknown,unknown,false,953,92143,,left_recursion,PredictionError (SpLeftRecursion 0)
1,20260726T135725.806593Z,earley,cfg2,Right-recursive: S → a S | a,costar,earley.cfg2.n037,n037,n,37,37,a a a a a a a a a a a a a a a a a a a a a a a a a a a a a a a a a a a a a,b26448b546ae7e5bdd674af8247e59052302dbaefba9b9466382f96d0546b77a,60.0,ok,accept,true,unique,true,90837,225935,,,
1,20260726T135725.806593Z,earley,cfg1,Ambiguous binary concatenation: S → S S | a,costar,earley.cfg1.n061,n061,n,61,61,a a a a a a a a a a a a a a a a a a a a a a a a a a a a a a a a a a a a a a a a a a a a a a a a a a a a a a a a a a a a a,8b72598a941c6c337740fe03485056c52ff6ea510c78629e8029d2b497447e93,60.0,ok,parser_error,unknown,unknown,false,3099,97343,,left_recursion,PredictionError (SpLeftRecursion 0)
1,20260726T135725.806593Z,earley,cfg2,Right-recursive: S → a S | a,costar,earley.cfg2.n039,n039,n,39,39,a a a a a a a a a a a a a a a a a a a a a a a a a a a a a a a a a a a a a a a,18eb99b1deb5a8851590d9f68f7f327bf8a6ad1f6de24b78842bce7ede036532,60.0,ok,accept,true,unique,true,91075,166102,,,
1,20260726T135725.806593Z,earley,cfg1,Ambiguous binary concatenation: S → S S | a,costar,earley.cfg1.n063,n063,n,63,63,a a a a a a a a a a a a a a a a a a a a a a a a a a a a a a a a a a a a a a a a a a a a a a a a a a a a a a a a a a a a a a a,bd61fffc8dc55a105796ce4395d2822c95221106e3dce37912b244042a801b52,60.0,ok,parser_error,unknown,unknown,false,953,141567,,left_recursion,PredictionError (SpLeftRecursion 0)
1,20260726T135725.806593Z,earley,cfg1,Ambiguous binary concatenation: S → S S | a,costar,earley.cfg1.n065,n065,n,65,65,a a a a a a a a a a a a a a a a a a a a a a a a a a a a a a a a a a a a a a a a a a a a a a a a a a a a a a a a a a a a a a a a a,32db1b66466ec271199a28a886eab9eef6f72a88d1dd49de6c67a73925842bfa,60.0,ok,parser_error,unknown,unknown,false,953,105980,,left_recursion,PredictionError (SpLeftRecursion 0)
1,20260726T135725.806593Z,earley,cfg2,Right-recursive: S → a S | a,costar,earley.cfg2.n041,n041,n,41,41,a a a a a a a a a a a a a a a a a a a a a a a a a a a a a a a a a a a a a a a a a,5b8435430a4e0f3739618b616494cef52d305f069f4f8f145cd40257d5eb8ca2,60.0,ok,accept,true,unique,true,102996,233158,,,
1,20260726T135725.806593Z,earley,cfg2,Right-recursive: S → a S | a,costar,earley.cfg2.n043,n043,n,43,43,a a a a a a a a a a a a a a a a a a a a a a a a a a a a a a a a a a a a a a a a a a a,d578dc3affc8d9ac05571b77cd6aa8bb3e86c14a13d0ca1cbd18741b0eb84a0d,60.0,ok,accept,true,unique,true,87022,168136,,,
1,20260726T135725.806593Z,earley,cfg2,Right-recursive: S → a S | a,costar,earley.cfg2.n045,n045,n,45,45,a a a a a a a a a a a a a a a a a a a a a a a a a a a a a a a a a a a a a a a a a a a a a,95a07021a688c4b629f8896d95faeb2557e8b2db62a670f72409a59a6d2ed69d,60.0,ok,accept,true,unique,true,95844,260339,,,
1,20260726T135725.806593Z,earley,cfg2,Right-recursive: S → a S | a,costar,earley.cfg2.n047,n047,n,47,47,a a a a a a a a a a a a a a a a a a a a a a a a a a a a a a a a a a a a a a a a a a a a a a a,0a227f109e85e841c1599966769c16123edf77b848a8c2ce018c8b66763a1759,60.0,ok,accept,true,unique,true,98943,390585,,,
1,20260726T135725.806593Z,earley,cfg2,Right-recursive: S → a S | a,costar,earley.cfg2.n049,n049,n,49,49,a a a a a a a a a a a a a a a a a a a a a a a a a a a a a a a a a a a a a a a a a a a a a a a a a,99e8c0fe4c88f0445b7bdd1ddd8903d345647bb315228d3ed9b8e3f9a1453067,60.0,ok,accept,true,unique,true,123977,180911,,,
1,20260726T135725.806593Z,earley,cfg2,Right-recursive: S → a S | a,costar,earley.cfg2.n051,n051,n,51,51,a a a a a a a a a a a a a a a a a a a a a a a a a a a a a a a a a a a a a a a a a a a a a a a a a a a,08f26910e932063059fae5c479867d6997cf56d64a6ad0363853dd6848e5a131,60.0,ok,accept,true,unique,true,79870,136156,,,
1,20260726T135725.806593Z,earley,cfg2,Right-recursive: S → a S | a,costar,earley.cfg2.n053,n053,n,53,53,a a a a a a a a a a a a a a a a a a a a a a a a a a a a a a a a a a a a a a a a a a a a a a a a a a a a a,9a57ed48fdc55fce48079815c33dec4ee1dfb5e7c9acf3ce1ae1102961759834,60.0,ok,accept,true,unique,true,160932,222950,,,
1,20260726T135725.806593Z,earley,cfg2,Right-recursive: S → a S | a,costar,earley.cfg2.n055,n055,n,55,55,a a a a a a a a a a a a a a a a a a a a a a a a a a a a a a a a a a a a a a a a a a a a a a a a a a a a a a a,397471ff60216f6a8bae3bf00d4f76e8643bb5dac774582749fc24ef11816b24,60.0,ok,accept,true,unique,true,32186,79830,,,
1,20260726T135725.806593Z,earley,cfg2,Right-recursive: S → a S | a,costar,earley.cfg2.n057,n057,n,57,57,a a a a a a a a a a a a a a a a a a a a a a a a a a a a a a a a a a a a a a a a a a a a a a a a a a a a a a a a a,b6388e1e8f6c10ccc2277fad64251a43a039604b11b2e3c9e3b9c331e606dc3a,60.0,ok,accept,true,unique,true,30994,73929,,,
1,20260726T135725.806593Z,earley,cfg2,Right-recursive: S → a S | a,costar,earley.cfg2.n059,n059,n,59,59,a a a a a a a a a a a a a a a a a a a a a a a a a a a a a a a a a a a a a a a a a a a a a a a a a a a a a a a a a a a,9e271998808c273754c2be85eeb5ef9477ebdfddc4375a4f82ed6e8d64734550,60.0,ok,accept,true,unique,true,31948,75041,,,
1,20260726T135725.806593Z,earley,cfg2,Right-recursive: S → a S | a,costar,earley.cfg2.n061,n061,n,61,61,a a a a a a a a a a a a a a a a a a a a a a a a a a a a a a a a a a a a a a a a a a a a a a a a a a a a a a a a a a a a a,8b72598a941c6c337740fe03485056c52ff6ea510c78629e8029d2b497447e93,60.0,ok,accept,true,unique,true,33855,75873,,,
1,20260726T135725.806593Z,earley,cfg2,Right-recursive: S → a S | a,costar,earley.cfg2.n063,n063,n,63,63,a a a a a a a a a a a a a a a a a a a a a a a a a a a a a a a a a a a a a a a a a a a a a a a a a a a a a a a a a a a a a a a,bd61fffc8dc55a105796ce4395d2822c95221106e3dce37912b244042a801b52,60.0,ok,accept,true,unique,true,35047,78037,,,
1,20260726T135725.806593Z,earley,cfg2,Right-recursive: S → a S | a,costar,earley.cfg2.n065,n065,n,65,65,a a a a a a a a a a a a a a a a a a a a a a a a a a a a a a a a a a a a a a a a a a a a a a a a a a a a a a a a a a a a a a a a a,32db1b66466ec271199a28a886eab9eef6f72a88d1dd49de6c67a73925842bfa,60.0,ok,accept,true,unique,true,41007,87936,,,
1,20260726T135725.806593Z,earley,cfg2,Right-recursive: S → a S | a,lean,earley.cfg2.n001,n001,n,1,1,a,ca978112ca1bbdcafac231b39a23dc4da786eff8147c4e72b9807785afee48bb,60.0,ok,accept,true,unknown,true,81704,278594,,,
1,20260726T135725.806593Z,earley,cfg1,Ambiguous binary concatenation: S → S S | a,lean,earley.cfg1.n001,n001,n,1,1,a,ca978112ca1bbdcafac231b39a23dc4da786eff8147c4e72b9807785afee48bb,60.0,ok,accept,true,unknown,true,67176,329420,,,
1,20260726T135725.806593Z,earley,cfg2,Right-recursive: S → a S | a,lean,earley.cfg2.n003,n003,n,3,3,a a a,bb6e995be430b5ada013a56dd224abfddbeff83ef54dd2fef79470c6cf440919,60.0,ok,accept,true,unknown,true,108284,165031,,,
1,20260726T135725.806593Z,earley,cfg2,Right-recursive: S → a S | a,lean,earley.cfg2.n005,n005,n,5,5,a a a a a,dcf26724f098d41cc1f3fbeee167bde3aab05eb59e85eaf77318374c136d82a1,60.0,ok,accept,true,unknown,true,233278,297680,,,
1,20260726T135725.806593Z,earley,cfg2,Right-recursive: S → a S | a,lean,earley.cfg2.n007,n007,n,7,7,a a a a a a a,c39b9e5f245ca64e7524d3d027ef1b7cbd9c9f2eba54ca591c7ecd770a2a07d7,60.0,ok,accept,true,unknown,true,385064,453994,,,
1,20260726T135725.806593Z,earley,cfg1,Ambiguous binary concatenation: S → S S | a,lean,earley.cfg1.n003,n003,n,3,3,a a a,bb6e995be430b5ada013a56dd224abfddbeff83ef54dd2fef79470c6cf440919,60.0,ok,accept,true,unknown,true,880857,1014569,,,
1,20260726T135725.806593Z,earley,cfg2,Right-recursive: S → a S | a,lean,earley.cfg2.n009,n009,n,9,9,a a a a a a a a a,5246bd9d247b3551cdb6eba59ea82519f675b231f59836e63169ee5864f90046,60.0,ok,accept,true,unknown,true,582617,673587,,,
1,20260726T135725.806593Z,earley,cfg2,Right-recursive: S → a S | a,lean,earley.cfg2.n011,n011,n,11,11,a a a a a a a a a a a,b83899a801d9f023f810c6e76f61d7bf5973986bd70abc4cc2863d97f9b2d782,60.0,ok,accept,true,unknown,true,872501,955507,,,
1,20260726T135725.806593Z,earley,cfg2,Right-recursive: S → a S | a,lean,earley.cfg2.n013,n013,n,13,13,a a a a a a a a a a a a a,0f19eca59bf1d47974b3df7c910fa2f7d0addfc109d422fe8c6a368c7b780a13,60.0,ok,accept,true,unknown,true,1328830,1456059,,,
1,20260726T135725.806593Z,earley,cfg2,Right-recursive: S → a S | a,lean,earley.cfg2.n015,n015,n,15,15,a a a a a a a a a a a a a a a,3416fc43996281553685fd94058cc330ea85b1701526c7b29085904306440a1f,60.0,ok,accept,true,unknown,true,2023066,2167717,,,
1,20260726T135725.806593Z,earley,cfg1,Ambiguous binary concatenation: S → S S | a,lean,earley.cfg1.n005,n005,n,5,5,a a a a a,dcf26724f098d41cc1f3fbeee167bde3aab05eb59e85eaf77318374c136d82a1,60.0,ok,accept,true,unknown,true,5269443,5482623,,,
1,20260726T135725.806593Z,earley,cfg3,Odd nested language: S → a S a | a,lean,earley.cfg3.n001,n001,n,1,1,a,ca978112ca1bbdcafac231b39a23dc4da786eff8147c4e72b9807785afee48bb,60.0,ok,accept,true,unknown,true,41828,114165,,,
1,20260726T135725.806593Z,earley,cfg3,Odd nested language: S → a S a | a,lean,earley.cfg3.n003,n003,n,3,3,a a a,bb6e995be430b5ada013a56dd224abfddbeff83ef54dd2fef79470c6cf440919,60.0,ok,accept,true,unknown,true,91732,144912,,,
1,20260726T135725.806593Z,earley,cfg3,Odd nested language: S → a S a | a,lean,earley.cfg3.n005,n005,n,5,5,a a a a a,dcf26724f098d41cc1f3fbeee167bde3aab05eb59e85eaf77318374c136d82a1,60.0,ok,accept,true,unknown,true,188645,260951,,,
1,20260726T135725.806593Z,earley,cfg2,Right-recursive: S → a S | a,lean,earley.cfg2.n017,n017,n,17,17,a a a a a a a a a a a a a a a a a,3bccac4813bc2f376ff12845988fa5e600575c184ac5f21ab1b8915969532a0a,60.0,ok,accept,true,unknown,true,2575345,2682286,,,
1,20260726T135725.806593Z,earley,cfg3,Odd nested language: S → a S a | a,lean,earley.cfg3.n007,n007,n,7,7,a a a a a a a,c39b9e5f245ca64e7524d3d027ef1b7cbd9c9f2eba54ca591c7ecd770a2a07d7,60.0,ok,accept,true,unknown,true,388992,458392,,,
1,20260726T135725.806593Z,earley,cfg3,Odd nested language: S → a S a | a,lean,earley.cfg3.n009,n009,n,9,9,a a a a a a a a a,5246bd9d247b3551cdb6eba59ea82519f675b231f59836e63169ee5864f90046,60.0,ok,accept,true,unknown,true,522493,595621,,,
1,20260726T135725.806593Z,earley,cfg3,Odd nested language: S → a S a | a,lean,earley.cfg3.n011,n011,n,11,11,a a a a a a a a a a a,b83899a801d9f023f810c6e76f61d7bf5973986bd70abc4cc2863d97f9b2d782,60.0,ok,accept,true,unknown,true,868414,966418,,,
1,20260726T135725.806593Z,earley,cfg3,Odd nested language: S → a S a | a,lean,earley.cfg3.n013,n013,n,13,13,a a a a a a a a a a a a a,0f19eca59bf1d47974b3df7c910fa2f7d0addfc109d422fe8c6a368c7b780a13,60.0,ok,accept,true,unknown,true,1684369,1800076,,,
1,20260726T135725.806593Z,earley,cfg2,Right-recursive: S → a S | a,lean,earley.cfg2.n019,n019,n,19,19,a a a a a a a a a a a a a a a a a a a,92e55c5847d9d2f40be9a63ff52228772e1f012e98e45af96f74f7d6dd44c6e0,60.0,ok,accept,true,unknown,true,3619569,3767297,,,
1,20260726T135725.806593Z,earley,cfg3,Odd nested language: S → a S a | a,lean,earley.cfg3.n015,n015,n,15,15,a a a a a a a a a a a a a a a,3416fc43996281553685fd94058cc330ea85b1701526c7b29085904306440a1f,60.0,ok,accept,true,unknown,true,1370007,1457652,,,
1,20260726T135725.806593Z,earley,cfg3,Odd nested language: S → a S a | a,lean,earley.cfg3.n017,n017,n,17,17,a a a a a a a a a a a a a a a a a,3bccac4813bc2f376ff12845988fa5e600575c184ac5f21ab1b8915969532a0a,60.0,ok,accept,true,unknown,true,1760001,1858035,,,
1,20260726T135725.806593Z,earley,cfg2,Right-recursive: S → a S | a,lean,earley.cfg2.n021,n021,n,21,21,a a a a a a a a a a a a a a a a a a a a a,52267fe9dc1a9390da3667ab75f1a4aca55c6d4f1325144f5c8e29b5727e2c8e,60.0,ok,accept,true,unknown,true,4660307,4771787,,,
1,20260726T135725.806593Z,earley,cfg3,Odd nested language: S → a S a | a,lean,earley.cfg3.n019,n019,n,19,19,a a a a a a a a a a a a a a a a a a a,92e55c5847d9d2f40be9a63ff52228772e1f012e98e45af96f74f7d6dd44c6e0,60.0,ok,accept,true,unknown,true,2273347,2359779,,,
1,20260726T135725.806593Z,earley,cfg3,Odd nested language: S → a S a | a,lean,earley.cfg3.n021,n021,n,21,21,a a a a a a a a a a a a a a a a a a a a a,52267fe9dc1a9390da3667ab75f1a4aca55c6d4f1325144f5c8e29b5727e2c8e,60.0,ok,accept,true,unknown,true,3461562,3606033,,,
1,20260726T135725.806593Z,earley,cfg1,Ambiguous binary concatenation: S → S S | a,lean,earley.cfg1.n007,n007,n,7,7,a a a a a a a,c39b9e5f245ca64e7524d3d027ef1b7cbd9c9f2eba54ca591c7ecd770a2a07d7,60.0,ok,accept,true,unknown,true,16188303,16330981,,,
1,20260726T135725.806593Z,earley,cfg2,Right-recursive: S → a S | a,lean,earley.cfg2.n023,n023,n,23,23,a a a a a a a a a a a a a a a a a a a a a a a,e6799515bcbdd5ee6b53fe012a758de396640e9a8320bb62c60a135e2f2ed0a9,60.0,ok,accept,true,unknown,true,5592922,5706334,,,
1,20260726T135725.806593Z,earley,cfg3,Odd nested language: S → a S a | a,lean,earley.cfg3.n023,n023,n,23,23,a a a a a a a a a a a a a a a a a a a a a a a,e6799515bcbdd5ee6b53fe012a758de396640e9a8320bb62c60a135e2f2ed0a9,60.0,ok,accept,true,unknown,true,3895918,4071369,,,
1,20260726T135725.806593Z,earley,cfg2,Right-recursive: S → a S | a,lean,earley.cfg2.n025,n025,n,25,25,a a a a a a a a a a a a a a a a a a a a a a a a a,81b5dccafd39c94829cdd6dbdb721e4bda6c9389d4a1928b885745a4a2398e96,60.0,ok,accept,true,unknown,true,7265528,7517792,,,
1,20260726T135725.806593Z,earley,cfg3,Odd nested language: S → a S a | a,lean,earley.cfg3.n025,n025,n,25,25,a a a a a a a a a a a a a a a a a a a a a a a a a,81b5dccafd39c94829cdd6dbdb721e4bda6c9389d4a1928b885745a4a2398e96,60.0,ok,accept,true,unknown,true,4585155,4791814,,,
1,20260726T135725.806593Z,earley,cfg3,Odd nested language: S → a S a | a,lean,earley.cfg3.n027,n027,n,27,27,a a a a a a a a a a a a a a a a a a a a a a a a a a a,2944e42c73262f1a71f9cef1670de3dfc87e6510817754bbe9215a96a5616aea,60.0,ok,accept,true,unknown,true,5702418,6174906,,,
1,20260726T135725.806593Z,earley,cfg2,Right-recursive: S → a S | a,lean,earley.cfg2.n027,n027,n,27,27,a a a a a a a a a a a a a a a a a a a a a a a a a a a,2944e42c73262f1a71f9cef1670de3dfc87e6510817754bbe9215a96a5616aea,60.0,ok,accept,true,unknown,true,9254289,9509950,,,
1,20260726T135725.806593Z,earley,cfg3,Odd nested language: S → a S a | a,lean,earley.cfg3.n029,n029,n,29,29,a a a a a a a a a a a a a a a a a a a a a a a a a a a a a,b00b82e962602fde3c0b9ec3258ae2bae3861496472ef35ea0ba894fb1b36288,60.0,ok,accept,true,unknown,true,6671621,6933463,,,
1,20260726T135725.806593Z,earley,cfg2,Right-recursive: S → a S | a,lean,earley.cfg2.n029,n029,n,29,29,a a a a a a a a a a a a a a a a a a a a a a a a a a a a a,b00b82e962602fde3c0b9ec3258ae2bae3861496472ef35ea0ba894fb1b36288,60.0,ok,accept,true,unknown,true,11062340,11403602,,,
1,20260726T135725.806593Z,earley,cfg3,Odd nested language: S → a S a | a,lean,earley.cfg3.n031,n031,n,31,31,a a a a a a a a a a a a a a a a a a a a a a a a a a a a a a a,e2fbf1eb4eccda81f87022da47d499b7c72107a7be5019bdd0123102dedd9a86,60.0,ok,accept,true,unknown,true,8003797,8180779,,,
1,20260726T135725.806593Z,earley,cfg3,Odd nested language: S → a S a | a,lean,earley.cfg3.n033,n033,n,33,33,a a a a a a a a a a a a a a a a a a a a a a a a a a a a a a a a a,65c4a3b876195f39e99ad322a645f2b6badd45a8457409eff406f2b517494769,60.0,ok,accept,true,unknown,true,10276211,10544506,,,
1,20260726T135725.806593Z,earley,cfg2,Right-recursive: S → a S | a,lean,earley.cfg2.n031,n031,n,31,31,a a a a a a a a a a a a a a a a a a a a a a a a a a a a a a a,e2fbf1eb4eccda81f87022da47d499b7c72107a7be5019bdd0123102dedd9a86,60.0,ok,accept,true,unknown,true,14010596,14399598,,,
1,20260726T135725.806593Z,earley,cfg1,Ambiguous binary concatenation: S → S S | a,lean,earley.cfg1.n009,n009,n,9,9,a a a a a a a a a,5246bd9d247b3551cdb6eba59ea82519f675b231f59836e63169ee5864f90046,60.0,ok,accept,true,unknown,true,48357058,48662802,,,
1,20260726T135725.806593Z,earley,cfg3,Odd nested language: S → a S a | a,lean,earley.cfg3.n035,n035,n,35,35,a a a a a a a a a a a a a a a a a a a a a a a a a a a a a a a a a a a,75aa41a2c242377f26ddd63029462f47576aaf2dd3fe5ae73041196b9087bce2,60.0,ok,accept,true,unknown,true,12767608,13032155,,,
1,20260726T135725.806593Z,earley,cfg2,Right-recursive: S → a S | a,lean,earley.cfg2.n033,n033,n,33,33,a a a a a a a a a a a a a a a a a a a a a a a a a a a a a a a a a,65c4a3b876195f39e99ad322a645f2b6badd45a8457409eff406f2b517494769,60.0,ok,accept,true,unknown,true,18402748,18802641,,,
1,20260726T135725.806593Z,earley,cfg3,Odd nested language: S → a S a | a,lean,earley.cfg3.n037,n037,n,37,37,a a a a a a a a a a a a a a a a a a a a a a a a a a a a a a a a a a a a a,b26448b546ae7e5bdd674af8247e59052302dbaefba9b9466382f96d0546b77a,60.0,ok,accept,true,unknown,true,17205467,17580342,,,
1,20260726T135725.806593Z,earley,cfg2,Right-recursive: S → a S | a,lean,earley.cfg2.n035,n035,n,35,35,a a a a a a a a a a a a a a a a a a a a a a a a a a a a a a a a a a a,75aa41a2c242377f26ddd63029462f47576aaf2dd3fe5ae73041196b9087bce2,60.0,ok,accept,true,unknown,true,22291644,22730791,,,
1,20260726T135725.806593Z,earley,cfg3,Odd nested language: S → a S a | a,lean,earley.cfg3.n039,n039,n,39,39,a a a a a a a a a a a a a a a a a a a a a a a a a a a a a a a a a a a a a a a,18eb99b1deb5a8851590d9f68f7f327bf8a6ad1f6de24b78842bce7ede036532,60.0,ok,accept,true,unknown,true,16997344,17307849,,,
1,20260726T135725.806593Z,earley,cfg3,Odd nested language: S → a S a | a,lean,earley.cfg3.n041,n041,n,41,41,a a a a a a a a a a a a a a a a a a a a a a a a a a a a a a a a a a a a a a a a a,5b8435430a4e0f3739618b616494cef52d305f069f4f8f145cd40257d5eb8ca2,60.0,ok,accept,true,unknown,true,17747586,18037221,,,
1,20260726T135725.806593Z,earley,cfg2,Right-recursive: S → a S | a,lean,earley.cfg2.n037,n037,n,37,37,a a a a a a a a a a a a a a a a a a a a a a a a a a a a a a a a a a a a a,b26448b546ae7e5bdd674af8247e59052302dbaefba9b9466382f96d0546b77a,60.0,ok,accept,true,unknown,true,23755628,24146864,,,
1,20260726T135725.806593Z,earley,cfg3,Odd nested language: S → a S a | a,lean,earley.cfg3.n043,n043,n,43,43,a a a a a a a a a a a a a a a a a a a a a a a a a a a a a a a a a a a a a a a a a a a,d578dc3affc8d9ac05571b77cd6aa8bb3e86c14a13d0ca1cbd18741b0eb84a0d,60.0,ok,accept,true,unknown,true,19807321,20171556,,,
1,20260726T135725.806593Z,earley,cfg2,Right-recursive: S → a S | a,lean,earley.cfg2.n039,n039,n,39,39,a a a a a a a a a a a a a a a a a a a a a a a a a a a a a a a a a a a a a a a,18eb99b1deb5a8851590d9f68f7f327bf8a6ad1f6de24b78842bce7ede036532,60.0,ok,accept,true,unknown,true,26342525,26835652,,,
1,20260726T135725.806593Z,earley,cfg3,Odd nested language: S → a S a | a,lean,earley.cfg3.n045,n045,n,45,45,a a a a a a a a a a a a a a a a a a a a a a a a a a a a a a a a a a a a a a a a a a a a a,95a07021a688c4b629f8896d95faeb2557e8b2db62a670f72409a59a6d2ed69d,60.0,ok,accept,true,unknown,true,24058558,24669037,,,
1,20260726T135725.806593Z,earley,cfg1,Ambiguous binary concatenation: S → S S | a,lean,earley.cfg1.n011,n011,n,11,11,a a a a a a a a a a a,b83899a801d9f023f810c6e76f61d7bf5973986bd70abc4cc2863d97f9b2d782,60.0,ok,accept,true,unknown,true,118628400,118911653,,,
1,20260726T135725.806593Z,earley,cfg2,Right-recursive: S → a S | a,lean,earley.cfg2.n041,n041,n,41,41,a a a a a a a a a a a a a a a a a a a a a a a a a a a a a a a a a a a a a a a a a,5b8435430a4e0f3739618b616494cef52d305f069f4f8f145cd40257d5eb8ca2,60.0,ok,accept,true,unknown,true,36042141,36648162,,,
1,20260726T135725.806593Z,earley,cfg3,Odd nested language: S → a S a | a,lean,earley.cfg3.n047,n047,n,47,47,a a a a a a a a a a a a a a a a a a a a a a a a a a a a a a a a a a a a a a a a a a a a a a a,0a227f109e85e841c1599966769c16123edf77b848a8c2ce018c8b66763a1759,60.0,ok,accept,true,unknown,true,25815643,26294474,,,
1,20260726T135725.806593Z,earley,cfg3,Odd nested language: S → a S a | a,lean,earley.cfg3.n049,n049,n,49,49,a a a a a a a a a a a a a a a a a a a a a a a a a a a a a a a a a a a a a a a a a a a a a a a a a,99e8c0fe4c88f0445b7bdd1ddd8903d345647bb315228d3ed9b8e3f9a1453067,60.0,ok,accept,true,unknown,true,33192480,33652446,,,
1,20260726T135725.806593Z,earley,cfg2,Right-recursive: S → a S | a,lean,earley.cfg2.n043,n043,n,43,43,a a a a a a a a a a a a a a a a a a a a a a a a a a a a a a a a a a a a a a a a a a a,d578dc3affc8d9ac05571b77cd6aa8bb3e86c14a13d0ca1cbd18741b0eb84a0d,60.0,ok,accept,true,unknown,true,43403830,44001123,,,
1,20260726T135725.806593Z,earley,cfg3,Odd nested language: S → a S a | a,lean,earley.cfg3.n051,n051,n,51,51,a a a a a a a a a a a a a a a a a a a a a a a a a a a a a a a a a a a a a a a a a a a a a a a a a a a,08f26910e932063059fae5c479867d6997cf56d64a6ad0363853dd6848e5a131,60.0,ok,accept,true,unknown,true,44066116,44576495,,,
1,20260726T135725.806593Z,earley,cfg2,Right-recursive: S → a S | a,lean,earley.cfg2.n045,n045,n,45,45,a a a a a a a a a a a a a a a a a a a a a a a a a a a a a a a a a a a a a a a a a a a a a,95a07021a688c4b629f8896d95faeb2557e8b2db62a670f72409a59a6d2ed69d,60.0,ok,accept,true,unknown,true,51211086,51875166,,,
1,20260726T135725.806593Z,earley,cfg3,Odd nested language: S → a S a | a,lean,earley.cfg3.n053,n053,n,53,53,a a a a a a a a a a a a a a a a a a a a a a a a a a a a a a a a a a a a a a a a a a a a a a a a a a a a a,9a57ed48fdc55fce48079815c33dec4ee1dfb5e7c9acf3ce1ae1102961759834,60.0,ok,accept,true,unknown,true,54209447,54698767,,,
1,20260726T135725.806593Z,earley,cfg2,Right-recursive: S → a S | a,lean,earley.cfg2.n047,n047,n,47,47,a a a a a a a a a a a a a a a a a a a a a a a a a a a a a a a a a a a a a a a a a a a a a a a,0a227f109e85e841c1599966769c16123edf77b848a8c2ce018c8b66763a1759,60.0,ok,accept,true,unknown,true,58042448,58701107,,,
1,20260726T135725.806593Z,earley,cfg3,Odd nested language: S → a S a | a,lean,earley.cfg3.n055,n055,n,55,55,a a a a a a a a a a a a a a a a a a a a a a a a a a a a a a a a a a a a a a a a a a a a a a a a a a a a a a a,397471ff60216f6a8bae3bf00d4f76e8643bb5dac774582749fc24ef11816b24,60.0,ok,accept,true,unknown,true,42362170,42787881,,,
1,20260726T135725.806593Z,earley,cfg2,Right-recursive: S → a S | a,lean,earley.cfg2.n049,n049,n,49,49,a a a a a a a a a a a a a a a a a a a a a a a a a a a a a a a a a a a a a a a a a a a a a a a a a,99e8c0fe4c88f0445b7bdd1ddd8903d345647bb315228d3ed9b8e3f9a1453067,60.0,ok,accept,true,unknown,true,51412316,52555236,,,
1,20260726T135725.806593Z,earley,cfg3,Odd nested language: S → a S a | a,lean,earley.cfg3.n057,n057,n,57,57,a a a a a a a a a a a a a a a a a a a a a a a a a a a a a a a a a a a a a a a a a a a a a a a a a a a a a a a a a,b6388e1e8f6c10ccc2277fad64251a43a039604b11b2e3c9e3b9c331e606dc3a,60.0,ok,accept,true,unknown,true,42939376,43502175,,,
1,20260726T135725.806593Z,earley,cfg1,Ambiguous binary concatenation: S → S S | a,lean,earley.cfg1.n013,n013,n,13,13,a a a a a a a a a a a a a,0f19eca59bf1d47974b3df7c910fa2f7d0addfc109d422fe8c6a368c7b780a13,60.0,ok,accept,true,unknown,true,275401476,275842927,,,
1,20260726T135725.806593Z,earley,cfg2,Right-recursive: S → a S | a,lean,earley.cfg2.n051,n051,n,51,51,a a a a a a a a a a a a a a a a a a a a a a a a a a a a a a a a a a a a a a a a a a a a a a a a a a a,08f26910e932063059fae5c479867d6997cf56d64a6ad0363853dd6848e5a131,60.0,ok,accept,true,unknown,true,63155666,63819445,,,
1,20260726T135725.806593Z,earley,cfg3,Odd nested language: S → a S a | a,lean,earley.cfg3.n059,n059,n,59,59,a a a a a a a a a a a a a a a a a a a a a a a a a a a a a a a a a a a a a a a a a a a a a a a a a a a a a a a a a a a,9e271998808c273754c2be85eeb5ef9477ebdfddc4375a4f82ed6e8d64734550,60.0,ok,accept,true,unknown,true,47150248,47591858,,,
1,20260726T135725.806593Z,earley,cfg3,Odd nested language: S → a S a | a,lean,earley.cfg3.n061,n061,n,61,61,a a a a a a a a a a a a a a a a a a a a a a a a a a a a a a a a a a a a a a a a a a a a a a a a a a a a a a a a a a a a a,8b72598a941c6c337740fe03485056c52ff6ea510c78629e8029d2b497447e93,60.0,ok,accept,true,unknown,true,52282812,52812920,,,
1,20260726T135725.806593Z,earley,cfg2,Right-recursive: S → a S | a,lean,earley.cfg2.n053,n053,n,53,53,a a a a a a a a a a a a a a a a a a a a a a a a a a a a a a a a a a a a a a a a a a a a a a a a a a a a a,9a57ed48fdc55fce48079815c33dec4ee1dfb5e7c9acf3ce1ae1102961759834,60.0,ok,accept,true,unknown,true,67595869,68516872,,,
1,20260726T135725.806593Z,earley,cfg3,Odd nested language: S → a S a | a,lean,earley.cfg3.n063,n063,n,63,63,a a a a a a a a a a a a a a a a a a a a a a a a a a a a a a a a a a a a a a a a a a a a a a a a a a a a a a a a a a a a a a a,bd61fffc8dc55a105796ce4395d2822c95221106e3dce37912b244042a801b52,60.0,ok,accept,true,unknown,true,65986872,66513803,,,
1,20260726T135725.806593Z,earley,cfg2,Right-recursive: S → a S | a,lean,earley.cfg2.n055,n055,n,55,55,a a a a a a a a a a a a a a a a a a a a a a a a a a a a a a a a a a a a a a a a a a a a a a a a a a a a a a a,397471ff60216f6a8bae3bf00d4f76e8643bb5dac774582749fc24ef11816b24,60.0,ok,accept,true,unknown,true,92468619,93654841,,,
1,20260726T135725.806593Z,earley,cfg3,Odd nested language: S → a S a | a,lean,earley.cfg3.n065,n065,n,65,65,a a a a a a a a a a a a a a a a a a a a a a a a a a a a a a a a a a a a a a a a a a a a a a a a a a a a a a a a a a a a a a a a a,32db1b66466ec271199a28a886eab9eef6f72a88d1dd49de6c67a73925842bfa,60.0,ok,accept,true,unknown,true,72140218,72715420,,,
1,20260726T135725.806593Z,earley,cfg3,Odd nested language: S → a S a | a,costar,earley.cfg3.n001,n001,n,1,1,a,ca978112ca1bbdcafac231b39a23dc4da786eff8147c4e72b9807785afee48bb,60.0,ok,accept,true,unique,true,5960,113273,,,
1,20260726T135725.806593Z,earley,cfg3,Odd nested language: S → a S a | a,costar,earley.cfg3.n003,n003,n,3,3,a a a,bb6e995be430b5ada013a56dd224abfddbeff83ef54dd2fef79470c6cf440919,60.0,ok,accept,true,unique,true,24080,100810,,,
1,20260726T135725.806593Z,earley,cfg3,Odd nested language: S → a S a | a,costar,earley.cfg3.n005,n005,n,5,5,a a a a a,dcf26724f098d41cc1f3fbeee167bde3aab05eb59e85eaf77318374c136d82a1,60.0,ok,accept,true,unique,true,66995,137769,,,
1,20260726T135725.806593Z,earley,cfg3,Odd nested language: S → a S a | a,costar,earley.cfg3.n007,n007,n,7,7,a a a a a a a,c39b9e5f245ca64e7524d3d027ef1b7cbd9c9f2eba54ca591c7ecd770a2a07d7,60.0,ok,accept,true,unique,true,122070,207140,,,
1,20260726T135725.806593Z,earley,cfg3,Odd nested language: S → a S a | a,costar,earley.cfg3.n009,n009,n,9,9,a a a a a a a a a,5246bd9d247b3551cdb6eba59ea82519f675b231f59836e63169ee5864f90046,60.0,ok,accept,true,unique,true,260114,348846,,,
1,20260726T135725.806593Z,earley,cfg3,Odd nested language: S → a S a | a,costar,earley.cfg3.n011,n011,n,11,11,a a a a a a a a a a a,b83899a801d9f023f810c6e76f61d7bf5973986bd70abc4cc2863d97f9b2d782,60.0,ok,accept,true,unique,true,299215,391938,,,
1,20260726T135725.806593Z,earley,cfg3,Odd nested language: S → a S a | a,costar,earley.cfg3.n013,n013,n,13,13,a a a a a a a a a a a a a,0f19eca59bf1d47974b3df7c910fa2f7d0addfc109d422fe8c6a368c7b780a13,60.0,ok,accept,true,unique,true,553131,677545,,,
1,20260726T135725.806593Z,earley,cfg3,Odd nested language: S → a S a | a,costar,earley.cfg3.n015,n015,n,15,15,a a a a a a a a a a a a a a a,3416fc43996281553685fd94058cc330ea85b1701526c7b29085904306440a1f,60.0,ok,accept,true,unique,true,596046,723160,,,
1,20260726T135725.806593Z,earley,cfg3,Odd nested language: S → a S a | a,costar,earley.cfg3.n017,n017,n,17,17,a a a a a a a a a a a a a a a a a,3bccac4813bc2f376ff12845988fa5e600575c184ac5f21ab1b8915969532a0a,60.0,ok,accept,true,unique,true,423908,516532,,,
1,20260726T135725.806593Z,earley,cfg3,Odd nested language: S → a S a | a,costar,earley.cfg3.n019,n019,n,19,19,a a a a a a a a a a a a a a a a a a a,92e55c5847d9d2f40be9a63ff52228772e1f012e98e45af96f74f7d6dd44c6e0,60.0,ok,accept,true,unique,true,713109,809983,,,
1,20260726T135725.806593Z,earley,cfg3,Odd nested language: S → a S a | a,costar,earley.cfg3.n021,n021,n,21,21,a a a a a a a a a a a a a a a a a a a a a,52267fe9dc1a9390da3667ab75f1a4aca55c6d4f1325144f5c8e29b5727e2c8e,60.0,ok,accept,true,unique,true,793933,888331,,,
1,20260726T135725.806593Z,earley,cfg3,Odd nested language: S → a S a | a,costar,earley.cfg3.n023,n023,n,23,23,a a a a a a a a a a a a a a a a a a a a a a a,e6799515bcbdd5ee6b53fe012a758de396640e9a8320bb62c60a135e2f2ed0a9,60.0,ok,accept,true,unique,true,1080989,1206720,,,
1,20260726T135725.806593Z,earley,cfg3,Odd nested language: S → a S a | a,costar,earley.cfg3.n025,n025,n,25,25,a a a a a a a a a a a a a a a a a a a a a a a a a,81b5dccafd39c94829cdd6dbdb721e4bda6c9389d4a1928b885745a4a2398e96,60.0,ok,accept,true,unique,true,1429080,1592465,,,
1,20260726T135725.806593Z,earley,cfg3,Odd nested language: S → a S a | a,costar,earley.cfg3.n027,n027,n,27,27,a a a a a a a a a a a a a a a a a a a a a a a a a a a,2944e42c73262f1a71f9cef1670de3dfc87e6510817754bbe9215a96a5616aea,60.0,ok,accept,true,unique,true,1627922,1807280,,,
1,20260726T135725.806593Z,earley,cfg3,Odd nested language: S → a S a | a,costar,earley.cfg3.n029,n029,n,29,29,a a a a a a a a a a a a a a a a a a a a a a a a a a a a a,b00b82e962602fde3c0b9ec3258ae2bae3861496472ef35ea0ba894fb1b36288,60.0,ok,accept,true,unique,true,2059936,2216289,,,
1,20260726T135725.806593Z,earley,cfg3,Odd nested language: S → a S a | a,costar,earley.cfg3.n031,n031,n,31,31,a a a a a a a a a a a a a a a a a a a a a a a a a a a a a a a,e2fbf1eb4eccda81f87022da47d499b7c72107a7be5019bdd0123102dedd9a86,60.0,ok,accept,true,unique,true,2587080,2777826,,,
1,20260726T135725.806593Z,earley,cfg3,Odd nested language: S → a S a | a,costar,earley.cfg3.n033,n033,n,33,33,a a a a a a a a a a a a a a a a a a a a a a a a a a a a a a a a a,65c4a3b876195f39e99ad322a645f2b6badd45a8457409eff406f2b517494769,60.0,ok,accept,true,unique,true,4644870,4956464,,,
1,20260726T135725.806593Z,earley,cfg3,Odd nested language: S → a S a | a,costar,earley.cfg3.n035,n035,n,35,35,a a a a a a a a a a a a a a a a a a a a a a a a a a a a a a a a a a a,75aa41a2c242377f26ddd63029462f47576aaf2dd3fe5ae73041196b9087bce2,60.0,ok,accept,true,unique,true,5635023,5982064,,,
1,20260726T135725.806593Z,earley,cfg3,Odd nested language: S → a S a | a,costar,earley.cfg3.n037,n037,n,37,37,a a a a a a a a a a a a a a a a a a a a a a a a a a a a a a a a a a a a a,b26448b546ae7e5bdd674af8247e59052302dbaefba9b9466382f96d0546b77a,60.0,ok,accept,true,unique,true,5413055,5718387,,,
1,20260726T135725.806593Z,earley,cfg3,Odd nested language: S → a S a | a,costar,earley.cfg3.n039,n039,n,39,39,a a a a a a a a a a a a a a a a a a a a a a a a a a a a a a a a a a a a a a a,18eb99b1deb5a8851590d9f68f7f327bf8a6ad1f6de24b78842bce7ede036532,60.0,ok,accept,true,unique,true,5664110,5949442,,,
1,20260726T135725.806593Z,earley,cfg3,Odd nested language: S → a S a | a,costar,earley.cfg3.n041,n041,n,41,41,a a a a a a a a a a a a a a a a a a a a a a a a a a a a a a a a a a a a a a a a a,5b8435430a4e0f3739618b616494cef52d305f069f4f8f145cd40257d5eb8ca2,60.0,ok,accept,true,unique,true,7050991,7298921,,,
1,20260726T135725.806593Z,earley,cfg3,Odd nested language: S → a S a | a,costar,earley.cfg3.n043,n043,n,43,43,a a a a a a a a a a a a a a a a a a a a a a a a a a a a a a a a a a a a a a a a a a a,d578dc3affc8d9ac05571b77cd6aa8bb3e86c14a13d0ca1cbd18741b0eb84a0d,60.0,ok,accept,true,unique,true,7534980,7803439,,,
1,20260726T135725.806593Z,earley,cfg3,Odd nested language: S → a S a | a,costar,earley.cfg3.n045,n045,n,45,45,a a a a a a a a a a a a a a a a a a a a a a a a a a a a a a a a a a a a a a a a a a a a a,95a07021a688c4b629f8896d95faeb2557e8b2db62a670f72409a59a6d2ed69d,60.0,ok,accept,true,unique,true,10562181,10822309,,,
1,20260726T135725.806593Z,earley,cfg2,Right-recursive: S → a S | a,lean,earley.cfg2.n057,n057,n,57,57,a a a a a a a a a a a a a a a a a a a a a a a a a a a a a a a a a a a a a a a a a a a a a a a a a a a a a a a a a,b6388e1e8f6c10ccc2277fad64251a43a039604b11b2e3c9e3b9c331e606dc3a,60.0,ok,accept,true,unknown,true,105000995,106616974,,,
1,20260726T135725.806593Z,earley,cfg3,Odd nested language: S → a S a | a,costar,earley.cfg3.n047,n047,n,47,47,a a a a a a a a a a a a a a a a a a a a a a a a a a a a a a a a a a a a a a a a a a a a a a a,0a227f109e85e841c1599966769c16123edf77b848a8c2ce018c8b66763a1759,60.0,ok,accept,true,unique,true,9993076,10221428,,,
1,20260726T135725.806593Z,earley,cfg3,Odd nested language: S → a S a | a,costar,earley.cfg3.n049,n049,n,49,49,a a a a a a a a a a a a a a a a a a a a a a a a a a a a a a a a a a a a a a a a a a a a a a a a a,99e8c0fe4c88f0445b7bdd1ddd8903d345647bb315228d3ed9b8e3f9a1453067,60.0,ok,accept,true,unique,true,12203931,12438940,,,
1,20260726T135725.806593Z,earley,cfg3,Odd nested language: S → a S a | a,costar,earley.cfg3.n051,n051,n,51,51,a a a a a a a a a a a a a a a a a a a a a a a a a a a a a a a a a a a a a a a a a a a a a a a a a a a,08f26910e932063059fae5c479867d6997cf56d64a6ad0363853dd6848e5a131,60.0,ok,accept,true,unique,true,14053106,14314288,,,
1,20260726T135725.806593Z,earley,cfg3,Odd nested language: S → a S a | a,costar,earley.cfg3.n053,n053,n,53,53,a a a a a a a a a a a a a a a a a a a a a a a a a a a a a a a a a a a a a a a a a a a a a a a a a a a a a,9a57ed48fdc55fce48079815c33dec4ee1dfb5e7c9acf3ce1ae1102961759834,60.0,ok,accept,true,unique,true,14429092,14707267,,,
1,20260726T135725.806593Z,earley,cfg3,Odd nested language: S → a S a | a,costar,earley.cfg3.n055,n055,n,55,55,a a a a a a a a a a a a a a a a a a a a a a a a a a a a a a a a a a a a a a a a a a a a a a a a a a a a a a a,397471ff60216f6a8bae3bf00d4f76e8643bb5dac774582749fc24ef11816b24,60.0,ok,accept,true,unique,true,17979860,18239842,,,
1,20260726T135725.806593Z,earley,cfg3,Odd nested language: S → a S a | a,costar,earley.cfg3.n057,n057,n,57,57,a a a a a a a a a a a a a a a a a a a a a a a a a a a a a a a a a a a a a a a a a a a a a a a a a a a a a a a a a,b6388e1e8f6c10ccc2277fad64251a43a039604b11b2e3c9e3b9c331e606dc3a,60.0,ok,accept,true,unique,true,18259048,18500333,,,
1,20260726T135725.806593Z,earley,cfg3,Odd nested language: S → a S a | a,costar,earley.cfg3.n059,n059,n,59,59,a a a a a a a a a a a a a a a a a a a a a a a a a a a a a a a a a a a a a a a a a a a a a a a a a a a a a a a a a a a,9e271998808c273754c2be85eeb5ef9477ebdfddc4375a4f82ed6e8d64734550,60.0,ok,accept,true,unique,true,19449949,19661577,,,
1,20260726T135725.806593Z,earley,cfg2,Right-recursive: S → a S | a,lean,earley.cfg2.n059,n059,n,59,59,a a a a a a a a a a a a a a a a a a a a a a a a a a a a a a a a a a a a a a a a a a a a a a a a a a a a a a a a a a a,9e271998808c273754c2be85eeb5ef9477ebdfddc4375a4f82ed6e8d64734550,60.0,ok,accept,true,unknown,true,116192748,117350556,,,
1,20260726T135725.806593Z,earley,cfg3,Odd nested language: S → a S a | a,costar,earley.cfg3.n061,n061,n,61,61,a a a a a a a a a a a a a a a a a a a a a a a a a a a a a a a a a a a a a a a a a a a a a a a a a a a a a a a a a a a a a,8b72598a941c6c337740fe03485056c52ff6ea510c78629e8029d2b497447e93,60.0,ok,accept,true,unique,true,22719144,23069398,,,
1,20260726T135725.806593Z,earley,cfg3,Odd nested language: S → a S a | a,costar,earley.cfg3.n063,n063,n,63,63,a a a a a a a a a a a a a a a a a a a a a a a a a a a a a a a a a a a a a a a a a a a a a a a a a a a a a a a a a a a a a a a,bd61fffc8dc55a105796ce4395d2822c95221106e3dce37912b244042a801b52,60.0,ok,accept,true,unique,true,25149106,25395393,,,
1,20260726T135725.806593Z,earley,cfg3,Odd nested language: S → a S a | a,costar,earley.cfg3.n065,n065,n,65,65,a a a a a a a a a a a a a a a a a a a a a a a a a a a a a a a a a a a a a a a a a a a a a a a a a a a a a a a a a a a a a a a a a,32db1b66466ec271199a28a886eab9eef6f72a88d1dd49de6c67a73925842bfa,60.0,ok,accept,true,unique,true,34367084,34635285,,,
1,20260726T135725.806593Z,earley,cfg4,Left-recursive linear: S → S a | a,lean,earley.cfg4.n001,n001,n,1,1,a,ca978112ca1bbdcafac231b39a23dc4da786eff8147c4e72b9807785afee48bb,60.0,ok,accept,true,unknown,true,111570,335191,,,
1,20260726T135725.806593Z,earley,cfg4,Left-recursive linear: S → S a | a,lean,earley.cfg4.n003,n003,n,3,3,a a a,bb6e995be430b5ada013a56dd224abfddbeff83ef54dd2fef79470c6cf440919,60.0,ok,accept,true,unknown,true,179498,309612,,,
1,20260726T135725.806593Z,earley,cfg4,Left-recursive linear: S → S a | a,lean,earley.cfg4.n005,n005,n,5,5,a a a a a,dcf26724f098d41cc1f3fbeee167bde3aab05eb59e85eaf77318374c136d82a1,60.0,ok,accept,true,unknown,true,433807,542129,,,
1,20260726T135725.806593Z,earley,cfg4,Left-recursive linear: S → S a | a,lean,earley.cfg4.n007,n007,n,7,7,a a a a a a a,c39b9e5f245ca64e7524d3d027ef1b7cbd9c9f2eba54ca591c7ecd770a2a07d7,60.0,ok,accept,true,unknown,true,729242,841003,,,
1,20260726T135725.806593Z,earley,cfg4,Left-recursive linear: S → S a | a,lean,earley.cfg4.n009,n009,n,9,9,a a a a a a a a a,5246bd9d247b3551cdb6eba59ea82519f675b231f59836e63169ee5864f90046,60.0,ok,accept,true,unknown,true,1259740,1394824,,,
1,20260726T135725.806593Z,earley,cfg4,Left-recursive linear: S → S a | a,lean,earley.cfg4.n011,n011,n,11,11,a a a a a a a a a a a,b83899a801d9f023f810c6e76f61d7bf5973986bd70abc4cc2863d97f9b2d782,60.0,ok,accept,true,unknown,true,1633303,1893803,,,
1,20260726T135725.806593Z,earley,cfg4,Left-recursive linear: S → S a | a,lean,earley.cfg4.n013,n013,n,13,13,a a a a a a a a a a a a a,0f19eca59bf1d47974b3df7c910fa2f7d0addfc109d422fe8c6a368c7b780a13,60.0,ok,accept,true,unknown,true,1751806,2016103,,,
1,20260726T135725.806593Z,earley,cfg4,Left-recursive linear: S → S a | a,lean,earley.cfg4.n015,n015,n,15,15,a a a a a a a a a a a a a a a,3416fc43996281553685fd94058cc330ea85b1701526c7b29085904306440a1f,60.0,ok,accept,true,unknown,true,2430793,2739684,,,
1,20260726T135725.806593Z,earley,cfg4,Left-recursive linear: S → S a | a,lean,earley.cfg4.n017,n017,n,17,17,a a a a a a a a a a a a a a a a a,3bccac4813bc2f376ff12845988fa5e600575c184ac5f21ab1b8915969532a0a,60.0,ok,accept,true,unknown,true,4233614,4537916,,,
1,20260726T135725.806593Z,earley,cfg4,Left-recursive linear: S → S a | a,lean,earley.cfg4.n019,n019,n,19,19,a a a a a a a a a a a a a a a a a a a,92e55c5847d9d2f40be9a63ff52228772e1f012e98e45af96f74f7d6dd44c6e0,60.0,ok,accept,true,unknown,true,4650828,4920066,,,
1,20260726T135725.806593Z,earley,cfg2,Right-recursive: S → a S | a,lean,earley.cfg2.n061,n061,n,61,61,a a a a a a a a a a a a a a a a a a a a a a a a a a a a a a a a a a a a a a a a a a a a a a a a a a a a a a a a a a a a a,8b72598a941c6c337740fe03485056c52ff6ea510c78629e8029d2b497447e93,60.0,ok,accept,true,unknown,true,140413662,142022688,,,
1,20260726T135725.806593Z,earley,cfg4,Left-recursive linear: S → S a | a,lean,earley.cfg4.n021,n021,n,21,21,a a a a a a a a a a a a a a a a a a a a a,52267fe9dc1a9390da3667ab75f1a4aca55c6d4f1325144f5c8e29b5727e2c8e,60.0,ok,accept,true,unknown,true,8655443,8918457,,,
1,20260726T135725.806593Z,earley,cfg4,Left-recursive linear: S → S a | a,lean,earley.cfg4.n023,n023,n,23,23,a a a a a a a a a a a a a a a a a a a a a a a,e6799515bcbdd5ee6b53fe012a758de396640e9a8320bb62c60a135e2f2ed0a9,60.0,ok,accept,true,unknown,true,7129492,7464412,,,
1,20260726T135725.806593Z,earley,cfg4,Left-recursive linear: S → S a | a,lean,earley.cfg4.n025,n025,n,25,25,a a a a a a a a a a a a a a a a a a a a a a a a a,81b5dccafd39c94829cdd6dbdb721e4bda6c9389d4a1928b885745a4a2398e96,60.0,ok,accept,true,unknown,true,11036461,11382623,,,
1,20260726T135725.806593Z,earley,cfg4,Left-recursive linear: S → S a | a,lean,earley.cfg4.n027,n027,n,27,27,a a a a a a a a a a a a a a a a a a a a a a a a a a a,2944e42c73262f1a71f9cef1670de3dfc87e6510817754bbe9215a96a5616aea,60.0,ok,accept,true,unknown,true,11558153,11905907,,,
1,20260726T135725.806593Z,earley,cfg1,Ambiguous binary concatenation: S → S S | a,lean,earley.cfg1.n015,n015,n,15,15,a a a a a a a a a a a a a a a,3416fc43996281553685fd94058cc330ea85b1701526c7b29085904306440a1f,60.0,ok,accept,true,unknown,true,579284471,579872197,,,
1,20260726T135725.806593Z,earley,cfg4,Left-recursive linear: S → S a | a,lean,earley.cfg4.n029,n029,n,29,29,a a a a a a a a a a a a a a a a a a a a a a a a a a a a a,b00b82e962602fde3c0b9ec3258ae2bae3861496472ef35ea0ba894fb1b36288,60.0,ok,accept,true,unknown,true,17284094,17658157,,,
1,20260726T135725.806593Z,earley,cfg4,Left-recursive linear: S → S a | a,lean,earley.cfg4.n031,n031,n,31,31,a a a a a a a a a a a a a a a a a a a a a a a a a a a a a a a,e2fbf1eb4eccda81f87022da47d499b7c72107a7be5019bdd0123102dedd9a86,60.0,ok,accept,true,unknown,true,19437716,19800608,,,
1,20260726T135725.806593Z,earley,cfg4,Left-recursive linear: S → S a | a,lean,earley.cfg4.n033,n033,n,33,33,a a a a a a a a a a a a a a a a a a a a a a a a a a a a a a a a a,65c4a3b876195f39e99ad322a645f2b6badd45a8457409eff406f2b517494769,60.0,ok,accept,true,unknown,true,22533930,24297067,,,
1,20260726T135725.806593Z,earley,cfg4,Left-recursive linear: S → S a | a,lean,earley.cfg4.n035,n035,n,35,35,a a a a a a a a a a a a a a a a a a a a a a a a a a a a a a a a a a a,75aa41a2c242377f26ddd63029462f47576aaf2dd3fe5ae73041196b9087bce2,60.0,ok,accept,true,unknown,true,33062826,33556906,,,
1,20260726T135725.806593Z,earley,cfg2,Right-recursive: S → a S | a,lean,earley.cfg2.n063,n063,n,63,63,a a a a a a a a a a a a a a a a a a a a a a a a a a a a a a a a a a a a a a a a a a a a a a a a a a a a a a a a a a a a a a a,bd61fffc8dc55a105796ce4395d2822c95221106e3dce37912b244042a801b52,60.0,ok,accept,true,unknown,true,155956651,157792885,,,
1,20260726T135725.806593Z,earley,cfg4,Left-recursive linear: S → S a | a,lean,earley.cfg4.n037,n037,n,37,37,a a a a a a a a a a a a a a a a a a a a a a a a a a a a a a a a a a a a a,b26448b546ae7e5bdd674af8247e59052302dbaefba9b9466382f96d0546b77a,60.0,ok,accept,true,unknown,true,38559186,39082331,,,
1,20260726T135725.806593Z,earley,cfg4,Left-recursive linear: S → S a | a,lean,earley.cfg4.n039,n039,n,39,39,a a a a a a a a a a a a a a a a a a a a a a a a a a a a a a a a a a a a a a a,18eb99b1deb5a8851590d9f68f7f327bf8a6ad1f6de24b78842bce7ede036532,60.0,ok,accept,true,unknown,true,44651877,45133374,,,
1,20260726T135725.806593Z,earley,cfg4,Left-recursive linear: S → S a | a,lean,earley.cfg4.n041,n041,n,41,41,a a a a a a a a a a a a a a a a a a a a a a a a a a a a a a a a a a a a a a a a a,5b8435430a4e0f3739618b616494cef52d305f069f4f8f145cd40257d5eb8ca2,60.0,ok,accept,true,unknown,true,54056008,54738573,,,
1,20260726T135725.806593Z,earley,cfg4,Left-recursive linear: S → S a | a,lean,earley.cfg4.n043,n043,n,43,43,a a a a a a a a a a a a a a a a a a a a a a a a a a a a a a a a a a a a a a a a a a a,d578dc3affc8d9ac05571b77cd6aa8bb3e86c14a13d0ca1cbd18741b0eb84a0d,60.0,ok,accept,true,unknown,true,69999621,70793635,,,
1,20260726T135725.806593Z,earley,cfg2,Right-recursive: S → a S | a,lean,earley.cfg2.n065,n065,n,65,65,a a a a a a a a a a a a a a a a a a a a a a a a a a a a a a a a a a a a a a a a a a a a a a a a a a a a a a a a a a a a a a a a a,32db1b66466ec271199a28a886eab9eef6f72a88d1dd49de6c67a73925842bfa,60.0,ok,accept,true,unknown,true,213102231,215484072,,,
1,20260726T135725.806593Z,earley,cfg4,Left-recursive linear: S → S a | a,lean,earley.cfg4.n045,n045,n,45,45,a a a a a a a a a a a a a a a a a a a a a a a a a a a a a a a a a a a a a a a a a a a a a,95a07021a688c4b629f8896d95faeb2557e8b2db62a670f72409a59a6d2ed69d,60.0,ok,accept,true,unknown,true,72498311,73295001,,,
1,20260726T135725.806593Z,earley,cfg4,Left-recursive linear: S → S a | a,lean,earley.cfg4.n047,n047,n,47,47,a a a a a a a a a a a a a a a a a a a a a a a a a a a a a a a a a a a a a a a a a a a a a a a,0a227f109e85e841c1599966769c16123edf77b848a8c2ce018c8b66763a1759,60.0,ok,accept,true,unknown,true,82940676,83748455,,,
1,20260726T135725.806593Z,earley,cfg4,Left-recursive linear: S → S a | a,lean,earley.cfg4.n049,n049,n,49,49,a a a a a a a a a a a a a a a a a a a a a a a a a a a a a a a a a a a a a a a a a a a a a a a a a,99e8c0fe4c88f0445b7bdd1ddd8903d345647bb315228d3ed9b8e3f9a1453067,60.0,ok,accept,true,unknown,true,102046226,103306147,,,
1,20260726T135725.806593Z,earley,cfg4,Left-recursive linear: S → S a | a,lean,earley.cfg4.n051,n051,n,51,51,a a a a a a a a a a a a a a a a a a a a a a a a a a a a a a a a a a a a a a a a a a a a a a a a a a a,08f26910e932063059fae5c479867d6997cf56d64a6ad0363853dd6848e5a131,60.0,ok,accept,true,unknown,true,97355472,98392313,,,
1,20260726T135725.806593Z,earley,cfg4,Left-recursive linear: S → S a | a,lean,earley.cfg4.n053,n053,n,53,53,a a a a a a a a a a a a a a a a a a a a a a a a a a a a a a a a a a a a a a a a a a a a a a a a a a a a a,9a57ed48fdc55fce48079815c33dec4ee1dfb5e7c9acf3ce1ae1102961759834,60.0,ok,accept,true,unknown,true,121293754,122394595,,,
1,20260726T135725.806593Z,earley,cfg4,Left-recursive linear: S → S a | a,lean,earley.cfg4.n055,n055,n,55,55,a a a a a a a a a a a a a a a a a a a a a a a a a a a a a a a a a a a a a a a a a a a a a a a a a a a a a a a,397471ff60216f6a8bae3bf00d4f76e8643bb5dac774582749fc24ef11816b24,60.0,ok,accept,true,unknown,true,131747640,132544198,,,
1,20260726T135725.806593Z,earley,cfg4,Left-recursive linear: S → S a | a,lean,earley.cfg4.n057,n057,n,57,57,a a a a a a a a a a a a a a a a a a a a a a a a a a a a a a a a a a a a a a a a a a a a a a a a a a a a a a a a a,b6388e1e8f6c10ccc2277fad64251a43a039604b11b2e3c9e3b9c331e606dc3a,60.0,ok,accept,true,unknown,true,124459008,125606947,,,
1,20260726T135725.806593Z,earley,cfg4,Left-recursive linear: S → S a | a,lean,earley.cfg4.n059,n059,n,59,59,a a a a a a a a a a a a a a a a a a a a a a a a a a a a a a a a a a a a a a a a a a a a a a a a a a a a a a a a a a a,9e271998808c273754c2be85eeb5ef9477ebdfddc4375a4f82ed6e8d64734550,60.0,ok,accept,true,unknown,true,183430503,184892574,,,
1,20260726T135725.806593Z,earley,cfg4,Left-recursive linear: S → S a | a,lean,earley.cfg4.n061,n061,n,61,61,a a a a a a a a a a a a a a a a a a a a a a a a a a a a a a a a a a a a a a a a a a a a a a a a a a a a a a a a a a a a a,8b72598a941c6c337740fe03485056c52ff6ea510c78629e8029d2b497447e93,60.0,ok,accept,true,unknown,true,175215660,176238304,,,
1,20260726T135725.806593Z,earley,cfg4,Left-recursive linear: S → S a | a,lean,earley.cfg4.n063,n063,n,63,63,a a a a a a a a a a a a a a a a a a a a a a a a a a a a a a a a a a a a a a a a a a a a a a a a a a a a a a a a a a a a a a a,bd61fffc8dc55a105796ce4395d2822c95221106e3dce37912b244042a801b52,60.0,ok,accept,true,unknown,true,177645531,179131997,,,
1,20260726T135725.806593Z,earley,cfg1,Ambiguous binary concatenation: S → S S | a,lean,earley.cfg1.n017,n017,n,17,17,a a a a a a a a a a a a a a a a a,3bccac4813bc2f376ff12845988fa5e600575c184ac5f21ab1b8915969532a0a,60.0,ok,accept,true,unknown,true,1655538465,1656491698,,,
1,20260726T135725.806593Z,earley,cfg4,Left-recursive linear: S → S a | a,lean,earley.cfg4.n065,n065,n,65,65,a a a a a a a a a a a a a a a a a a a a a a a a a a a a a a a a a a a a a a a a a a a a a a a a a a a a a a a a a a a a a a a a a,32db1b66466ec271199a28a886eab9eef6f72a88d1dd49de6c67a73925842bfa,60.0,ok,accept,true,unknown,true,204161021,206322787,,,
1,20260726T135725.806593Z,earley,cfg4,Left-recursive linear: S → S a | a,costar,earley.cfg4.n001,n001,n,1,1,a,ca978112ca1bbdcafac231b39a23dc4da786eff8147c4e72b9807785afee48bb,60.0,ok,parser_error,unknown,unknown,false,5960,141907,,left_recursion,PredictionError (SpLeftRecursion 0)
1,20260726T135725.806593Z,earley,cfg4,Left-recursive linear: S → S a | a,costar,earley.cfg4.n003,n003,n,3,3,a a a,bb6e995be430b5ada013a56dd224abfddbeff83ef54dd2fef79470c6cf440919,60.0,ok,parser_error,unknown,unknown,false,0,87715,,left_recursion,PredictionError (SpLeftRecursion 0)
1,20260726T135725.806593Z,earley,cfg4,Left-recursive linear: S → S a | a,costar,earley.cfg4.n005,n005,n,5,5,a a a a a,dcf26724f098d41cc1f3fbeee167bde3aab05eb59e85eaf77318374c136d82a1,60.0,ok,parser_error,unknown,unknown,false,953,68929,,left_recursion,PredictionError (SpLeftRecursion 0)
1,20260726T135725.806593Z,earley,cfg4,Left-recursive linear: S → S a | a,costar,earley.cfg4.n007,n007,n,7,7,a a a a a a a,c39b9e5f245ca64e7524d3d027ef1b7cbd9c9f2eba54ca591c7ecd770a2a07d7,60.0,ok,parser_error,unknown,unknown,false,953,59332,,left_recursion,PredictionError (SpLeftRecursion 0)
1,20260726T135725.806593Z,earley,cfg4,Left-recursive linear: S → S a | a,costar,earley.cfg4.n009,n009,n,9,9,a a a a a a a a a,5246bd9d247b3551cdb6eba59ea82519f675b231f59836e63169ee5864f90046,60.0,ok,parser_error,unknown,unknown,false,953,53120,,left_recursion,PredictionError (SpLeftRecursion 0)
1,20260726T135725.806593Z,earley,cfg4,Left-recursive linear: S → S a | a,costar,earley.cfg4.n011,n011,n,11,11,a a a a a a a a a a a,b83899a801d9f023f810c6e76f61d7bf5973986bd70abc4cc2863d97f9b2d782,60.0,ok,parser_error,unknown,unknown,false,0,48772,,left_recursion,PredictionError (SpLeftRecursion 0)
1,20260726T135725.806593Z,earley,cfg4,Left-recursive linear: S → S a | a,costar,earley.cfg4.n013,n013,n,13,13,a a a a a a a a a a a a a,0f19eca59bf1d47974b3df7c910fa2f7d0addfc109d422fe8c6a368c7b780a13,60.0,ok,parser_error,unknown,unknown,false,1192,47790,,left_recursion,PredictionError (SpLeftRecursion 0)
1,20260726T135725.806593Z,earley,cfg4,Left-recursive linear: S → S a | a,costar,earley.cfg4.n015,n015,n,15,15,a a a a a a a a a a a a a a a,3416fc43996281553685fd94058cc330ea85b1701526c7b29085904306440a1f,60.0,ok,parser_error,unknown,unknown,false,5960,59312,,left_recursion,PredictionError (SpLeftRecursion 0)
1,20260726T135725.806593Z,earley,cfg4,Left-recursive linear: S → S a | a,costar,earley.cfg4.n017,n017,n,17,17,a a a a a a a a a a a a a a a a a,3bccac4813bc2f376ff12845988fa5e600575c184ac5f21ab1b8915969532a0a,60.0,ok,parser_error,unknown,unknown,false,5006,53200,,left_recursion,PredictionError (SpLeftRecursion 0)
1,20260726T135725.806593Z,earley,cfg4,Left-recursive linear: S → S a | a,costar,earley.cfg4.n019,n019,n,19,19,a a a a a a a a a a a a a a a a a a a,92e55c5847d9d2f40be9a63ff52228772e1f012e98e45af96f74f7d6dd44c6e0,60.0,ok,parser_error,unknown,unknown,false,953,53040,,left_recursion,PredictionError (SpLeftRecursion 0)
1,20260726T135725.806593Z,earley,cfg4,Left-recursive linear: S → S a | a,costar,earley.cfg4.n021,n021,n,21,21,a a a a a a a a a a a a a a a a a a a a a,52267fe9dc1a9390da3667ab75f1a4aca55c6d4f1325144f5c8e29b5727e2c8e,60.0,ok,parser_error,unknown,unknown,false,953,50766,,left_recursion,PredictionError (SpLeftRecursion 0)
1,20260726T135725.806593Z,earley,cfg4,Left-recursive linear: S → S a | a,costar,earley.cfg4.n023,n023,n,23,23,a a a a a a a a a a a a a a a a a a a a a a a,e6799515bcbdd5ee6b53fe012a758de396640e9a8320bb62c60a135e2f2ed0a9,60.0,ok,parser_error,unknown,unknown,false,5960,60414,,left_recursion,PredictionError (SpLeftRecursion 0)
1,20260726T135725.806593Z,earley,cfg4,Left-recursive linear: S → S a | a,costar,earley.cfg4.n025,n025,n,25,25,a a a a a a a a a a a a a a a a a a a a a a a a a,81b5dccafd39c94829cdd6dbdb721e4bda6c9389d4a1928b885745a4a2398e96,60.0,ok,parser_error,unknown,unknown,false,953,52719,,left_recursion,PredictionError (SpLeftRecursion 0)
1,20260726T135725.806593Z,earley,cfg4,Left-recursive linear: S → S a | a,costar,earley.cfg4.n027,n027,n,27,27,a a a a a a a a a a a a a a a a a a a a a a a a a a a,2944e42c73262f1a71f9cef1670de3dfc87e6510817754bbe9215a96a5616aea,60.0,ok,parser_error,unknown,unknown,false,4053,52408,,left_recursion,PredictionError (SpLeftRecursion 0)
1,20260726T135725.806593Z,earley,cfg4,Left-recursive linear: S → S a | a,costar,earley.cfg4.n029,n029,n,29,29,a a a a a a a a a a a a a a a a a a a a a a a a a a a a a,b00b82e962602fde3c0b9ec3258ae2bae3861496472ef35ea0ba894fb1b36288,60.0,ok,parser_error,unknown,unknown,false,953,48131,,left_recursion,PredictionError (SpLeftRecursion 0)
1,20260726T135725.806593Z,earley,cfg4,Left-recursive linear: S → S a | a,costar,earley.cfg4.n031,n031,n,31,31,a a a a a a a a a a a a a a a a a a a a a a a a a a a a a a a,e2fbf1eb4eccda81f87022da47d499b7c72107a7be5019bdd0123102dedd9a86,60.0,ok,parser_error,unknown,unknown,false,2861,49804,,left_recursion,PredictionError (SpLeftRecursion 0)
1,20260726T135725.806593Z,earley,cfg4,Left-recursive linear: S → S a | a,costar,earley.cfg4.n033,n033,n,33,33,a a a a a a a a a a a a a a a a a a a a a a a a a a a a a a a a a,65c4a3b876195f39e99ad322a645f2b6badd45a8457409eff406f2b517494769,60.0,ok,parser_error,unknown,unknown,false,953,50825,,left_recursion,PredictionError (SpLeftRecursion 0)
1,20260726T135725.806593Z,earley,cfg4,Left-recursive linear: S → S a | a,costar,earley.cfg4.n035,n035,n,35,35,a a a a a a a a a a a a a a a a a a a a a a a a a a a a a a a a a a a,75aa41a2c242377f26ddd63029462f47576aaf2dd3fe5ae73041196b9087bce2,60.0,ok,parser_error,unknown,unknown,false,0,46918,,left_recursion,PredictionError (SpLeftRecursion 0)
1,20260726T135725.806593Z,earley,cfg4,Left-recursive linear: S → S a | a,costar,earley.cfg4.n037,n037,n,37,37,a a a a a a a a a a a a a a a a a a a a a a a a a a a a a a a a a a a a a,b26448b546ae7e5bdd674af8247e59052302dbaefba9b9466382f96d0546b77a,60.0,ok,parser_error,unknown,unknown,false,2145,88898,,left_recursion,PredictionError (SpLeftRecursion 0)
1,20260726T135725.806593Z,earley,cfg4,Left-recursive linear: S → S a | a,costar,earley.cfg4.n039,n039,n,39,39,a a a a a a a a a a a a a a a a a a a a a a a a a a a a a a a a a a a a a a a,18eb99b1deb5a8851590d9f68f7f327bf8a6ad1f6de24b78842bce7ede036532,60.0,ok,parser_error,unknown,unknown,false,4053,94488,,left_recursion,PredictionError (SpLeftRecursion 0)
1,20260726T135725.806593Z,earley,cfg4,Left-recursive linear: S → S a | a,costar,earley.cfg4.n041,n041,n,41,41,a a a a a a a a a a a a a a a a a a a a a a a a a a a a a a a a a a a a a a a a a,5b8435430a4e0f3739618b616494cef52d305f069f4f8f145cd40257d5eb8ca2,60.0,ok,parser_error,unknown,unknown,false,1192,69430,,left_recursion,PredictionError (SpLeftRecursion 0)
1,20260726T135725.806593Z,earley,cfg4,Left-recursive linear: S → S a | a,costar,earley.cfg4.n043,n043,n,43,43,a a a a a a a a a a a a a a a a a a a a a a a a a a a a a a a a a a a a a a a a a a a,d578dc3affc8d9ac05571b77cd6aa8bb3e86c14a13d0ca1cbd18741b0eb84a0d,60.0,ok,parser_error,unknown,unknown,false,953,71254,,left_recursion,PredictionError (SpLeftRecursion 0)
1,20260726T135725.806593Z,earley,cfg4,Left-recursive linear: S → S a | a,costar,earley.cfg4.n045,n045,n,45,45,a a a a a a a a a a a a a a a a a a a a a a a a a a a a a a a a a a a a a a a a a a a a a,95a07021a688c4b629f8896d95faeb2557e8b2db62a670f72409a59a6d2ed69d,60.0,ok,parser_error,unknown,unknown,false,1192,65433,,left_recursion,PredictionError (SpLeftRecursion 0)
1,20260726T135725.806593Z,earley,cfg4,Left-recursive linear: S → S a | a,costar,earley.cfg4.n047,n047,n,47,47,a a a a a a a a a a a a a a a a a a a a a a a a a a a a a a a a a a a a a a a a a a a a a a a,0a227f109e85e841c1599966769c16123edf77b848a8c2ce018c8b66763a1759,60.0,ok,parser_error,unknown,unknown,false,0,72726,,left_recursion,PredictionError (SpLeftRecursion 0)
1,20260726T135725.806593Z,earley,cfg4,Left-recursive linear: S → S a | a,costar,earley.cfg4.n049,n049,n,49,49,a a a a a a a a a a a a a a a a a a a a a a a a a a a a a a a a a a a a a a a a a a a a a a a a a,99e8c0fe4c88f0445b7bdd1ddd8903d345647bb315228d3ed9b8e3f9a1453067,60.0,ok,parser_error,unknown,unknown,false,1192,73078,,left_recursion,PredictionError (SpLeftRecursion 0)
1,20260726T135725.806593Z,earley,cfg4,Left-recursive linear: S → S a | a,costar,earley.cfg4.n051,n051,n,51,51,a a a a a a a a a a a a a a a a a a a a a a a a a a a a a a a a a a a a a a a a a a a a a a a a a a a,08f26910e932063059fae5c479867d6997cf56d64a6ad0363853dd6848e5a131,60.0,ok,parser_error,unknown,unknown,false,0,68609,,left_recursion,PredictionError (SpLeftRecursion 0)
1,20260726T135725.806593Z,earley,cfg4,Left-recursive linear: S → S a | a,costar,earley.cfg4.n053,n053,n,53,53,a a a a a a a a a a a a a a a a a a a a a a a a a a a a a a a a a a a a a a a a a a a a a a a a a a a a a,9a57ed48fdc55fce48079815c33dec4ee1dfb5e7c9acf3ce1ae1102961759834,60.0,ok,parser_error,unknown,unknown,false,2861,93395,,left_recursion,PredictionError (SpLeftRecursion 0)
1,20260726T135725.806593Z,earley,cfg4,Left-recursive linear: S → S a | a,costar,earley.cfg4.n055,n055,n,55,55,a a a a a a a a a a a a a a a a a a a a a a a a a a a a a a a a a a a a a a a a a a a a a a a a a a a a a a a,397471ff60216f6a8bae3bf00d4f76e8643bb5dac774582749fc24ef11816b24,60.0,ok,parser_error,unknown,unknown,false,3099,63550,,left_recursion,PredictionError (SpLeftRecursion 0)
1,20260726T135725.806593Z,earley,cfg4,Left-recursive linear: S → S a | a,costar,earley.cfg4.n057,n057,n,57,57,a a a a a a a a a a a a a a a a a a a a a a a a a a a a a a a a a a a a a a a a a a a a a a a a a a a a a a a a a,b6388e1e8f6c10ccc2277fad64251a43a039604b11b2e3c9e3b9c331e606dc3a,60.0,ok,parser_error,unknown,unknown,false,953,81083,,left_recursion,PredictionError (SpLeftRecursion 0)
1,20260726T135725.806593Z,earley,cfg4,Left-recursive linear: S → S a | a,costar,earley.cfg4.n059,n059,n,59,59,a a a a a a a a a a a a a a a a a a a a a a a a a a a a a a a a a a a a a a a a a a a a a a a a a a a a a a a a a a a,9e271998808c273754c2be85eeb5ef9477ebdfddc4375a4f82ed6e8d64734550,60.0,ok,parser_error,unknown,unknown,false,953,58250,,left_recursion,PredictionError (SpLeftRecursion 0)
1,20260726T135725.806593Z,earley,cfg4,Left-recursive linear: S → S a | a,costar,earley.cfg4.n061,n061,n,61,61,a a a a a a a a a a a a a a a a a a a a a a a a a a a a a a a a a a a a a a a a a a a a a a a a a a a a a a a a a a a a a,8b72598a941c6c337740fe03485056c52ff6ea510c78629e8029d2b497447e93,60.0,ok,parser_error,unknown,unknown,false,3099,67707,,left_recursion,PredictionError (SpLeftRecursion 0)
1,20260726T135725.806593Z,earley,cfg4,Left-recursive linear: S → S a | a,costar,earley.cfg4.n063,n063,n,63,63,a a a a a a a a a a a a a a a a a a a a a a a a a a a a a a a a a a a a a a a a a a a a a a a a a a a a a a a a a a a a a a a,bd61fffc8dc55a105796ce4395d2822c95221106e3dce37912b244042a801b52,60.0,ok,parser_error,unknown,unknown,false,953,64462,,left_recursion,PredictionError (SpLeftRecursion 0)
1,20260726T135725.806593Z,earley,cfg4,Left-recursive linear: S → S a | a,costar,earley.cfg4.n065,n065,n,65,65,a a a a a a a a a a a a a a a a a a a a a a a a a a a a a a a a a a a a a a a a a a a a a a a a a a a a a a a a a a a a a a a a a,32db1b66466ec271199a28a886eab9eef6f72a88d1dd49de6c67a73925842bfa,60.0,ok,parser_error,unknown,unknown,false,4053,80972,,left_recursion,PredictionError (SpLeftRecursion 0)
1,20260726T135725.806593Z,earley,cfg5,Left-recursive ambiguity through X → Y | Z,lean,earley.cfg5.n001,n001,n,1,1,a,ca978112ca1bbdcafac231b39a23dc4da786eff8147c4e72b9807785afee48bb,60.0,ok,accept,true,unknown,true,214754,427033,,,
1,20260726T135725.806593Z,earley,cfg5,Left-recursive ambiguity through X → Y | Z,lean,earley.cfg5.n003,n003,n,3,3,a a a,bb6e995be430b5ada013a56dd224abfddbeff83ef54dd2fef79470c6cf440919,60.0,ok,accept,true,unknown,true,3693979,3959118,,,
1,20260726T135725.806593Z,earley,cfg5,Left-recursive ambiguity through X → Y | Z,lean,earley.cfg5.n005,n005,n,5,5,a a a a a,dcf26724f098d41cc1f3fbeee167bde3aab05eb59e85eaf77318374c136d82a1,60.0,ok,accept,true,unknown,true,20631010,20938208,,,
1,20260726T135725.806593Z,earley,cfg5,Left-recursive ambiguity through X → Y | Z,lean,earley.cfg5.n007,n007,n,7,7,a a a a a a a,c39b9e5f245ca64e7524d3d027ef1b7cbd9c9f2eba54ca591c7ecd770a2a07d7,60.0,ok,accept,true,unknown,true,58080399,58443893,,,
1,20260726T135725.806593Z,earley,cfg5,Left-recursive ambiguity through X → Y | Z,lean,earley.cfg5.n009,n009,n,9,9,a a a a a a a a a,5246bd9d247b3551cdb6eba59ea82519f675b231f59836e63169ee5864f90046,60.0,ok,accept,true,unknown,true,147120488,147482549,,,
1,20260726T135725.806593Z,earley,cfg5,Left-recursive ambiguity through X → Y | Z,lean,earley.cfg5.n011,n011,n,11,11,a a a a a a a a a a a,b83899a801d9f023f810c6e76f61d7bf5973986bd70abc4cc2863d97f9b2d782,60.0,ok,accept,true,unknown,true,309651987,310074512,,,
1,20260726T135725.806593Z,earley,cfg2,Right-recursive: S → a S | a,earley,earley.cfg2.n001,n001,n,1,1,a,ca978112ca1bbdcafac231b39a23dc4da786eff8147c4e72b9807785afee48bb,60.0,ok,accept,true,unknown,true,12000,363383,,,
1,20260726T135725.806593Z,earley,cfg2,Right-recursive: S → a S | a,earley,earley.cfg2.n003,n003,n,3,3,a a a,bb6e995be430b5ada013a56dd224abfddbeff83ef54dd2fef79470c6cf440919,60.0,ok,accept,true,unknown,true,15000,211177,,,
1,20260726T135725.806593Z,earley,cfg2,Right-recursive: S → a S | a,earley,earley.cfg2.n005,n005,n,5,5,a a a a a,dcf26724f098d41cc1f3fbeee167bde3aab05eb59e85eaf77318374c136d82a1,60.0,ok,accept,true,unknown,true,21000,215034,,,
1,20260726T135725.806593Z,earley,cfg2,Right-recursive: S → a S | a,earley,earley.cfg2.n007,n007,n,7,7,a a a a a a a,c39b9e5f245ca64e7524d3d027ef1b7cbd9c9f2eba54ca591c7ecd770a2a07d7,60.0,ok,accept,true,unknown,true,230000,503207,,,
1,20260726T135725.806593Z,earley,cfg2,Right-recursive: S → a S | a,earley,earley.cfg2.n009,n009,n,9,9,a a a a a a a a a,5246bd9d247b3551cdb6eba59ea82519f675b231f59836e63169ee5864f90046,60.0,ok,accept,true,unknown,true,86000,264698,,,
1,20260726T135725.806593Z,earley,cfg2,Right-recursive: S → a S | a,earley,earley.cfg2.n011,n011,n,11,11,a a a a a a a a a a a,b83899a801d9f023f810c6e76f61d7bf5973986bd70abc4cc2863d97f9b2d782,60.0,ok,accept,true,unknown,true,105000,264708,,,
1,20260726T135725.806593Z,earley,cfg2,Right-recursive: S → a S | a,earley,earley.cfg2.n013,n013,n,13,13,a a a a a a a a a a a a a,0f19eca59bf1d47974b3df7c910fa2f7d0addfc109d422fe8c6a368c7b780a13,60.0,ok,accept,true,unknown,true,144000,326455,,,
1,20260726T135725.806593Z,earley,cfg2,Right-recursive: S → a S | a,earley,earley.cfg2.n015,n015,n,15,15,a a a a a a a a a a a a a a a,3416fc43996281553685fd94058cc330ea85b1701526c7b29085904306440a1f,60.0,ok,accept,true,unknown,true,186000,364255,,,
1,20260726T135725.806593Z,earley,cfg2,Right-recursive: S → a S | a,earley,earley.cfg2.n017,n017,n,17,17,a a a a a a a a a a a a a a a a a,3bccac4813bc2f376ff12845988fa5e600575c184ac5f21ab1b8915969532a0a,60.0,ok,accept,true,unknown,true,180000,330071,,,
1,20260726T135725.806593Z,earley,cfg2,Right-recursive: S → a S | a,earley,earley.cfg2.n019,n019,n,19,19,a a a a a a a a a a a a a a a a a a a,92e55c5847d9d2f40be9a63ff52228772e1f012e98e45af96f74f7d6dd44c6e0,60.0,ok,accept,true,unknown,true,249000,380085,,,
1,20260726T135725.806593Z,earley,cfg2,Right-recursive: S → a S | a,earley,earley.cfg2.n021,n021,n,21,21,a a a a a a a a a a a a a a a a a a a a a,52267fe9dc1a9390da3667ab75f1a4aca55c6d4f1325144f5c8e29b5727e2c8e,60.0,ok,accept,true,unknown,true,403000,598976,,,
1,20260726T135725.806593Z,earley,cfg2,Right-recursive: S → a S | a,earley,earley.cfg2.n023,n023,n,23,23,a a a a a a a a a a a a a a a a a a a a a a a,e6799515bcbdd5ee6b53fe012a758de396640e9a8320bb62c60a135e2f2ed0a9,60.0,ok,accept,true,unknown,true,564000,752686,,,
1,20260726T135725.806593Z,earley,cfg2,Right-recursive: S → a S | a,earley,earley.cfg2.n025,n025,n,25,25,a a a a a a a a a a a a a a a a a a a a a a a a a,81b5dccafd39c94829cdd6dbdb721e4bda6c9389d4a1928b885745a4a2398e96,60.0,ok,accept,true,unknown,true,444000,644162,,,
1,20260726T135725.806593Z,earley,cfg2,Right-recursive: S → a S | a,earley,earley.cfg2.n027,n027,n,27,27,a a a a a a a a a a a a a a a a a a a a a a a a a a a,2944e42c73262f1a71f9cef1670de3dfc87e6510817754bbe9215a96a5616aea,60.0,ok,accept,true,unknown,true,538000,755241,,,
1,20260726T135725.806593Z,earley,cfg2,Right-recursive: S → a S | a,earley,earley.cfg2.n029,n029,n,29,29,a a a a a a a a a a a a a a a a a a a a a a a a a a a a a,b00b82e962602fde3c0b9ec3258ae2bae3861496472ef35ea0ba894fb1b36288,60.0,ok,accept,true,unknown,true,924000,1256974,,,
1,20260726T135725.806593Z,earley,cfg2,Right-recursive: S → a S | a,earley,earley.cfg2.n031,n031,n,31,31,a a a a a a a a a a a a a a a a a a a a a a a a a a a a a a a,e2fbf1eb4eccda81f87022da47d499b7c72107a7be5019bdd0123102dedd9a86,60.0,ok,accept,true,unknown,true,1320000,1618114,,,
1,20260726T135725.806593Z,earley,cfg1,Ambiguous binary concatenation: S → S S | a,earley,earley.cfg1.n001,n001,n,1,1,a,ca978112ca1bbdcafac231b39a23dc4da786eff8147c4e72b9807785afee48bb,60.0,ok,accept,true,unknown,true,16000,380987,,,
1,20260726T135725.806593Z,earley,cfg2,Right-recursive: S → a S | a,earley,earley.cfg2.n033,n033,n,33,33,a a a a a a a a a a a a a a a a a a a a a a a a a a a a a a a a a,65c4a3b876195f39e99ad322a645f2b6badd45a8457409eff406f2b517494769,60.0,ok,accept,true,unknown,true,1251000,1565625,,,
1,20260726T135725.806593Z,earley,cfg1,Ambiguous binary concatenation: S → S S | a,earley,earley.cfg1.n003,n003,n,3,3,a a a,bb6e995be430b5ada013a56dd224abfddbeff83ef54dd2fef79470c6cf440919,60.0,ok,accept,true,unknown,true,29000,253537,,,
1,20260726T135725.806593Z,earley,cfg1,Ambiguous binary concatenation: S → S S | a,earley,earley.cfg1.n005,n005,n,5,5,a a a a a,dcf26724f098d41cc1f3fbeee167bde3aab05eb59e85eaf77318374c136d82a1,60.0,ok,accept,true,unknown,true,88000,248087,,,
1,20260726T135725.806593Z,earley,cfg1,Ambiguous binary concatenation: S → S S | a,earley,earley.cfg1.n007,n007,n,7,7,a a a a a a a,c39b9e5f245ca64e7524d3d027ef1b7cbd9c9f2eba54ca591c7ecd770a2a07d7,60.0,ok,accept,true,unknown,true,159000,475234,,,
1,20260726T135725.806593Z,earley,cfg1,Ambiguous binary concatenation: S → S S | a,earley,earley.cfg1.n009,n009,n,9,9,a a a a a a a a a,5246bd9d247b3551cdb6eba59ea82519f675b231f59836e63169ee5864f90046,60.0,ok,accept,true,unknown,true,300000,544344,,,
1,20260726T135725.806593Z,earley,cfg1,Ambiguous binary concatenation: S → S S | a,earley,earley.cfg1.n011,n011,n,11,11,a a a a a a a a a a a,b83899a801d9f023f810c6e76f61d7bf5973986bd70abc4cc2863d97f9b2d782,60.0,ok,accept,true,unknown,true,319000,1568961,,,
1,20260726T135725.806593Z,earley,cfg2,Right-recursive: S → a S | a,earley,earley.cfg2.n035,n035,n,35,35,a a a a a a a a a a a a a a a a a a a a a a a a a a a a a a a a a a a,75aa41a2c242377f26ddd63029462f47576aaf2dd3fe5ae73041196b9087bce2,60.0,ok,accept,true,unknown,true,1887000,3320437,,,
1,20260726T135725.806593Z,earley,cfg1,Ambiguous binary concatenation: S → S S | a,earley,earley.cfg1.n013,n013,n,13,13,a a a a a a a a a a a a a,0f19eca59bf1d47974b3df7c910fa2f7d0addfc109d422fe8c6a368c7b780a13,60.0,ok,accept,true,unknown,true,538000,777242,,,
1,20260726T135725.806593Z,earley,cfg1,Ambiguous binary concatenation: S → S S | a,earley,earley.cfg1.n015,n015,n,15,15,a a a a a a a a a a a a a a a,3416fc43996281553685fd94058cc330ea85b1701526c7b29085904306440a1f,60.0,ok,accept,true,unknown,true,1025000,1297070,,,
1,20260726T135725.806593Z,earley,cfg2,Right-recursive: S → a S | a,earley,earley.cfg2.n037,n037,n,37,37,a a a a a a a a a a a a a a a a a a a a a a a a a a a a a a a a a a a a a,b26448b546ae7e5bdd674af8247e59052302dbaefba9b9466382f96d0546b77a,60.0,ok,accept,true,unknown,true,1752000,2282364,,,
1,20260726T135725.806593Z,earley,cfg1,Ambiguous binary concatenation: S → S S | a,earley,earley.cfg1.n017,n017,n,17,17,a a a a a a a a a a a a a a a a a,3bccac4813bc2f376ff12845988fa5e600575c184ac5f21ab1b8915969532a0a,60.0,ok,accept,true,unknown,true,1396000,1763036,,,
1,20260726T135725.806593Z,earley,cfg2,Right-recursive: S → a S | a,earley,earley.cfg2.n039,n039,n,39,39,a a a a a a a a a a a a a a a a a a a a a a a a a a a a a a a a a a a a a a a,18eb99b1deb5a8851590d9f68f7f327bf8a6ad1f6de24b78842bce7ede036532,60.0,ok,accept,true,unknown,true,1879000,2458354,,,
1,20260726T135725.806593Z,earley,cfg1,Ambiguous binary concatenation: S → S S | a,earley,earley.cfg1.n019,n019,n,19,19,a a a a a a a a a a a a a a a a a a a,92e55c5847d9d2f40be9a63ff52228772e1f012e98e45af96f74f7d6dd44c6e0,60.0,ok,accept,true,unknown,true,1817000,2168920,,,
1,20260726T135725.806593Z,earley,cfg2,Right-recursive: S → a S | a,earley,earley.cfg2.n041,n041,n,41,41,a a a a a a a a a a a a a a a a a a a a a a a a a a a a a a a a a a a a a a a a a,5b8435430a4e0f3739618b616494cef52d305f069f4f8f145cd40257d5eb8ca2,60.0,ok,accept,true,unknown,true,1755000,2153160,,,
1,20260726T135725.806593Z,earley,cfg1,Ambiguous binary concatenation: S → S S | a,earley,earley.cfg1.n021,n021,n,21,21,a a a a a a a a a a a a a a a a a a a a a,52267fe9dc1a9390da3667ab75f1a4aca55c6d4f1325144f5c8e29b5727e2c8e,60.0,ok,accept,true,unknown,true,2298000,2669572,,,
1,20260726T135725.806593Z,earley,cfg2,Right-recursive: S → a S | a,earley,earley.cfg2.n043,n043,n,43,43,a a a a a a a a a a a a a a a a a a a a a a a a a a a a a a a a a a a a a a a a a a a,d578dc3affc8d9ac05571b77cd6aa8bb3e86c14a13d0ca1cbd18741b0eb84a0d,60.0,ok,accept,true,unknown,true,1978000,2315796,,,
1,20260726T135725.806593Z,earley,cfg2,Right-recursive: S → a S | a,earley,earley.cfg2.n045,n045,n,45,45,a a a a a a a a a a a a a a a a a a a a a a a a a a a a a a a a a a a a a a a a a a a a a,95a07021a688c4b629f8896d95faeb2557e8b2db62a670f72409a59a6d2ed69d,60.0,ok,accept,true,unknown,true,2109000,2591265,,,
1,20260726T135725.806593Z,earley,cfg1,Ambiguous binary concatenation: S → S S | a,earley,earley.cfg1.n023,n023,n,23,23,a a a a a a a a a a a a a a a a a a a a a a a,e6799515bcbdd5ee6b53fe012a758de396640e9a8320bb62c60a135e2f2ed0a9,60.0,ok,accept,true,unknown,true,2707000,3342488,,,
1,20260726T135725.806593Z,earley,cfg2,Right-recursive: S → a S | a,earley,earley.cfg2.n047,n047,n,47,47,a a a a a a a a a a a a a a a a a a a a a a a a a a a a a a a a a a a a a a a a a a a a a a a,0a227f109e85e841c1599966769c16123edf77b848a8c2ce018c8b66763a1759,60.0,ok,accept,true,unknown,true,3009000,3739304,,,
1,20260726T135725.806593Z,earley,cfg1,Ambiguous binary concatenation: S → S S | a,earley,earley.cfg1.n025,n025,n,25,25,a a a a a a a a a a a a a a a a a a a a a a a a a,81b5dccafd39c94829cdd6dbdb721e4bda6c9389d4a1928b885745a4a2398e96,60.0,ok,accept,true,unknown,true,5025000,5786125,,,
1,20260726T135725.806593Z,earley,cfg5,Left-recursive ambiguity through X → Y | Z,lean,earley.cfg5.n013,n013,n,13,13,a a a a a a a a a a a a a,0f19eca59bf1d47974b3df7c910fa2f7d0addfc109d422fe8c6a368c7b780a13,60.0,ok,accept,true,unknown,true,450576761,451000448,,,
1,20260726T135725.806593Z,earley,cfg2,Right-recursive: S → a S | a,earley,earley.cfg2.n049,n049,n,49,49,a a a a a a a a a a a a a a a a a a a a a a a a a a a a a a a a a a a a a a a a a a a a a a a a a,99e8c0fe4c88f0445b7bdd1ddd8903d345647bb315228d3ed9b8e3f9a1453067,60.0,ok,accept,true,unknown,true,3895000,4460130,,,
1,20260726T135725.806593Z,earley,cfg1,Ambiguous binary concatenation: S → S S | a,earley,earley.cfg1.n027,n027,n,27,27,a a a a a a a a a a a a a a a a a a a a a a a a a a a,2944e42c73262f1a71f9cef1670de3dfc87e6510817754bbe9215a96a5616aea,60.0,ok,accept,true,unknown,true,5723000,6339756,,,
1,20260726T135725.806593Z,earley,cfg2,Right-recursive: S → a S | a,earley,earley.cfg2.n051,n051,n,51,51,a a a a a a a a a a a a a a a a a a a a a a a a a a a a a a a a a a a a a a a a a a a a a a a a a a a,08f26910e932063059fae5c479867d6997cf56d64a6ad0363853dd6848e5a131,60.0,ok,accept,true,unknown,true,4703000,5207726,,,
1,20260726T135725.806593Z,earley,cfg2,Right-recursive: S → a S | a,earley,earley.cfg2.n053,n053,n,53,53,a a a a a a a a a a a a a a a a a a a a a a a a a a a a a a a a a a a a a a a a a a a a a a a a a a a a a,9a57ed48fdc55fce48079815c33dec4ee1dfb5e7c9acf3ce1ae1102961759834,60.0,ok,accept,true,unknown,true,4454000,5433241,,,
1,20260726T135725.806593Z,earley,cfg1,Ambiguous binary concatenation: S → S S | a,earley,earley.cfg1.n029,n029,n,29,29,a a a a a a a a a a a a a a a a a a a a a a a a a a a a a,b00b82e962602fde3c0b9ec3258ae2bae3861496472ef35ea0ba894fb1b36288,60.0,ok,accept,true,unknown,true,9782000,10707593,,,
1,20260726T135725.806593Z,earley,cfg2,Right-recursive: S → a S | a,earley,earley.cfg2.n055,n055,n,55,55,a a a a a a a a a a a a a a a a a a a a a a a a a a a a a a a a a a a a a a a a a a a a a a a a a a a a a a a,397471ff60216f6a8bae3bf00d4f76e8643bb5dac774582749fc24ef11816b24,60.0,ok,accept,true,unknown,true,5157000,6388578,,,
1,20260726T135725.806593Z,earley,cfg2,Right-recursive: S → a S | a,earley,earley.cfg2.n057,n057,n,57,57,a a a a a a a a a a a a a a a a a a a a a a a a a a a a a a a a a a a a a a a a a a a a a a a a a a a a a a a a a,b6388e1e8f6c10ccc2277fad64251a43a039604b11b2e3c9e3b9c331e606dc3a,60.0,ok,accept,true,unknown,true,4636000,5228355,,,
1,20260726T135725.806593Z,earley,cfg1,Ambiguous binary concatenation: S → S S | a,earley,earley.cfg1.n031,n031,n,31,31,a a a a a a a a a a a a a a a a a a a a a a a a a a a a a a a,e2fbf1eb4eccda81f87022da47d499b7c72107a7be5019bdd0123102dedd9a86,60.0,ok,accept,true,unknown,true,12483000,13660999,,,
1,20260726T135725.806593Z,earley,cfg2,Right-recursive: S → a S | a,earley,earley.cfg2.n059,n059,n,59,59,a a a a a a a a a a a a a a a a a a a a a a a a a a a a a a a a a a a a a a a a a a a a a a a a a a a a a a a a a a a,9e271998808c273754c2be85eeb5ef9477ebdfddc4375a4f82ed6e8d64734550,60.0,ok,accept,true,unknown,true,6007000,6585188,,,
1,20260726T135725.806593Z,earley,cfg2,Right-recursive: S → a S | a,earley,earley.cfg2.n061,n061,n,61,61,a a a a a a a a a a a a a a a a a a a a a a a a a a a a a a a a a a a a a a a a a a a a a a a a a a a a a a a a a a a a a,8b72598a941c6c337740fe03485056c52ff6ea510c78629e8029d2b497447e93,60.0,ok,accept,true,unknown,true,7122000,7719472,,,
1,20260726T135725.806593Z,earley,cfg1,Ambiguous binary concatenation: S → S S | a,earley,earley.cfg1.n033,n033,n,33,33,a a a a a a a a a a a a a a a a a a a a a a a a a a a a a a a a a,65c4a3b876195f39e99ad322a645f2b6badd45a8457409eff406f2b517494769,60.0,ok,accept,true,unknown,true,15218000,16242575,,,
1,20260726T135725.806593Z,earley,cfg2,Right-recursive: S → a S | a,earley,earley.cfg2.n063,n063,n,63,63,a a a a a a a a a a a a a a a a a a a a a a a a a a a a a a a a a a a a a a a a a a a a a a a a a a a a a a a a a a a a a a a,bd61fffc8dc55a105796ce4395d2822c95221106e3dce37912b244042a801b52,60.0,ok,accept,true,unknown,true,8840000,9444226,,,
1,20260726T135725.806593Z,earley,cfg3,Odd nested language: S → a S a | a,earley,earley.cfg3.n001,n001,n,1,1,a,ca978112ca1bbdcafac231b39a23dc4da786eff8147c4e72b9807785afee48bb,60.0,ok,accept,true,unknown,true,14000,334920,,,
1,20260726T135725.806593Z,earley,cfg3,Odd nested language: S → a S a | a,earley,earley.cfg3.n003,n003,n,3,3,a a a,bb6e995be430b5ada013a56dd224abfddbeff83ef54dd2fef79470c6cf440919,60.0,ok,accept,true,unknown,true,24000,315985,,,
1,20260726T135725.806593Z,earley,cfg3,Odd nested language: S → a S a | a,earley,earley.cfg3.n005,n005,n,5,5,a a a a a,dcf26724f098d41cc1f3fbeee167bde3aab05eb59e85eaf77318374c136d82a1,60.0,ok,accept,true,unknown,true,35000,286900,,,
1,20260726T135725.806593Z,earley,cfg3,Odd nested language: S → a S a | a,earley,earley.cfg3.n007,n007,n,7,7,a a a a a a a,c39b9e5f245ca64e7524d3d027ef1b7cbd9c9f2eba54ca591c7ecd770a2a07d7,60.0,ok,accept,true,unknown,true,84000,603365,,,
1,20260726T135725.806593Z,earley,cfg3,Odd nested language: S → a S a | a,earley,earley.cfg3.n009,n009,n,9,9,a a a a a a a a a,5246bd9d247b3551cdb6eba59ea82519f675b231f59836e63169ee5864f90046,60.0,ok,accept,true,unknown,true,56000,270018,,,
1,20260726T135725.806593Z,earley,cfg3,Odd nested language: S → a S a | a,earley,earley.cfg3.n011,n011,n,11,11,a a a a a a a a a a a,b83899a801d9f023f810c6e76f61d7bf5973986bd70abc4cc2863d97f9b2d782,60.0,ok,accept,true,unknown,true,109000,709264,,,
1,20260726T135725.806593Z,earley,cfg3,Odd nested language: S → a S a | a,earley,earley.cfg3.n013,n013,n,13,13,a a a a a a a a a a a a a,0f19eca59bf1d47974b3df7c910fa2f7d0addfc109d422fe8c6a368c7b780a13,60.0,ok,accept,true,unknown,true,159000,431191,,,
1,20260726T135725.806593Z,earley,cfg2,Right-recursive: S → a S | a,earley,earley.cfg2.n065,n065,n,65,65,a a a a a a a a a a a a a a a a a a a a a a a a a a a a a a a a a a a a a a a a a a a a a a a a a a a a a a a a a a a a a a a a a,32db1b66466ec271199a28a886eab9eef6f72a88d1dd49de6c67a73925842bfa,60.0,ok,accept,true,unknown,true,9853000,10565796,,,
1,20260726T135725.806593Z,earley,cfg3,Odd nested language: S → a S a | a,earley,earley.cfg3.n015,n015,n,15,15,a a a a a a a a a a a a a a a,3416fc43996281553685fd94058cc330ea85b1701526c7b29085904306440a1f,60.0,ok,accept,true,unknown,true,228000,460556,,,
1,20260726T135725.806593Z,earley,cfg3,Odd nested language: S → a S a | a,earley,earley.cfg3.n017,n017,n,17,17,a a a a a a a a a a a a a a a a a,3bccac4813bc2f376ff12845988fa5e600575c184ac5f21ab1b8915969532a0a,60.0,ok,accept,true,unknown,true,297000,545325,,,
1,20260726T135725.806593Z,earley,cfg3,Odd nested language: S → a S a | a,earley,earley.cfg3.n019,n019,n,19,19,a a a a a a a a a a a a a a a a a a a,92e55c5847d9d2f40be9a63ff52228772e1f012e98e45af96f74f7d6dd44c6e0,60.0,ok,accept,true,unknown,true,434000,1451580,,,
1,20260726T135725.806593Z,earley,cfg1,Ambiguous binary concatenation: S → S S | a,earley,earley.cfg1.n035,n035,n,35,35,a a a a a a a a a a a a a a a a a a a a a a a a a a a a a a a a a a a,75aa41a2c242377f26ddd63029462f47576aaf2dd3fe5ae73041196b9087bce2,60.0,ok,accept,true,unknown,true,14975000,15863773,,,
1,20260726T135725.806593Z,earley,cfg3,Odd nested language: S → a S a | a,earley,earley.cfg3.n021,n021,n,21,21,a a a a a a a a a a a a a a a a a a a a a,52267fe9dc1a9390da3667ab75f1a4aca55c6d4f1325144f5c8e29b5727e2c8e,60.0,ok,accept,true,unknown,true,414000,1817078,,,
1,20260726T135725.806593Z,earley,cfg3,Odd nested language: S → a S a | a,earley,earley.cfg3.n023,n023,n,23,23,a a a a a a a a a a a a a a a a a a a a a a a,e6799515bcbdd5ee6b53fe012a758de396640e9a8320bb62c60a135e2f2ed0a9,60.0,ok,accept,true,unknown,true,785000,1952433,,,
1,20260726T135725.806593Z,earley,cfg3,Odd nested language: S → a S a | a,earley,earley.cfg3.n025,n025,n,25,25,a a a a a a a a a a a a a a a a a a a a a a a a a,81b5dccafd39c94829cdd6dbdb721e4bda6c9389d4a1928b885745a4a2398e96,60.0,ok,accept,true,unknown,true,785000,1270531,,,
1,20260726T135725.806593Z,earley,cfg3,Odd nested language: S → a S a | a,earley,earley.cfg3.n027,n027,n,27,27,a a a a a a a a a a a a a a a a a a a a a a a a a a a,2944e42c73262f1a71f9cef1670de3dfc87e6510817754bbe9215a96a5616aea,60.0,ok,accept,true,unknown,true,1126000,1581825,,,
1,20260726T135725.806593Z,earley,cfg3,Odd nested language: S → a S a | a,earley,earley.cfg3.n029,n029,n,29,29,a a a a a a a a a a a a a a a a a a a a a a a a a a a a a,b00b82e962602fde3c0b9ec3258ae2bae3861496472ef35ea0ba894fb1b36288,60.0,ok,accept,true,unknown,true,1447000,1948285,,,
1,20260726T135725.806593Z,earley,cfg3,Odd nested language: S → a S a | a,earley,earley.cfg3.n031,n031,n,31,31,a a a a a a a a a a a a a a a a a a a a a a a a a a a a a a a,e2fbf1eb4eccda81f87022da47d499b7c72107a7be5019bdd0123102dedd9a86,60.0,ok,accept,true,unknown,true,1402000,1979924,,,
1,20260726T135725.806593Z,earley,cfg3,Odd nested language: S → a S a | a,earley,earley.cfg3.n033,n033,n,33,33,a a a a a a a a a a a a a a a a a a a a a a a a a a a a a a a a a,65c4a3b876195f39e99ad322a645f2b6badd45a8457409eff406f2b517494769,60.0,ok,accept,true,unknown,true,1649000,2181975,,,
1,20260726T135725.806593Z,earley,cfg3,Odd nested language: S → a S a | a,earley,earley.cfg3.n035,n035,n,35,35,a a a a a a a a a a a a a a a a a a a a a a a a a a a a a a a a a a a,75aa41a2c242377f26ddd63029462f47576aaf2dd3fe5ae73041196b9087bce2,60.0,ok,accept,true,unknown,true,3080000,3725949,,,
1,20260726T135725.806593Z,earley,cfg1,Ambiguous binary concatenation: S → S S | a,earley,earley.cfg1.n037,n037,n,37,37,a a a a a a a a a a a a a a a a a a a a a a a a a a a a a a a a a a a a a,b26448b546ae7e5bdd674af8247e59052302dbaefba9b9466382f96d0546b77a,60.0,ok,accept,true,unknown,true,18221000,19373375,,,
1,20260726T135725.806593Z,earley,cfg3,Odd nested language: S → a S a | a,earley,earley.cfg3.n037,n037,n,37,37,a a a a a a a a a a a a a a a a a a a a a a a a a a a a a a a a a a a a a,b26448b546ae7e5bdd674af8247e59052302dbaefba9b9466382f96d0546b77a,60.0,ok,accept,true,unknown,true,2344000,3460319,,,
1,20260726T135725.806593Z,earley,cfg3,Odd nested language: S → a S a | a,earley,earley.cfg3.n039,n039,n,39,39,a a a a a a a a a a a a a a a a a a a a a a a a a a a a a a a a a a a a a a a,18eb99b1deb5a8851590d9f68f7f327bf8a6ad1f6de24b78842bce7ede036532,60.0,ok,accept,true,unknown,true,3304000,3868428,,,
1,20260726T135725.806593Z,earley,cfg3,Odd nested language: S → a S a | a,earley,earley.cfg3.n041,n041,n,41,41,a a a a a a a a a a a a a a a a a a a a a a a a a a a a a a a a a a a a a a a a a,5b8435430a4e0f3739618b616494cef52d305f069f4f8f145cd40257d5eb8ca2,60.0,ok,accept,true,unknown,true,3334000,4108649,,,
1,20260726T135725.806593Z,earley,cfg3,Odd nested language: S → a S a | a,earley,earley.cfg3.n043,n043,n,43,43,a a a a a a a a a a a a a a a a a a a a a a a a a a a a a a a a a a a a a a a a a a a,d578dc3affc8d9ac05571b77cd6aa8bb3e86c14a13d0ca1cbd18741b0eb84a0d,60.0,ok,accept,true,unknown,true,5025000,5939253,,,
1,20260726T135725.806593Z,earley,cfg3,Odd nested language: S → a S a | a,earley,earley.cfg3.n045,n045,n,45,45,a a a a a a a a a a a a a a a a a a a a a a a a a a a a a a a a a a a a a a a a a a a a a,95a07021a688c4b629f8896d95faeb2557e8b2db62a670f72409a59a6d2ed69d,60.0,ok,accept,true,unknown,true,4430000,5273931,,,
1,20260726T135725.806593Z,earley,cfg3,Odd nested language: S → a S a | a,earley,earley.cfg3.n047,n047,n,47,47,a a a a a a a a a a a a a a a a a a a a a a a a a a a a a a a a a a a a a a a a a a a a a a a,0a227f109e85e841c1599966769c16123edf77b848a8c2ce018c8b66763a1759,60.0,ok,accept,true,unknown,true,4879000,5833243,,,
1,20260726T135725.806593Z,earley,cfg1,Ambiguous binary concatenation: S → S S | a,earley,earley.cfg1.n039,n039,n,39,39,a a a a a a a a a a a a a a a a a a a a a a a a a a a a a a a a a a a a a a a,18eb99b1deb5a8851590d9f68f7f327bf8a6ad1f6de24b78842bce7ede036532,60.0,ok,accept,true,unknown,true,24797000,26483089,,,
1,20260726T135725.806593Z,earley,cfg3,Odd nested language: S → a S a | a,earley,earley.cfg3.n049,n049,n,49,49,a a a a a a a a a a a a a a a a a a a a a a a a a a a a a a a a a a a a a a a a a a a a a a a a a,99e8c0fe4c88f0445b7bdd1ddd8903d345647bb315228d3ed9b8e3f9a1453067,60.0,ok,accept,true,unknown,true,6591000,8051636,,,
1,20260726T135725.806593Z,earley,cfg3,Odd nested language: S → a S a | a,earley,earley.cfg3.n051,n051,n,51,51,a a a a a a a a a a a a a a a a a a a a a a a a a a a a a a a a a a a a a a a a a a a a a a a a a a a,08f26910e932063059fae5c479867d6997cf56d64a6ad0363853dd6848e5a131,60.0,ok,accept,true,unknown,true,6203000,6890913,,,
1,20260726T135725.806593Z,earley,cfg3,Odd nested language: S → a S a | a,earley,earley.cfg3.n053,n053,n,53,53,a a a a a a a a a a a a a a a a a a a a a a a a a a a a a a a a a a a a a a a a a a a a a a a a a a a a a,9a57ed48fdc55fce48079815c33dec4ee1dfb5e7c9acf3ce1ae1102961759834,60.0,ok,accept,true,unknown,true,6697000,7467327,,,
1,20260726T135725.806593Z,earley,cfg3,Odd nested language: S → a S a | a,earley,earley.cfg3.n055,n055,n,55,55,a a a a a a a a a a a a a a a a a a a a a a a a a a a a a a a a a a a a a a a a a a a a a a a a a a a a a a a,397471ff60216f6a8bae3bf00d4f76e8643bb5dac774582749fc24ef11816b24,60.0,ok,accept,true,unknown,true,7635000,8442522,,,
1,20260726T135725.806593Z,earley,cfg1,Ambiguous binary concatenation: S → S S | a,earley,earley.cfg1.n041,n041,n,41,41,a a a a a a a a a a a a a a a a a a a a a a a a a a a a a a a a a a a a a a a a a,5b8435430a4e0f3739618b616494cef52d305f069f4f8f145cd40257d5eb8ca2,60.0,ok,accept,true,unknown,true,30208000,31484758,,,
1,20260726T135725.806593Z,earley,cfg3,Odd nested language: S → a S a | a,earley,earley.cfg3.n057,n057,n,57,57,a a a a a a a a a a a a a a a a a a a a a a a a a a a a a a a a a a a a a a a a a a a a a a a a a a a a a a a a a,b6388e1e8f6c10ccc2277fad64251a43a039604b11b2e3c9e3b9c331e606dc3a,60.0,ok,accept,true,unknown,true,6903000,7874102,,,
1,20260726T135725.806593Z,earley,cfg3,Odd nested language: S → a S a | a,earley,earley.cfg3.n059,n059,n,59,59,a a a a a a a a a a a a a a a a a a a a a a a a a a a a a a a a a a a a a a a a a a a a a a a a a a a a a a a a a a a,9e271998808c273754c2be85eeb5ef9477ebdfddc4375a4f82ed6e8d64734550,60.0,ok,accept,true,unknown,true,9752000,11282454,,,
1,20260726T135725.806593Z,earley,cfg3,Odd nested language: S → a S a | a,earley,earley.cfg3.n061,n061,n,61,61,a a a a a a a a a a a a a a a a a a a a a a a a a a a a a a a a a a a a a a a a a a a a a a a a a a a a a a a a a a a a a,8b72598a941c6c337740fe03485056c52ff6ea510c78629e8029d2b497447e93,60.0,ok,accept,true,unknown,true,11296000,12013769,,,
1,20260726T135725.806593Z,earley,cfg3,Odd nested language: S → a S a | a,earley,earley.cfg3.n063,n063,n,63,63,a a a a a a a a a a a a a a a a a a a a a a a a a a a a a a a a a a a a a a a a a a a a a a a a a a a a a a a a a a a a a a a,bd61fffc8dc55a105796ce4395d2822c95221106e3dce37912b244042a801b52,60.0,ok,accept,true,unknown,true,12517000,13848251,,,
1,20260726T135725.806593Z,earley,cfg1,Ambiguous binary concatenation: S → S S | a,earley,earley.cfg1.n043,n043,n,43,43,a a a a a a a a a a a a a a a a a a a a a a a a a a a a a a a a a a a a a a a a a a a,d578dc3affc8d9ac05571b77cd6aa8bb3e86c14a13d0ca1cbd18741b0eb84a0d,60.0,ok,accept,true,unknown,true,43431000,47368759,,,
1,20260726T135725.806593Z,earley,cfg3,Odd nested language: S → a S a | a,earley,earley.cfg3.n065,n065,n,65,65,a a a a a a a a a a a a a a a a a a a a a a a a a a a a a a a a a a a a a a a a a a a a a a a a a a a a a a a a a a a a a a a a a,32db1b66466ec271199a28a886eab9eef6f72a88d1dd49de6c67a73925842bfa,60.0,ok,accept,true,unknown,true,13061000,13909015,,,
1,20260726T135725.806593Z,earley,cfg1,Ambiguous binary concatenation: S → S S | a,earley,earley.cfg1.n045,n045,n,45,45,a a a a a a a a a a a a a a a a a a a a a a a a a a a a a a a a a a a a a a a a a a a a a,95a07021a688c4b629f8896d95faeb2557e8b2db62a670f72409a59a6d2ed69d,60.0,ok,accept,true,unknown,true,49262000,51253727,,,
1,20260726T135725.806593Z,earley,cfg1,Ambiguous binary concatenation: S → S S | a,earley,earley.cfg1.n047,n047,n,47,47,a a a a a a a a a a a a a a a a a a a a a a a a a a a a a a a a a a a a a a a a a a a a a a a,0a227f109e85e841c1599966769c16123edf77b848a8c2ce018c8b66763a1759,60.0,ok,accept,true,unknown,true,30814000,31816412,,,
1,20260726T135725.806593Z,earley,cfg1,Ambiguous binary concatenation: S → S S | a,earley,earley.cfg1.n049,n049,n,49,49,a a a a a a a a a a a a a a a a a a a a a a a a a a a a a a a a a a a a a a a a a a a a a a a a a,99e8c0fe4c88f0445b7bdd1ddd8903d345647bb315228d3ed9b8e3f9a1453067,60.0,ok,accept,true,unknown,true,15956000,17418928,,,
1,20260726T135725.806593Z,earley,cfg1,Ambiguous binary concatenation: S → S S | a,earley,earley.cfg1.n051,n051,n,51,51,a a a a a a a a a a a a a a a a a a a a a a a a a a a a a a a a a a a a a a a a a a a a a a a a a a a,08f26910e932063059fae5c479867d6997cf56d64a6ad0363853dd6848e5a131,60.0,ok,accept,true,unknown,true,16628000,18585112,,,
1,20260726T135725.806593Z,earley,cfg1,Ambiguous binary concatenation: S → S S | a,earley,earley.cfg1.n053,n053,n,53,53,a a a a a a a a a a a a a a a a a a a a a a a a a a a a a a a a a a a a a a a a a a a a a a a a a a a a a,9a57ed48fdc55fce48079815c33dec4ee1dfb5e7c9acf3ce1ae1102961759834,60.0,ok,accept,true,unknown,true,28296000,30354142,,,
1,20260726T135725.806593Z,earley,cfg5,Left-recursive ambiguity through X → Y | Z,costar,earley.cfg5.n001,n001,n,1,1,a,ca978112ca1bbdcafac231b39a23dc4da786eff8147c4e72b9807785afee48bb,60.0,ok,parser_error,unknown,unknown,false,4053,210677,,left_recursion,PredictionError (SpLeftRecursion 0)
1,20260726T135725.806593Z,earley,cfg5,Left-recursive ambiguity through X → Y | Z,costar,earley.cfg5.n003,n003,n,3,3,a a a,bb6e995be430b5ada013a56dd224abfddbeff83ef54dd2fef79470c6cf440919,60.0,ok,parser_error,unknown,unknown,false,953,81233,,left_recursion,PredictionError (SpLeftRecursion 0)
1,20260726T135725.806593Z,earley,cfg5,Left-recursive ambiguity through X → Y | Z,costar,earley.cfg5.n005,n005,n,5,5,a a a a a,dcf26724f098d41cc1f3fbeee167bde3aab05eb59e85eaf77318374c136d82a1,60.0,ok,parser_error,unknown,unknown,false,953,68178,,left_recursion,PredictionError (SpLeftRecursion 0)
1,20260726T135725.806593Z,earley,cfg5,Left-recursive ambiguity through X → Y | Z,costar,earley.cfg5.n007,n007,n,7,7,a a a a a a a,c39b9e5f245ca64e7524d3d027ef1b7cbd9c9f2eba54ca591c7ecd770a2a07d7,60.0,ok,parser_error,unknown,unknown,false,2145,92193,,left_recursion,PredictionError (SpLeftRecursion 0)
1,20260726T135725.806593Z,earley,cfg5,Left-recursive ambiguity through X → Y | Z,costar,earley.cfg5.n009,n009,n,9,9,a a a a a a a a a,5246bd9d247b3551cdb6eba59ea82519f675b231f59836e63169ee5864f90046,60.0,ok,parser_error,unknown,unknown,false,953,70262,,left_recursion,PredictionError (SpLeftRecursion 0)
1,20260726T135725.806593Z,earley,cfg5,Left-recursive ambiguity through X → Y | Z,costar,earley.cfg5.n011,n011,n,11,11,a a a a a a a a a a a,b83899a801d9f023f810c6e76f61d7bf5973986bd70abc4cc2863d97f9b2d782,60.0,ok,parser_error,unknown,unknown,false,953,63329,,left_recursion,PredictionError (SpLeftRecursion 0)
1,20260726T135725.806593Z,earley,cfg5,Left-recursive ambiguity through X → Y | Z,costar,earley.cfg5.n013,n013,n,13,13,a a a a a a a a a a a a a,0f19eca59bf1d47974b3df7c910fa2f7d0addfc109d422fe8c6a368c7b780a13,60.0,ok,parser_error,unknown,unknown,false,1907,71755,,left_recursion,PredictionError (SpLeftRecursion 0)
1,20260726T135725.806593Z,earley,cfg5,Left-recursive ambiguity through X → Y | Z,costar,earley.cfg5.n015,n015,n,15,15,a a a a a a a a a a a a a a a,3416fc43996281553685fd94058cc330ea85b1701526c7b29085904306440a1f,60.0,ok,parser_error,unknown,unknown,false,953,67648,,left_recursion,PredictionError (SpLeftRecursion 0)
1,20260726T135725.806593Z,earley,cfg5,Left-recursive ambiguity through X → Y | Z,costar,earley.cfg5.n017,n017,n,17,17,a a a a a a a a a a a a a a a a a,3bccac4813bc2f376ff12845988fa5e600575c184ac5f21ab1b8915969532a0a,60.0,ok,parser_error,unknown,unknown,false,5006,61556,,left_recursion,PredictionError (SpLeftRecursion 0)
1,20260726T135725.806593Z,earley,cfg5,Left-recursive ambiguity through X → Y | Z,costar,earley.cfg5.n019,n019,n,19,19,a a a a a a a a a a a a a a a a a a a,92e55c5847d9d2f40be9a63ff52228772e1f012e98e45af96f74f7d6dd44c6e0,60.0,ok,parser_error,unknown,unknown,false,953,62938,,left_recursion,PredictionError (SpLeftRecursion 0)
1,20260726T135725.806593Z,earley,cfg5,Left-recursive ambiguity through X → Y | Z,costar,earley.cfg5.n021,n021,n,21,21,a a a a a a a a a a a a a a a a a a a a a,52267fe9dc1a9390da3667ab75f1a4aca55c6d4f1325144f5c8e29b5727e2c8e,60.0,ok,parser_error,unknown,unknown,false,953,56797,,left_recursion,PredictionError (SpLeftRecursion 0)
1,20260726T135725.806593Z,earley,cfg5,Left-recursive ambiguity through X → Y | Z,costar,earley.cfg5.n023,n023,n,23,23,a a a a a a a a a a a a a a a a a a a a a a a,e6799515bcbdd5ee6b53fe012a758de396640e9a8320bb62c60a135e2f2ed0a9,60.0,ok,parser_error,unknown,unknown,false,5006,62136,,left_recursion,PredictionError (SpLeftRecursion 0)
1,20260726T135725.806593Z,earley,cfg5,Left-recursive ambiguity through X → Y | Z,costar,earley.cfg5.n025,n025,n,25,25,a a a a a a a a a a a a a a a a a a a a a a a a a,81b5dccafd39c94829cdd6dbdb721e4bda6c9389d4a1928b885745a4a2398e96,60.0,ok,parser_error,unknown,unknown,false,2145,72747,,left_recursion,PredictionError (SpLeftRecursion 0)
1,20260726T135725.806593Z,earley,cfg5,Left-recursive ambiguity through X → Y | Z,costar,earley.cfg5.n027,n027,n,27,27,a a a a a a a a a a a a a a a a a a a a a a a a a a a,2944e42c73262f1a71f9cef1670de3dfc87e6510817754bbe9215a96a5616aea,60.0,ok,parser_error,unknown,unknown,false,4053,61906,,left_recursion,PredictionError (SpLeftRecursion 0)
1,20260726T135725.806593Z,earley,cfg5,Left-recursive ambiguity through X → Y | Z,costar,earley.cfg5.n029,n029,n,29,29,a a a a a a a a a a a a a a a a a a a a a a a a a a a a a,b00b82e962602fde3c0b9ec3258ae2bae3861496472ef35ea0ba894fb1b36288,60.0,ok,parser_error,unknown,unknown,false,953,76574,,left_recursion,PredictionError (SpLeftRecursion 0)
1,20260726T135725.806593Z,earley,cfg5,Left-recursive ambiguity through X → Y | Z,costar,earley.cfg5.n031,n031,n,31,31,a a a a a a a a a a a a a a a a a a a a a a a a a a a a a a a,e2fbf1eb4eccda81f87022da47d499b7c72107a7be5019bdd0123102dedd9a86,60.0,ok,parser_error,unknown,unknown,false,11920,82716,,left_recursion,PredictionError (SpLeftRecursion 0)
1,20260726T135725.806593Z,earley,cfg5,Left-recursive ambiguity through X → Y | Z,costar,earley.cfg5.n033,n033,n,33,33,a a a a a a a a a a a a a a a a a a a a a a a a a a a a a a a a a,65c4a3b876195f39e99ad322a645f2b6badd45a8457409eff406f2b517494769,60.0,ok,parser_error,unknown,unknown,false,1907,79951,,left_recursion,PredictionError (SpLeftRecursion 0)
1,20260726T135725.806593Z,earley,cfg5,Left-recursive ambiguity through X → Y | Z,costar,earley.cfg5.n035,n035,n,35,35,a a a a a a a a a a a a a a a a a a a a a a a a a a a a a a a a a a a,75aa41a2c242377f26ddd63029462f47576aaf2dd3fe5ae73041196b9087bce2,60.0,ok,parser_error,unknown,unknown,false,1907,77696,,left_recursion,PredictionError (SpLeftRecursion 0)
1,20260726T135725.806593Z,earley,cfg5,Left-recursive ambiguity through X → Y | Z,costar,earley.cfg5.n037,n037,n,37,37,a a a a a a a a a a a a a a a a a a a a a a a a a a a a a a a a a a a a a,b26448b546ae7e5bdd674af8247e59052302dbaefba9b9466382f96d0546b77a,60.0,ok,parser_error,unknown,unknown,false,3099,78017,,left_recursion,PredictionError (SpLeftRecursion 0)
1,20260726T135725.806593Z,earley,cfg5,Left-recursive ambiguity through X → Y | Z,costar,earley.cfg5.n039,n039,n,39,39,a a a a a a a a a a a a a a a a a a a a a a a a a a a a a a a a a a a a a a a,18eb99b1deb5a8851590d9f68f7f327bf8a6ad1f6de24b78842bce7ede036532,60.0,ok,parser_error,unknown,unknown,false,0,144121,,left_recursion,PredictionError (SpLeftRecursion 0)
1,20260726T135725.806593Z,earley,cfg5,Left-recursive ambiguity through X → Y | Z,costar,earley.cfg5.n041,n041,n,41,41,a a a a a a a a a a a a a a a a a a a a a a a a a a a a a a a a a a a a a a a a a,5b8435430a4e0f3739618b616494cef52d305f069f4f8f145cd40257d5eb8ca2,60.0,ok,parser_error,unknown,unknown,false,1907,246143,,left_recursion,PredictionError (SpLeftRecursion 0)
1,20260726T135725.806593Z,earley,cfg5,Left-recursive ambiguity through X → Y | Z,costar,earley.cfg5.n043,n043,n,43,43,a a a a a a a a a a a a a a a a a a a a a a a a a a a a a a a a a a a a a a a a a a a,d578dc3affc8d9ac05571b77cd6aa8bb3e86c14a13d0ca1cbd18741b0eb84a0d,60.0,ok,parser_error,unknown,unknown,false,1907,300805,,left_recursion,PredictionError (SpLeftRecursion 0)
1,20260726T135725.806593Z,earley,cfg5,Left-recursive ambiguity through X → Y | Z,costar,earley.cfg5.n045,n045,n,45,45,a a a a a a a a a a a a a a a a a a a a a a a a a a a a a a a a a a a a a a a a a a a a a,95a07021a688c4b629f8896d95faeb2557e8b2db62a670f72409a59a6d2ed69d,60.0,ok,parser_error,unknown,unknown,false,1907,95730,,left_recursion,PredictionError (SpLeftRecursion 0)
1,20260726T135725.806593Z,earley,cfg5,Left-recursive ambiguity through X → Y | Z,costar,earley.cfg5.n047,n047,n,47,47,a a a a a a a a a a a a a a a a a a a a a a a a a a a a a a a a a a a a a a a a a a a a a a a,0a227f109e85e841c1599966769c16123edf77b848a8c2ce018c8b66763a1759,60.0,ok,parser_error,unknown,unknown,false,953,69531,,left_recursion,PredictionError (SpLeftRecursion 0)
1,20260726T135725.806593Z,earley,cfg5,Left-recursive ambiguity through X → Y | Z,costar,earley.cfg5.n049,n049,n,49,49,a a a a a a a a a a a a a a a a a a a a a a a a a a a a a a a a a a a a a a a a a a a a a a a a a,99e8c0fe4c88f0445b7bdd1ddd8903d345647bb315228d3ed9b8e3f9a1453067,60.0,ok,parser_error,unknown,unknown,false,953,121078,,left_recursion,PredictionError (SpLeftRecursion 0)
1,20260726T135725.806593Z,earley,cfg5,Left-recursive ambiguity through X → Y | Z,costar,earley.cfg5.n051,n051,n,51,51,a a a a a a a a a a a a a a a a a a a a a a a a a a a a a a a a a a a a a a a a a a a a a a a a a a a,08f26910e932063059fae5c479867d6997cf56d64a6ad0363853dd6848e5a131,60.0,ok,parser_error,unknown,unknown,false,1907,96933,,left_recursion,PredictionError (SpLeftRecursion 0)
1,20260726T135725.806593Z,earley,cfg5,Left-recursive ambiguity through X → Y | Z,costar,earley.cfg5.n053,n053,n,53,53,a a a a a a a a a a a a a a a a a a a a a a a a a a a a a a a a a a a a a a a a a a a a a a a a a a a a a,9a57ed48fdc55fce48079815c33dec4ee1dfb5e7c9acf3ce1ae1102961759834,60.0,ok,parser_error,unknown,unknown,false,2145,122410,,left_recursion,PredictionError (SpLeftRecursion 0)
1,20260726T135725.806593Z,earley,cfg5,Left-recursive ambiguity through X → Y | Z,costar,earley.cfg5.n055,n055,n,55,55,a a a a a a a a a a a a a a a a a a a a a a a a a a a a a a a a a a a a a a a a a a a a a a a a a a a a a a a,397471ff60216f6a8bae3bf00d4f76e8643bb5dac774582749fc24ef11816b24,60.0,ok,parser_error,unknown,unknown,false,4053,96331,,left_recursion,PredictionError (SpLeftRecursion 0)
1,20260726T135725.806593Z,earley,cfg5,Left-recursive ambiguity through X → Y | Z,costar,earley.cfg5.n057,n057,n,57,57,a a a a a a a a a a a a a a a a a a a a a a a a a a a a a a a a a a a a a a a a a a a a a a a a a a a a a a a a a,b6388e1e8f6c10ccc2277fad64251a43a039604b11b2e3c9e3b9c331e606dc3a,60.0,ok,parser_error,unknown,unknown,false,1907,83907,,left_recursion,PredictionError (SpLeftRecursion 0)
1,20260726T135725.806593Z,earley,cfg5,Left-recursive ambiguity through X → Y | Z,costar,earley.cfg5.n059,n059,n,59,59,a a a a a a a a a a a a a a a a a a a a a a a a a a a a a a a a a a a a a a a a a a a a a a a a a a a a a a a a a a a,9e271998808c273754c2be85eeb5ef9477ebdfddc4375a4f82ed6e8d64734550,60.0,ok,parser_error,unknown,unknown,false,1192,98976,,left_recursion,PredictionError (SpLeftRecursion 0)
1,20260726T135725.806593Z,earley,cfg5,Left-recursive ambiguity through X → Y | Z,costar,earley.cfg5.n061,n061,n,61,61,a a a a a a a a a a a a a a a a a a a a a a a a a a a a a a a a a a a a a a a a a a a a a a a a a a a a a a a a a a a a a,8b72598a941c6c337740fe03485056c52ff6ea510c78629e8029d2b497447e93,60.0,ok,parser_error,unknown,unknown,false,3099,104817,,left_recursion,PredictionError (SpLeftRecursion 0)
1,20260726T135725.806593Z,earley,cfg5,Left-recursive ambiguity through X → Y | Z,costar,earley.cfg5.n063,n063,n,63,63,a a a a a a a a a a a a a a a a a a a a a a a a a a a a a a a a a a a a a a a a a a a a a a a a a a a a a a a a a a a a a a a,bd61fffc8dc55a105796ce4395d2822c95221106e3dce37912b244042a801b52,60.0,ok,parser_error,unknown,unknown,false,2145,115507,,left_recursion,PredictionError (SpLeftRecursion 0)
1,20260726T135725.806593Z,earley,cfg5,Left-recursive ambiguity through X → Y | Z,costar,earley.cfg5.n065,n065,n,65,65,a a a a a a a a a a a a a a a a a a a a a a a a a a a a a a a a a a a a a a a a a a a a a a a a a a a a a a a a a a a a a a a a a,32db1b66466ec271199a28a886eab9eef6f72a88d1dd49de6c67a73925842bfa,60.0,ok,parser_error,unknown,unknown,false,3814,120045,,left_recursion,PredictionError (SpLeftRecursion 0)
1,20260726T135725.806593Z,earley,cfg1,Ambiguous binary concatenation: S → S S | a,earley,earley.cfg1.n055,n055,n,55,55,a a a a a a a a a a a a a a a a a a a a a a a a a a a a a a a a a a a a a a a a a a a a a a a a a a a a a a a,397471ff60216f6a8bae3bf00d4f76e8643bb5dac774582749fc24ef11816b24,60.0,ok,accept,true,unknown,true,64704000,67030455,,,
1,20260726T135725.806593Z,classical,R1,Regular a* b,lean,classical.R1.small,small,n,4,5,a a a a b,ff5ea2482d53535f9b14a06c5ed33563842f5ba82115939a432e153b486fd104,60.0,ok,accept,true,unknown,true,178897,370547,,,
1,20260726T135725.806593Z,classical,R1,Regular a* b,lean,classical.R1.medium,medium,n,32,33,a a a a a a a a a a a a a a a a a a a a a a a a a a a a a a a a b,ca4c9888949ea7a97f2b3fe2cf2c8e1a5d04ea9b4343f6fe7563c91c56897c01,60.0,ok,accept,true,unknown,true,6129711,6364082,,,
1,20260726T135725.806593Z,earley,cfg1,Ambiguous binary concatenation: S → S S | a,earley,earley.cfg1.n057,n057,n,57,57,a a a a a a a a a a a a a a a a a a a a a a a a a a a a a a a a a a a a a a a a a a a a a a a a a a a a a a a a a,b6388e1e8f6c10ccc2277fad64251a43a039604b11b2e3c9e3b9c331e606dc3a,60.0,ok,accept,true,unknown,true,86596000,90014613,,,
1,20260726T135725.806593Z,earley,cfg1,Ambiguous binary concatenation: S → S S | a,earley,earley.cfg1.n059,n059,n,59,59,a a a a a a a a a a a a a a a a a a a a a a a a a a a a a a a a a a a a a a a a a a a a a a a a a a a a a a a a a a a,9e271998808c273754c2be85eeb5ef9477ebdfddc4375a4f82ed6e8d64734550,60.0,ok,accept,true,unknown,true,97949000,101494738,,,
1,20260726T135725.806593Z,earley,cfg1,Ambiguous binary concatenation: S → S S | a,earley,earley.cfg1.n061,n061,n,61,61,a a a a a a a a a a a a a a a a a a a a a a a a a a a a a a a a a a a a a a a a a a a a a a a a a a a a a a a a a a a a a,8b72598a941c6c337740fe03485056c52ff6ea510c78629e8029d2b497447e93,60.0,ok,accept,true,unknown,true,68922000,72683871,,,
1,20260726T135725.806593Z,earley,cfg1,Ambiguous binary concatenation: S → S S | a,earley,earley.cfg1.n063,n063,n,63,63,a a a a a a a a a a a a a a a a a a a a a a a a a a a a a a a a a a a a a a a a a a a a a a a a a a a a a a a a a a a a a a a,bd61fffc8dc55a105796ce4395d2822c95221106e3dce37912b244042a801b52,60.0,ok,accept,true,unknown,true,48948000,51907827,,,
1,20260726T135725.806593Z,earley,cfg1,Ambiguous binary concatenation: S → S S | a,earley,earley.cfg1.n065,n065,n,65,65,a a a a a a a a a a a a a a a a a a a a a a a a a a a a a a a a a a a a a a a a a a a a a a a a a a a a a a a a a a a a a a a a a,32db1b66466ec271199a28a886eab9eef6f72a88d1dd49de6c67a73925842bfa,60.0,ok,accept,true,unknown,true,48224000,51528053,,,
1,20260726T135725.806593Z,classical,R1,Regular a* b,lean,classical.R1.large,large,n,256,257,a a a a a a a a a a a a a a a a a a a a a a a a a a a a a a a a a a a a a a a a a a a a a a a a a a a a a a a a a a a a a a a a a a a a a a a a a a a a a a a a a a a a a a a a a a a a a a a a a a a a a a a a a a a a a a a a a a a a a a a a a a a a a a a a a a a a a a a a a a a a a a a a a a a a a a a a a a a a a a a a a a a a a a a a a a a a a a a a a a a a a a a a a a a a a a a a a a a a a a a a a a a a a a a a a a a a a a a a a a a a a a a a a a a a a a a a a a a a a a a a a a a a a a a a a a a a a a a a b,17b8cd0d3d958ffd7c705c894736b50f15162c97765ffbb3d75ef167d60ebac8,60.0,ok,accept,true,unknown,true,352898662,353893804,,,
1,20260726T135725.806593Z,earley,cfg5,Left-recursive ambiguity through X → Y | Z,lean,earley.cfg5.n015,n015,n,15,15,a a a a a a a a a a a a a a a,3416fc43996281553685fd94058cc330ea85b1701526c7b29085904306440a1f,60.0,ok,accept,true,unknown,true,862855235,863359774,,,
1,20260726T135725.806593Z,earley,cfg1,Ambiguous binary concatenation: S → S S | a,lean,earley.cfg1.n019,n019,n,19,19,a a a a a a a a a a a a a a a a a a a,92e55c5847d9d2f40be9a63ff52228772e1f012e98e45af96f74f7d6dd44c6e0,60.0,ok,accept,true,unknown,true,2177506936,2178574414,,,
1,20260726T135725.806593Z,classical,R1,Regular a* b,costar,classical.R1.small,small,n,4,5,a a a a b,ff5ea2482d53535f9b14a06c5ed33563842f5ba82115939a432e153b486fd104,60.0,ok,accept,true,unique,true,14066,119665,,,
1,20260726T135725.806593Z,classical,R1,Regular a* b,costar,classical.R1.medium,medium,n,32,33,a a a a a a a a a a a a a a a a a a a a a a a a a a a a a a a a b,ca4c9888949ea7a97f2b3fe2cf2c8e1a5d04ea9b4343f6fe7563c91c56897c01,60.0,ok,accept,true,unique,true,51975,146877,,,
1,20260726T135725.806593Z,classical,R1,Regular a* b,costar,classical.R1.large,large,n,256,257,a a a a a a a a a a a a a a a a a a a a a a a a a a a a a a a a a a a a a a a a a a a a a a a a a a a a a a a a a a a a a a a a a a a a a a a a a a a a a a a a a a a a a a a a a a a a a a a a a a a a a a a a a a a a a a a a a a a a a a a a a a a a a a a a a a a a a a a a a a a a a a a a a a a a a a a a a a a a a a a a a a a a a a a a a a a a a a a a a a a a a a a a a a a a a a a a a a a a a a a a a a a a a a a a a a a a a a a a a a a a a a a a a a a a a a a a a a a a a a a a a a a a a a a a a a a a a a a a b,17b8cd0d3d958ffd7c705c894736b50f15162c97765ffbb3d75ef167d60ebac8,60.0,ok,accept,true,unique,true,319957,459314,,,
1,20260726T135725.806593Z,classical,R2,Regular (a b)* c,lean,classical.R2.small,small,n,3,7,a b a b a b c,076e538b97eeabe584d577bb52109f34be9f7cb5ec92abd6727d21cdb0ffd137,60.0,ok,accept,true,unknown,true,401235,589549,,,
1,20260726T135725.806593Z,classical,R2,Regular (a b)* c,lean,classical.R2.medium,medium,n,32,65,a b a b a b a b a b a b a b a b a b a b a b a b a b a b a b a b a b a b a b a b a b a b a b a b a b a b a b a b a b a b a b a b c,4041b896a2170ee825f9deb7013960d52d7db61c77488527a5cbd319b73c4257,60.0,ok,accept,true,unknown,true,21651060,21987111,,,
1,20260726T135725.806593Z,earley,cfg4,Left-recursive linear: S → S a | a,earley,earley.cfg4.n001,n001,n,1,1,a,ca978112ca1bbdcafac231b39a23dc4da786eff8147c4e72b9807785afee48bb,60.0,ok,accept,true,unknown,true,15000,355158,,,
1,20260726T135725.806593Z,earley,cfg4,Left-recursive linear: S → S a | a,earley,earley.cfg4.n003,n003,n,3,3,a a a,bb6e995be430b5ada013a56dd224abfddbeff83ef54dd2fef79470c6cf440919,60.0,ok,accept,true,unknown,true,12000,242647,,,
1,20260726T135725.806593Z,earley,cfg4,Left-recursive linear: S → S a | a,earley,earley.cfg4.n005,n005,n,5,5,a a a a a,dcf26724f098d41cc1f3fbeee167bde3aab05eb59e85eaf77318374c136d82a1,60.0,ok,accept,true,unknown,true,16000,356781,,,
1,20260726T135725.806593Z,earley,cfg4,Left-recursive linear: S → S a | a,earley,earley.cfg4.n007,n007,n,7,7,a a a a a a a,c39b9e5f245ca64e7524d3d027ef1b7cbd9c9f2eba54ca591c7ecd770a2a07d7,60.0,ok,accept,true,unknown,true,18000,240472,,,
1,20260726T135725.806593Z,earley,cfg4,Left-recursive linear: S → S a | a,earley,earley.cfg4.n009,n009,n,9,9,a a a a a a a a a,5246bd9d247b3551cdb6eba59ea82519f675b231f59836e63169ee5864f90046,60.0,ok,accept,true,unknown,true,18000,261041,,,
1,20260726T135725.806593Z,earley,cfg4,Left-recursive linear: S → S a | a,earley,earley.cfg4.n011,n011,n,11,11,a a a a a a a a a a a,b83899a801d9f023f810c6e76f61d7bf5973986bd70abc4cc2863d97f9b2d782,60.0,ok,accept,true,unknown,true,17000,240823,,,
1,20260726T135725.806593Z,earley,cfg4,Left-recursive linear: S → S a | a,earley,earley.cfg4.n013,n013,n,13,13,a a a a a a a a a a a a a,0f19eca59bf1d47974b3df7c910fa2f7d0addfc109d422fe8c6a368c7b780a13,60.0,ok,accept,true,unknown,true,26000,220434,,,
1,20260726T135725.806593Z,earley,cfg4,Left-recursive linear: S → S a | a,earley,earley.cfg4.n015,n015,n,15,15,a a a a a a a a a a a a a a a,3416fc43996281553685fd94058cc330ea85b1701526c7b29085904306440a1f,60.0,ok,accept,true,unknown,true,31000,203443,,,
1,20260726T135725.806593Z,earley,cfg4,Left-recursive linear: S → S a | a,earley,earley.cfg4.n017,n017,n,17,17,a a a a a a a a a a a a a a a a a,3bccac4813bc2f376ff12845988fa5e600575c184ac5f21ab1b8915969532a0a,60.0,ok,accept,true,unknown,true,28000,194646,,,
1,20260726T135725.806593Z,earley,cfg4,Left-recursive linear: S → S a | a,earley,earley.cfg4.n019,n019,n,19,19,a a a a a a a a a a a a a a a a a a a,92e55c5847d9d2f40be9a63ff52228772e1f012e98e45af96f74f7d6dd44c6e0,60.0,ok,accept,true,unknown,true,36000,204665,,,
1,20260726T135725.806593Z,earley,cfg4,Left-recursive linear: S → S a | a,earley,earley.cfg4.n021,n021,n,21,21,a a a a a a a a a a a a a a a a a a a a a,52267fe9dc1a9390da3667ab75f1a4aca55c6d4f1325144f5c8e29b5727e2c8e,60.0,ok,accept,true,unknown,true,30000,184677,,,
1,20260726T135725.806593Z,earley,cfg4,Left-recursive linear: S → S a | a,earley,earley.cfg4.n023,n023,n,23,23,a a a a a a a a a a a a a a a a a a a a a a a,e6799515bcbdd5ee6b53fe012a758de396640e9a8320bb62c60a135e2f2ed0a9,60.0,ok,accept,true,unknown,true,26000,182684,,,
1,20260726T135725.806593Z,earley,cfg4,Left-recursive linear: S → S a | a,earley,earley.cfg4.n025,n025,n,25,25,a a a a a a a a a a a a a a a a a a a a a a a a a,81b5dccafd39c94829cdd6dbdb721e4bda6c9389d4a1928b885745a4a2398e96,60.0,ok,accept,true,unknown,true,28000,205457,,,
1,20260726T135725.806593Z,earley,cfg4,Left-recursive linear: S → S a | a,earley,earley.cfg4.n027,n027,n,27,27,a a a a a a a a a a a a a a a a a a a a a a a a a a a,2944e42c73262f1a71f9cef1670de3dfc87e6510817754bbe9215a96a5616aea,60.0,ok,accept,true,unknown,true,42000,200948,,,
1,20260726T135725.806593Z,earley,cfg4,Left-recursive linear: S → S a | a,earley,earley.cfg4.n029,n029,n,29,29,a a a a a a a a a a a a a a a a a a a a a a a a a a a a a,b00b82e962602fde3c0b9ec3258ae2bae3861496472ef35ea0ba894fb1b36288,60.0,ok,accept,true,unknown,true,52000,224412,,,
1,20260726T135725.806593Z,earley,cfg4,Left-recursive linear: S → S a | a,earley,earley.cfg4.n031,n031,n,31,31,a a a a a a a a a a a a a a a a a a a a a a a a a a a a a a a,e2fbf1eb4eccda81f87022da47d499b7c72107a7be5019bdd0123102dedd9a86,60.0,ok,accept,true,unknown,true,60000,248909,,,
1,20260726T135725.806593Z,earley,cfg4,Left-recursive linear: S → S a | a,earley,earley.cfg4.n033,n033,n,33,33,a a a a a a a a a a a a a a a a a a a a a a a a a a a a a a a a a,65c4a3b876195f39e99ad322a645f2b6badd45a8457409eff406f2b517494769,60.0,ok,accept,true,unknown,true,49000,201549,,,
1,20260726T135725.806593Z,earley,cfg4,Left-recursive linear: S → S a | a,earley,earley.cfg4.n035,n035,n,35,35,a a a a a a a a a a a a a a a a a a a a a a a a a a a a a a a a a a a,75aa41a2c242377f26ddd63029462f47576aaf2dd3fe5ae73041196b9087bce2,60.0,ok,accept,true,unknown,true,79000,252284,,,
1,20260726T135725.806593Z,earley,cfg4,Left-recursive linear: S → S a | a,earley,earley.cfg4.n037,n037,n,37,37,a a a a a a a a a a a a a a a a a a a a a a a a a a a a a a a a a a a a a,b26448b546ae7e5bdd674af8247e59052302dbaefba9b9466382f96d0546b77a,60.0,ok,accept,true,unknown,true,64000,254169,,,
1,20260726T135725.806593Z,earley,cfg4,Left-recursive linear: S → S a | a,earley,earley.cfg4.n039,n039,n,39,39,a a a a a a a a a a a a a a a a a a a a a a a a a a a a a a a a a a a a a a a,18eb99b1deb5a8851590d9f68f7f327bf8a6ad1f6de24b78842bce7ede036532,60.0,ok,accept,true,unknown,true,88000,1236716,,,
1,20260726T135725.806593Z,earley,cfg4,Left-recursive linear: S → S a | a,earley,earley.cfg4.n041,n041,n,41,41,a a a a a a a a a a a a a a a a a a a a a a a a a a a a a a a a a a a a a a a a a,5b8435430a4e0f3739618b616494cef52d305f069f4f8f145cd40257d5eb8ca2,60.0,ok,accept,true,unknown,true,88000,317928,,,
1,20260726T135725.806593Z,earley,cfg4,Left-recursive linear: S → S a | a,earley,earley.cfg4.n043,n043,n,43,43,a a a a a a a a a a a a a a a a a a a a a a a a a a a a a a a a a a a a a a a a a a a,d578dc3affc8d9ac05571b77cd6aa8bb3e86c14a13d0ca1cbd18741b0eb84a0d,60.0,ok,accept,true,unknown,true,76000,295576,,,
1,20260726T135725.806593Z,earley,cfg4,Left-recursive linear: S → S a | a,earley,earley.cfg4.n045,n045,n,45,45,a a a a a a a a a a a a a a a a a a a a a a a a a a a a a a a a a a a a a a a a a a a a a,95a07021a688c4b629f8896d95faeb2557e8b2db62a670f72409a59a6d2ed69d,60.0,ok,accept,true,unknown,true,77000,291398,,,
1,20260726T135725.806593Z,earley,cfg4,Left-recursive linear: S → S a | a,earley,earley.cfg4.n047,n047,n,47,47,a a a a a a a a a a a a a a a a a a a a a a a a a a a a a a a a a a a a a a a a a a a a a a a,0a227f109e85e841c1599966769c16123edf77b848a8c2ce018c8b66763a1759,60.0,ok,accept,true,unknown,true,81000,506913,,,
1,20260726T135725.806593Z,earley,cfg4,Left-recursive linear: S → S a | a,earley,earley.cfg4.n049,n049,n,49,49,a a a a a a a a a a a a a a a a a a a a a a a a a a a a a a a a a a a a a a a a a a a a a a a a a,99e8c0fe4c88f0445b7bdd1ddd8903d345647bb315228d3ed9b8e3f9a1453067,60.0,ok,accept,true,unknown,true,125000,367561,,,
1,20260726T135725.806593Z,earley,cfg4,Left-recursive linear: S → S a | a,earley,earley.cfg4.n051,n051,n,51,51,a a a a a a a a a a a a a a a a a a a a a a a a a a a a a a a a a a a a a a a a a a a a a a a a a a a,08f26910e932063059fae5c479867d6997cf56d64a6ad0363853dd6848e5a131,60.0,ok,accept,true,unknown,true,180000,485393,,,
1,20260726T135725.806593Z,earley,cfg4,Left-recursive linear: S → S a | a,earley,earley.cfg4.n053,n053,n,53,53,a a a a a a a a a a a a a a a a a a a a a a a a a a a a a a a a a a a a a a a a a a a a a a a a a a a a a,9a57ed48fdc55fce48079815c33dec4ee1dfb5e7c9acf3ce1ae1102961759834,60.0,ok,accept,true,unknown,true,102000,359706,,,
1,20260726T135725.806593Z,earley,cfg4,Left-recursive linear: S → S a | a,earley,earley.cfg4.n055,n055,n,55,55,a a a a a a a a a a a a a a a a a a a a a a a a a a a a a a a a a a a a a a a a a a a a a a a a a a a a a a a,397471ff60216f6a8bae3bf00d4f76e8643bb5dac774582749fc24ef11816b24,60.0,ok,accept,true,unknown,true,104000,318259,,,
1,20260726T135725.806593Z,earley,cfg4,Left-recursive linear: S → S a | a,earley,earley.cfg4.n057,n057,n,57,57,a a a a a a a a a a a a a a a a a a a a a a a a a a a a a a a a a a a a a a a a a a a a a a a a a a a a a a a a a,b6388e1e8f6c10ccc2277fad64251a43a039604b11b2e3c9e3b9c331e606dc3a,60.0,ok,accept,true,unknown,true,113000,411795,,,
1,20260726T135725.806593Z,earley,cfg4,Left-recursive linear: S → S a | a,earley,earley.cfg4.n059,n059,n,59,59,a a a a a a a a a a a a a a a a a a a a a a a a a a a a a a a a a a a a a a a a a a a a a a a a a a a a a a a a a a a,9e271998808c273754c2be85eeb5ef9477ebdfddc4375a4f82ed6e8d64734550,60.0,ok,accept,true,unknown,true,219000,556106,,,
1,20260726T135725.806593Z,earley,cfg4,Left-recursive linear: S → S a | a,earley,earley.cfg4.n061,n061,n,61,61,a a a a a a a a a a a a a a a a a a a a a a a a a a a a a a a a a a a a a a a a a a a a a a a a a a a a a a a a a a a a a,8b72598a941c6c337740fe03485056c52ff6ea510c78629e8029d2b497447e93,60.0,ok,accept,true,unknown,true,189000,430751,,,
1,20260726T135725.806593Z,earley,cfg4,Left-recursive linear: S → S a | a,earley,earley.cfg4.n063,n063,n,63,63,a a a a a a a a a a a a a a a a a a a a a a a a a a a a a a a a a a a a a a a a a a a a a a a a a a a a a a a a a a a a a a a,bd61fffc8dc55a105796ce4395d2822c95221106e3dce37912b244042a801b52,60.0,ok,accept,true,unknown,true,118000,384975,,,
1,20260726T135725.806593Z,earley,cfg4,Left-recursive linear: S → S a | a,earley,earley.cfg4.n065,n065,n,65,65,a a a a a a a a a a a a a a a a a a a a a a a a a a a a a a a a a a a a a a a a a a a a a a a a a a a a a a a a a a a a a a a a a,32db1b66466ec271199a28a886eab9eef6f72a88d1dd49de6c67a73925842bfa,60.0,ok,accept,true,unknown,true,127000,339769,,,
1,20260726T135725.806593Z,earley,cfg5,Left-recursive ambiguity through X → Y | Z,lean,earley.cfg5.n017,n017,n,17,17,a a a a a a a a a a a a a a a a a,3bccac4813bc2f376ff12845988fa5e600575c184ac5f21ab1b8915969532a0a,60.0,ok,accept,true,unknown,true,1476689951,1477413321,,,
1,20260726T135725.806593Z,classical,R2,Regular (a b)* c,lean,classical.R2.large,large,n,256,513,a b a b a b a b a b a b a b a b a b a b a b a b a b a b a b a b a b a b a b a b a b a b a b a b a b a b a b a b a b a b a b a b a b a b a b a b a b a b a b a b a b a b a b a b a b a b a b a b a b a b a b a b a b a b a b a b a b a b a b a b a b a b a b a b a b a b a b a b a b a b a b a b a b a b a b a b a b a b a b a b a b a b a b a b a b a b a b a b a b a b a b a b a b a b a b a b a b a b a b a b a b a b a b a b a b a b a b a b a b a b a b a b a b a b a b a b a b a b a b a b a b a b a b a b a b a b a b a b a b a b a b a b a b a b a b a b a b a b a b a b a b a b a b a b a b a b a b a b a b a b a b a b a b a b a b a b a b a b a b a b a b a b a b a b a b a b a b a b a b a b a b a b a b a b a b a b a b a b a b a b a b a b a b a b a b a b a b a b a b a b a b a b a b a b a b a b a b a b a b a b a b a b a b a b a b a b a b a b a b a b a b a b a b a b a b a b a b a b a b a b a b a b a b a b a b a b a b a b a b a b a b a b a b a b a b a b a b a b a b a b a b a b a b a b a b a b a b a b a b a b a b a b a b a b a b a b c,214f64192493824ae414ecfe9673241d3d508a610031e255c48bb5c2bf60a15c,60.0,ok,accept,true,unknown,true,1687892579,1691357326,,,
1,20260726T135725.806593Z,classical,R2,Regular (a b)* c,costar,classical.R2.small,small,n,3,7,a b a b a b c,076e538b97eeabe584d577bb52109f34be9f7cb5ec92abd6727d21cdb0ffd137,60.0,ok,accept,true,unique,true,21219,205998,,,
1,20260726T135725.806593Z,classical,R2,Regular (a b)* c,costar,classical.R2.medium,medium,n,32,65,a b a b a b a b a b a b a b a b a b a b a b a b a b a b a b a b a b a b a b a b a b a b a b a b a b a b a b a b a b a b a b a b c,4041b896a2170ee825f9deb7013960d52d7db61c77488527a5cbd319b73c4257,60.0,ok,accept,true,unique,true,78916,195237,,,
1,20260726T135725.806593Z,classical,R2,Regular (a b)* c,costar,classical.R2.large,large,n,256,513,a b a b a b a b a b a b a b a b a b a b a b a b a b a b a b a b a b a b a b a b a b a b a b a b a b a b a b a b a b a b a b a b a b a b a b a b a b a b a b a b a b a b a b a b a b a b a b a b a b a b a b a b a b a b a b a b a b a b a b a b a b a b a b a b a b a b a b a b a b a b a b a b a b a b a b a b a b a b a b a b a b a b a b a b a b a b a b a b a b a b a b a b a b a b a b a b a b a b a b a b a b a b a b a b a b a b a b a b a b a b a b a b a b a b a b a b a b a b a b a b a b a b a b a b a b a b a b a b a b a b a b a b a b a b a b a b a b a b a b a b a b a b a b a b a b a b a b a b a b a b a b a b a b a b a b a b a b a b a b a b a b a b a b a b a b a b a b a b a b a b a b a b a b a b a b a b a b a b a b a b a b a b a b a b a b a b a b a b a b a b a b a b a b a b a b a b a b a b a b a b a b a b a b a b a b a b a b a b a b a b a b a b a b a b a b a b a b a b a b a b a b a b a b a b a b a b a b a b a b a b a b a b a b a b a b a b a b a b a b a b a b a b a b a b a b a b a b a b a b a b a b a b a b a b a b a b c,214f64192493824ae414ecfe9673241d3d508a610031e255c48bb5c2bf60a15c,60.0,ok,accept,true,unique,true,650882,930601,,,
1,20260726T135725.806593Z,classical,P1,Context-free a^n b^n,lean,classical.P1.small,small,n,4,8,a a a a b b b b,847e5485c8ce109e62513b7c3dac5a77328a28465985a9d74729ca5319474d2d,60.0,ok,accept,true,unknown,true,716829,864846,,,
1,20260726T135725.806593Z,classical,P1,Context-free a^n b^n,lean,classical.P1.medium,medium,n,32,64,a a a a a a a a a a a a a a a a a a a a a a a a a a a a a a a a b b b b b b b b b b b b b b b b b b b b b b b b b b b b b b b b,6ea9f555bd080295f2e4cd2b071a2d592ac3b4c90723250f42eafb4c794c0074,60.0,ok,accept,true,unknown,true,26954105,27263217,,,
1,20260726T135725.806593Z,earley,cfg5,Left-recursive ambiguity through X → Y | Z,earley,earley.cfg5.n001,n001,n,1,1,a,ca978112ca1bbdcafac231b39a23dc4da786eff8147c4e72b9807785afee48bb,60.0,ok,accept,true,unknown,true,25000,292931,,,
1,20260726T135725.806593Z,earley,cfg5,Left-recursive ambiguity through X → Y | Z,earley,earley.cfg5.n003,n003,n,3,3,a a a,bb6e995be430b5ada013a56dd224abfddbeff83ef54dd2fef79470c6cf440919,60.0,ok,accept,true,unknown,true,34000,199976,,,
1,20260726T135725.806593Z,earley,cfg5,Left-recursive ambiguity through X → Y | Z,earley,earley.cfg5.n005,n005,n,5,5,a a a a a,dcf26724f098d41cc1f3fbeee167bde3aab05eb59e85eaf77318374c136d82a1,60.0,ok,accept,true,unknown,true,113000,322336,,,
1,20260726T135725.806593Z,earley,cfg5,Left-recursive ambiguity through X → Y | Z,earley,earley.cfg5.n007,n007,n,7,7,a a a a a a a,c39b9e5f245ca64e7524d3d027ef1b7cbd9c9f2eba54ca591c7ecd770a2a07d7,60.0,ok,accept,true,unknown,true,89000,537190,,,
1,20260726T135725.806593Z,earley,cfg5,Left-recursive ambiguity through X → Y | Z,earley,earley.cfg5.n009,n009,n,9,9,a a a a a a a a a,5246bd9d247b3551cdb6eba59ea82519f675b231f59836e63169ee5864f90046,60.0,ok,accept,true,unknown,true,116000,320623,,,
1,20260726T135725.806593Z,earley,cfg5,Left-recursive ambiguity through X → Y | Z,earley,earley.cfg5.n011,n011,n,11,11,a a a a a a a a a a a,b83899a801d9f023f810c6e76f61d7bf5973986bd70abc4cc2863d97f9b2d782,60.0,ok,accept,true,unknown,true,119000,317998,,,
1,20260726T135725.806593Z,earley,cfg5,Left-recursive ambiguity through X → Y | Z,earley,earley.cfg5.n013,n013,n,13,13,a a a a a a a a a a a a a,0f19eca59bf1d47974b3df7c910fa2f7d0addfc109d422fe8c6a368c7b780a13,60.0,ok,accept,true,unknown,true,172000,362152,,,
1,20260726T135725.806593Z,earley,cfg5,Left-recursive ambiguity through X → Y | Z,earley,earley.cfg5.n015,n015,n,15,15,a a a a a a a a a a a a a a a,3416fc43996281553685fd94058cc330ea85b1701526c7b29085904306440a1f,60.0,ok,accept,true,unknown,true,186000,424369,,,
1,20260726T135725.806593Z,earley,cfg5,Left-recursive ambiguity through X → Y | Z,earley,earley.cfg5.n017,n017,n,17,17,a a a a a a a a a a a a a a a a a,3bccac4813bc2f376ff12845988fa5e600575c184ac5f21ab1b8915969532a0a,60.0,ok,accept,true,unknown,true,288000,508978,,,
1,20260726T135725.806593Z,earley,cfg5,Left-recursive ambiguity through X → Y | Z,earley,earley.cfg5.n019,n019,n,19,19,a a a a a a a a a a a a a a a a a a a,92e55c5847d9d2f40be9a63ff52228772e1f012e98e45af96f74f7d6dd44c6e0,60.0,ok,accept,true,unknown,true,249000,438274,,,
1,20260726T135725.806593Z,earley,cfg5,Left-recursive ambiguity through X → Y | Z,earley,earley.cfg5.n021,n021,n,21,21,a a a a a a a a a a a a a a a a a a a a a,52267fe9dc1a9390da3667ab75f1a4aca55c6d4f1325144f5c8e29b5727e2c8e,60.0,ok,accept,true,unknown,true,207000,386687,,,
1,20260726T135725.806593Z,earley,cfg5,Left-recursive ambiguity through X → Y | Z,earley,earley.cfg5.n023,n023,n,23,23,a a a a a a a a a a a a a a a a a a a a a a a,e6799515bcbdd5ee6b53fe012a758de396640e9a8320bb62c60a135e2f2ed0a9,60.0,ok,accept,true,unknown,true,212000,384634,,,
1,20260726T135725.806593Z,earley,cfg5,Left-recursive ambiguity through X → Y | Z,earley,earley.cfg5.n025,n025,n,25,25,a a a a a a a a a a a a a a a a a a a a a a a a a,81b5dccafd39c94829cdd6dbdb721e4bda6c9389d4a1928b885745a4a2398e96,60.0,ok,accept,true,unknown,true,213000,375307,,,
1,20260726T135725.806593Z,earley,cfg5,Left-recursive ambiguity through X → Y | Z,earley,earley.cfg5.n027,n027,n,27,27,a a a a a a a a a a a a a a a a a a a a a a a a a a a,2944e42c73262f1a71f9cef1670de3dfc87e6510817754bbe9215a96a5616aea,60.0,ok,accept,true,unknown,true,251000,421432,,,
1,20260726T135725.806593Z,earley,cfg5,Left-recursive ambiguity through X → Y | Z,earley,earley.cfg5.n029,n029,n,29,29,a a a a a a a a a a a a a a a a a a a a a a a a a a a a a,b00b82e962602fde3c0b9ec3258ae2bae3861496472ef35ea0ba894fb1b36288,60.0,ok,accept,true,unknown,true,369000,575773,,,
1,20260726T135725.806593Z,earley,cfg5,Left-recursive ambiguity through X → Y | Z,earley,earley.cfg5.n031,n031,n,31,31,a a a a a a a a a a a a a a a a a a a a a a a a a a a a a a a,e2fbf1eb4eccda81f87022da47d499b7c72107a7be5019bdd0123102dedd9a86,60.0,ok,accept,true,unknown,true,416000,625737,,,
1,20260726T135725.806593Z,earley,cfg5,Left-recursive ambiguity through X → Y | Z,earley,earley.cfg5.n033,n033,n,33,33,a a a a a a a a a a a a a a a a a a a a a a a a a a a a a a a a a,65c4a3b876195f39e99ad322a645f2b6badd45a8457409eff406f2b517494769,60.0,ok,accept,true,unknown,true,366000,568669,,,
1,20260726T135725.806593Z,earley,cfg5,Left-recursive ambiguity through X → Y | Z,earley,earley.cfg5.n035,n035,n,35,35,a a a a a a a a a a a a a a a a a a a a a a a a a a a a a a a a a a a,75aa41a2c242377f26ddd63029462f47576aaf2dd3fe5ae73041196b9087bce2,60.0,ok,accept,true,unknown,true,313000,473591,,,
1,20260726T135725.806593Z,earley,cfg5,Left-recursive ambiguity through X → Y | Z,earley,earley.cfg5.n037,n037,n,37,37,a a a a a a a a a a a a a a a a a a a a a a a a a a a a a a a a a a a a a,b26448b546ae7e5bdd674af8247e59052302dbaefba9b9466382f96d0546b77a,60.0,ok,accept,true,unknown,true,377000,562028,,,
1,20260726T135725.806593Z,earley,cfg5,Left-recursive ambiguity through X → Y | Z,earley,earley.cfg5.n039,n039,n,39,39,a a a a a a a a a a a a a a a a a a a a a a a a a a a a a a a a a a a a a a a,18eb99b1deb5a8851590d9f68f7f327bf8a6ad1f6de24b78842bce7ede036532,60.0,ok,accept,true,unknown,true,373000,554443,,,
1,20260726T135725.806593Z,earley,cfg5,Left-recursive ambiguity through X → Y | Z,earley,earley.cfg5.n041,n041,n,41,41,a a a a a a a a a a a a a a a a a a a a a a a a a a a a a a a a a a a a a a a a a,5b8435430a4e0f3739618b616494cef52d305f069f4f8f145cd40257d5eb8ca2,60.0,ok,accept,true,unknown,true,611000,876399,,,
1,20260726T135725.806593Z,earley,cfg5,Left-recursive ambiguity through X → Y | Z,earley,earley.cfg5.n043,n043,n,43,43,a a a a a a a a a a a a a a a a a a a a a a a a a a a a a a a a a a a a a a a a a a a,d578dc3affc8d9ac05571b77cd6aa8bb3e86c14a13d0ca1cbd18741b0eb84a0d,60.0,ok,accept,true,unknown,true,575000,877471,,,
1,20260726T135725.806593Z,earley,cfg5,Left-recursive ambiguity through X → Y | Z,earley,earley.cfg5.n045,n045,n,45,45,a a a a a a a a a a a a a a a a a a a a a a a a a a a a a a a a a a a a a a a a a a a a a,95a07021a688c4b629f8896d95faeb2557e8b2db62a670f72409a59a6d2ed69d,60.0,ok,accept,true,unknown,true,738000,1032683,,,
1,20260726T135725.806593Z,earley,cfg5,Left-recursive ambiguity through X → Y | Z,earley,earley.cfg5.n047,n047,n,47,47,a a a a a a a a a a a a a a a a a a a a a a a a a a a a a a a a a a a a a a a a a a a a a a a,0a227f109e85e841c1599966769c16123edf77b848a8c2ce018c8b66763a1759,60.0,ok,accept,true,unknown,true,955000,1514369,,,
1,20260726T135725.806593Z,earley,cfg5,Left-recursive ambiguity through X → Y | Z,earley,earley.cfg5.n049,n049,n,49,49,a a a a a a a a a a a a a a a a a a a a a a a a a a a a a a a a a a a a a a a a a a a a a a a a a,99e8c0fe4c88f0445b7bdd1ddd8903d345647bb315228d3ed9b8e3f9a1453067,60.0,ok,accept,true,unknown,true,839000,1308161,,,
1,20260726T135725.806593Z,earley,cfg5,Left-recursive ambiguity through X → Y | Z,earley,earley.cfg5.n051,n051,n,51,51,a a a a a a a a a a a a a a a a a a a a a a a a a a a a a a a a a a a a a a a a a a a a a a a a a a a,08f26910e932063059fae5c479867d6997cf56d64a6ad0363853dd6848e5a131,60.0,ok,accept,true,unknown,true,898000,1273376,,,
1,20260726T135725.806593Z,earley,cfg5,Left-recursive ambiguity through X → Y | Z,earley,earley.cfg5.n053,n053,n,53,53,a a a a a a a a a a a a a a a a a a a a a a a a a a a a a a a a a a a a a a a a a a a a a a a a a a a a a,9a57ed48fdc55fce48079815c33dec4ee1dfb5e7c9acf3ce1ae1102961759834,60.0,ok,accept,true,unknown,true,701000,1054012,,,
1,20260726T135725.806593Z,earley,cfg5,Left-recursive ambiguity through X → Y | Z,earley,earley.cfg5.n055,n055,n,55,55,a a a a a a a a a a a a a a a a a a a a a a a a a a a a a a a a a a a a a a a a a a a a a a a a a a a a a a a,397471ff60216f6a8bae3bf00d4f76e8643bb5dac774582749fc24ef11816b24,60.0,ok,accept,true,unknown,true,1002000,1402729,,,
1,20260726T135725.806593Z,earley,cfg5,Left-recursive ambiguity through X → Y | Z,earley,earley.cfg5.n057,n057,n,57,57,a a a a a a a a a a a a a a a a a a a a a a a a a a a a a a a a a a a a a a a a a a a a a a a a a a a a a a a a a,b6388e1e8f6c10ccc2277fad64251a43a039604b11b2e3c9e3b9c331e606dc3a,60.0,ok,accept,true,unknown,true,982000,1337096,,,
1,20260726T135725.806593Z,earley,cfg5,Left-recursive ambiguity through X → Y | Z,earley,earley.cfg5.n059,n059,n,59,59,a a a a a a a a a a a a a a a a a a a a a a a a a a a a a a a a a a a a a a a a a a a a a a a a a a a a a a a a a a a,9e271998808c273754c2be85eeb5ef9477ebdfddc4375a4f82ed6e8d64734550,60.0,ok,accept,true,unknown,true,723000,1057760,,,
1,20260726T135725.806593Z,earley,cfg5,Left-recursive ambiguity through X → Y | Z,earley,earley.cfg5.n061,n061,n,61,61,a a a a a a a a a a a a a a a a a a a a a a a a a a a a a a a a a a a a a a a a a a a a a a a a a a a a a a a a a a a a a,8b72598a941c6c337740fe03485056c52ff6ea510c78629e8029d2b497447e93,60.0,ok,accept,true,unknown,true,751000,1095110,,,
1,20260726T135725.806593Z,earley,cfg5,Left-recursive ambiguity through X → Y | Z,earley,earley.cfg5.n063,n063,n,63,63,a a a a a a a a a a a a a a a a a a a a a a a a a a a a a a a a a a a a a a a a a a a a a a a a a a a a a a a a a a a a a a a,bd61fffc8dc55a105796ce4395d2822c95221106e3dce37912b244042a801b52,60.0,ok,accept,true,unknown,true,971000,1298182,,,
1,20260726T135725.806593Z,earley,cfg5,Left-recursive ambiguity through X → Y | Z,earley,earley.cfg5.n065,n065,n,65,65,a a a a a a a a a a a a a a a a a a a a a a a a a a a a a a a a a a a a a a a a a a a a a a a a a a a a a a a a a a a a a a a a a,32db1b66466ec271199a28a886eab9eef6f72a88d1dd49de6c67a73925842bfa,60.0,ok,accept,true,unknown,true,944000,1283475,,,
1,20260726T135725.806593Z,classical,R1,Regular a* b,earley,classical.R1.small,small,n,4,5,a a a a b,ff5ea2482d53535f9b14a06c5ed33563842f5ba82115939a432e153b486fd104,60.0,ok,accept,true,unknown,true,44000,632330,,,
1,20260726T135725.806593Z,classical,R1,Regular a* b,earley,classical.R1.medium,medium,n,32,33,a a a a a a a a a a a a a a a a a a a a a a a a a a a a a a a a b,ca4c9888949ea7a97f2b3fe2cf2c8e1a5d04ea9b4343f6fe7563c91c56897c01,60.0,ok,accept,true,unknown,true,191000,510541,,,
1,20260726T135725.806593Z,classical,P1,Context-free a^n b^n,lean,classical.P1.large,large,n,256,512,a a a a a a a a a a a a a a a a a a a a a a a a a a a a a a a a a a a a a a a a a a a a a a a a a a a a a a a a a a a a a a a a a a a a a a a a a a a a a a a a a a a a a a a a a a a a a a a a a a a a a a a a a a a a a a a a a a a a a a a a a a a a a a a a a a a a a a a a a a a a a a a a a a a a a a a a a a a a a a a a a a a a a a a a a a a a a a a a a a a a a a a a a a a a a a a a a a a a a a a a a a a a a a a a a a a a a a a a a a a a a a a a a a a a a a a a a a a a a a a a a a a a a a a a a a a a a a a a b b b b b b b b b b b b b b b b b b b b b b b b b b b b b b b b b b b b b b b b b b b b b b b b b b b b b b b b b b b b b b b b b b b b b b b b b b b b b b b b b b b b b b b b b b b b b b b b b b b b b b b b b b b b b b b b b b b b b b b b b b b b b b b b b b b b b b b b b b b b b b b b b b b b b b b b b b b b b b b b b b b b b b b b b b b b b b b b b b b b b b b b b b b b b b b b b b b b b b b b b b b b b b b b b b b b b b b b b b b b b b b b b b b b b b b b b b b b b b b b b b b b b b b b b b b b b b b b,6fc7c33088a92da1fdbd09722c246f988cb4822a185d3cb1a4aad3b08fa8e471,60.0,ok,accept,true,unknown,true,1786621714,1790015930,,,
1,20260726T135725.806593Z,classical,R1,Regular a* b,earley,classical.R1.large,large,n,256,257,a a a a a a a a a a a a a a a a a a a a a a a a a a a a a a a a a a a a a a a a a a a a a a a a a a a a a a a a a a a a a a a a a a a a a a a a a a a a a a a a a a a a a a a a a a a a a a a a a a a a a a a a a a a a a a a a a a a a a a a a a a a a a a a a a a a a a a a a a a a a a a a a a a a a a a a a a a a a a a a a a a a a a a a a a a a a a a a a a a a a a a a a a a a a a a a a a a a a a a a a a a a a a a a a a a a a a a a a a a a a a a a a a a a a a a a a a a a a a a a a a a a a a a a a a a a a a a a a b,17b8cd0d3d958ffd7c705c894736b50f15162c97765ffbb3d75ef167d60ebac8,60.0,ok,accept,true,unknown,true,8278000,8970474,,,
1,20260726T135725.806593Z,classical,P1,Context-free a^n b^n,costar,classical.P1.small,small,n,4,8,a a a a b b b b,847e5485c8ce109e62513b7c3dac5a77328a28465985a9d74729ca5319474d2d,60.0,ok,accept,true,unique,true,15974,144472,,,
1,20260726T135725.806593Z,classical,P1,Context-free a^n b^n,costar,classical.P1.medium,medium,n,32,64,a a a a a a a a a a a a a a a a a a a a a a a a a a a a a a a a b b b b b b b b b b b b b b b b b b b b b b b b b b b b b b b b,6ea9f555bd080295f2e4cd2b071a2d592ac3b4c90723250f42eafb4c794c0074,60.0,ok,accept,true,unique,true,94890,190819,,,
1,20260726T135725.806593Z,classical,P1,Context-free a^n b^n,costar,classical.P1.large,large,n,256,512,a a a a a a a a a a a a a a a a a a a a a a a a a a a a a a a a a a a a a a a a a a a a a a a a a a a a a a a a a a a a a a a a a a a a a a a a a a a a a a a a a a a a a a a a a a a a a a a a a a a a a a a a a a a a a a a a a a a a a a a a a a a a a a a a a a a a a a a a a a a a a a a a a a a a a a a a a a a a a a a a a a a a a a a a a a a a a a a a a a a a a a a a a a a a a a a a a a a a a a a a a a a a a a a a a a a a a a a a a a a a a a a a a a a a a a a a a a a a a a a a a a a a a a a a a a a a a a a a b b b b b b b b b b b b b b b b b b b b b b b b b b b b b b b b b b b b b b b b b b b b b b b b b b b b b b b b b b b b b b b b b b b b b b b b b b b b b b b b b b b b b b b b b b b b b b b b b b b b b b b b b b b b b b b b b b b b b b b b b b b b b b b b b b b b b b b b b b b b b b b b b b b b b b b b b b b b b b b b b b b b b b b b b b b b b b b b b b b b b b b b b b b b b b b b b b b b b b b b b b b b b b b b b b b b b b b b b b b b b b b b b b b b b b b b b b b b b b b b b b b b b b b b b b b b b b b b,6fc7c33088a92da1fdbd09722c246f988cb4822a185d3cb1a4aad3b08fa8e471,60.0,ok,accept,true,unique,true,586986,810815,,,
1,20260726T135725.806593Z,classical,P2,"Predictive, semicolon-terminated identifier list",lean,classical.P2.small,small,items,4,8,ID COMMA ID COMMA ID COMMA ID SEMI,1c8330261ce282056e8fd4ee984a6f01e0324502479b01793d5b847a4a7991ae,60.0,ok,accept,true,unknown,true,197411,368994,,,
1,20260726T135725.806593Z,classical,P2,"Predictive, semicolon-terminated identifier list",lean,classical.P2.medium,medium,items,32,64,ID COMMA ID COMMA ID COMMA ID COMMA ID COMMA ID COMMA ID COMMA ID COMMA ID COMMA ID COMMA ID COMMA ID COMMA ID COMMA ID COMMA ID COMMA ID COMMA ID COMMA ID COMMA ID COMMA ID COMMA ID COMMA ID COMMA ID COMMA ID COMMA ID COMMA ID COMMA ID COMMA ID COMMA ID COMMA ID COMMA ID COMMA ID SEMI,5f42d3c082dd0011320b12f444f243edcbddfc7ed08cc3e361c4fa00c71639cb,60.0,ok,accept,true,unknown,true,5359733,5879741,,,
1,20260726T135725.806593Z,earley,cfg5,Left-recursive ambiguity through X → Y | Z,lean,earley.cfg5.n019,n019,n,19,19,a a a a a a a a a a a a a a a a a a a,92e55c5847d9d2f40be9a63ff52228772e1f012e98e45af96f74f7d6dd44c6e0,60.0,ok,accept,true,unknown,true,2486449688,2486947865,,,
1,20260726T135725.806593Z,earley,cfg1,Ambiguous binary concatenation: S → S S | a,lean,earley.cfg1.n021,n021,n,21,21,a a a a a a a a a a a a a a a a a a a a a,52267fe9dc1a9390da3667ab75f1a4aca55c6d4f1325144f5c8e29b5727e2c8e,60.0,ok,accept,true,unknown,true,3837941560,3839275691,,,
1,20260726T135725.806593Z,classical,P2,"Predictive, semicolon-terminated identifier list",lean,classical.P2.large,large,items,256,512,ID COMMA ID COMMA ID COMMA ID COMMA ID COMMA ID COMMA ID COMMA ID COMMA ID COMMA ID COMMA ID COMMA ID COMMA ID COMMA ID COMMA ID COMMA ID COMMA ID COMMA ID COMMA ID COMMA ID COMMA ID COMMA ID COMMA ID COMMA ID COMMA ID COMMA ID COMMA ID COMMA ID COMMA ID COMMA ID COMMA ID COMMA ID COMMA ID COMMA ID COMMA ID COMMA ID COMMA ID COMMA ID COMMA ID COMMA ID COMMA ID COMMA ID COMMA ID COMMA ID COMMA ID COMMA ID COMMA ID COMMA ID COMMA ID COMMA ID COMMA ID COMMA ID COMMA ID COMMA ID COMMA ID COMMA ID COMMA ID COMMA ID COMMA ID COMMA ID COMMA ID COMMA ID COMMA ID COMMA ID COMMA ID COMMA ID COMMA ID COMMA ID COMMA ID COMMA ID COMMA ID COMMA ID COMMA ID COMMA ID COMMA ID COMMA ID COMMA ID COMMA ID COMMA ID COMMA ID COMMA ID COMMA ID COMMA ID COMMA ID COMMA ID COMMA ID COMMA ID COMMA ID COMMA ID COMMA ID COMMA ID COMMA ID COMMA ID COMMA ID COMMA ID COMMA ID COMMA ID COMMA ID COMMA ID COMMA ID COMMA ID COMMA ID COMMA ID COMMA ID COMMA ID COMMA ID COMMA ID COMMA ID COMMA ID COMMA ID COMMA ID COMMA ID COMMA ID COMMA ID COMMA ID COMMA ID COMMA ID COMMA ID COMMA ID COMMA ID COMMA ID COMMA ID COMMA ID COMMA ID COMMA ID COMMA ID COMMA ID COMMA ID COMMA ID COMMA ID COMMA ID COMMA ID COMMA ID COMMA ID COMMA ID COMMA ID COMMA ID COMMA ID COMMA ID COMMA ID COMMA ID COMMA ID COMMA ID COMMA ID COMMA ID COMMA ID COMMA ID COMMA ID COMMA ID COMMA ID COMMA ID COMMA ID COMMA ID COMMA ID COMMA ID COMMA ID COMMA ID COMMA ID COMMA ID COMMA ID COMMA ID COMMA ID COMMA ID COMMA ID COMMA ID COMMA ID COMMA ID COMMA ID COMMA ID COMMA ID COMMA ID COMMA ID COMMA ID COMMA ID COMMA ID COMMA ID COMMA ID COMMA ID COMMA ID COMMA ID COMMA ID COMMA ID COMMA ID COMMA ID COMMA ID COMMA ID COMMA ID COMMA ID COMMA ID COMMA ID COMMA ID COMMA ID COMMA ID COMMA ID COMMA ID COMMA ID COMMA ID COMMA ID COMMA ID COMMA ID COMMA ID COMMA ID COMMA ID COMMA ID COMMA ID COMMA ID COMMA ID COMMA ID COMMA ID COMMA ID COMMA ID COMMA ID COMMA ID COMMA ID COMMA ID COMMA ID COMMA ID COMMA ID COMMA ID COMMA ID COMMA ID COMMA ID COMMA ID COMMA ID COMMA ID COMMA ID COMMA ID COMMA ID COMMA ID COMMA ID COMMA ID COMMA ID COMMA ID COMMA ID COMMA ID COMMA ID COMMA ID COMMA ID COMMA ID COMMA ID COMMA ID COMMA ID COMMA ID COMMA ID COMMA ID COMMA ID COMMA ID COMMA ID COMMA ID COMMA ID COMMA ID COMMA ID COMMA ID COMMA ID COMMA ID COMMA ID SEMI,0909f581203d3d4a16cd5d8b6b46443001f2940efdcfd3a34739246e9c136b00,60.0,ok,accept,true,unknown,true,393401303,394863043,,,
1,20260726T135725.806593Z,classical,P2,"Predictive, semicolon-terminated identifier list",costar,classical.P2.small,small,items,4,8,ID COMMA ID COMMA ID COMMA ID SEMI,1c8330261ce282056e8fd4ee984a6f01e0324502479b01793d5b847a4a7991ae,60.0,ok,accept,true,unique,true,10967,106460,,,
1,20260726T135725.806593Z,classical,P2,"Predictive, semicolon-terminated identifier list",costar,classical.P2.medium,medium,items,32,64,ID COMMA ID COMMA ID COMMA ID COMMA ID COMMA ID COMMA ID COMMA ID COMMA ID COMMA ID COMMA ID COMMA ID COMMA ID COMMA ID COMMA ID COMMA ID COMMA ID COMMA ID COMMA ID COMMA ID COMMA ID COMMA ID COMMA ID COMMA ID COMMA ID COMMA ID COMMA ID COMMA ID COMMA ID COMMA ID COMMA ID COMMA ID SEMI,5f42d3c082dd0011320b12f444f243edcbddfc7ed08cc3e361c4fa00c71639cb,60.0,ok,accept,true,unique,true,51975,131949,,,
1,20260726T135725.806593Z,classical,P2,"Predictive, semicolon-terminated identifier list",costar,classical.P2.large,large,items,256,512,ID COMMA ID COMMA ID COMMA ID COMMA ID COMMA ID COMMA ID COMMA ID COMMA ID COMMA ID COMMA ID COMMA ID COMMA ID COMMA ID COMMA ID COMMA ID COMMA ID COMMA ID COMMA ID COMMA ID COMMA ID COMMA ID COMMA ID COMMA ID COMMA ID COMMA ID COMMA ID COMMA ID COMMA ID COMMA ID COMMA ID COMMA ID COMMA ID COMMA ID COMMA ID COMMA ID COMMA ID COMMA ID COMMA ID COMMA ID COMMA ID COMMA ID COMMA ID COMMA ID COMMA ID COMMA ID COMMA ID COMMA ID COMMA ID COMMA ID COMMA ID COMMA ID COMMA ID COMMA ID COMMA ID COMMA ID COMMA ID COMMA ID COMMA ID COMMA ID COMMA ID COMMA ID COMMA ID COMMA ID COMMA ID COMMA ID COMMA ID COMMA ID COMMA ID COMMA ID COMMA ID COMMA ID COMMA ID COMMA ID COMMA ID COMMA ID COMMA ID COMMA ID COMMA ID COMMA ID COMMA ID COMMA ID COMMA ID COMMA ID COMMA ID COMMA ID COMMA ID COMMA ID COMMA ID COMMA ID COMMA ID COMMA ID COMMA ID COMMA ID COMMA ID COMMA ID COMMA ID COMMA ID COMMA ID COMMA ID COMMA ID COMMA ID COMMA ID COMMA ID COMMA ID COMMA ID COMMA ID COMMA ID COMMA ID COMMA ID COMMA ID COMMA ID COMMA ID COMMA ID COMMA ID COMMA ID COMMA ID COMMA ID COMMA ID COMMA ID COMMA ID COMMA ID COMMA ID COMMA ID COMMA ID COMMA ID COMMA ID COMMA ID COMMA ID COMMA ID COMMA ID COMMA ID COMMA ID COMMA ID COMMA ID COMMA ID COMMA ID COMMA ID COMMA ID COMMA ID COMMA ID COMMA ID COMMA ID COMMA ID COMMA ID COMMA ID COMMA ID COMMA ID COMMA ID COMMA ID COMMA ID COMMA ID COMMA ID COMMA ID COMMA ID COMMA ID COMMA ID COMMA ID COMMA ID COMMA ID COMMA ID COMMA ID COMMA ID COMMA ID COMMA ID COMMA ID COMMA ID COMMA ID COMMA ID COMMA ID COMMA ID COMMA ID COMMA ID COMMA ID COMMA ID COMMA ID COMMA ID COMMA ID COMMA ID COMMA ID COMMA ID COMMA ID COMMA ID COMMA ID COMMA ID COMMA ID COMMA ID COMMA ID COMMA ID COMMA ID COMMA ID COMMA ID COMMA ID COMMA ID COMMA ID COMMA ID COMMA ID COMMA ID COMMA ID COMMA ID COMMA ID COMMA ID COMMA ID COMMA ID COMMA ID COMMA ID COMMA ID COMMA ID COMMA ID COMMA ID COMMA ID COMMA ID COMMA ID COMMA ID COMMA ID COMMA ID COMMA ID COMMA ID COMMA ID COMMA ID COMMA ID COMMA ID COMMA ID COMMA ID COMMA ID COMMA ID COMMA ID COMMA ID COMMA ID COMMA ID COMMA ID COMMA ID COMMA ID COMMA ID COMMA ID COMMA ID COMMA ID COMMA ID COMMA ID COMMA ID COMMA ID COMMA ID COMMA ID COMMA ID COMMA ID COMMA ID COMMA ID COMMA ID COMMA ID COMMA ID COMMA ID COMMA ID COMMA ID COMMA ID COMMA ID COMMA ID SEMI,0909f581203d3d4a16cd5d8b6b46443001f2940efdcfd3a34739246e9c136b00,60.0,ok,accept,true,unique,true,324010,500582,,,
1,20260726T135725.806593Z,classical,C1,Odd palindromes; selected family a^n b a^n,lean,classical.C1.small,small,n,3,7,a a a b a a a,ca00b210a908372abe054b4249193f5f46f1da2ce49475172c2f13224499627e,60.0,ok,accept,true,unknown,true,611891,790097,,,
1,20260726T135725.806593Z,classical,C1,Odd palindromes; selected family a^n b a^n,lean,classical.C1.medium,medium,n,31,63,a a a a a a a a a a a a a a a a a a a a a a a a a a a a a a a b a a a a a a a a a a a a a a a a a a a a a a a a a a a a a a a,605dda7374aa322527b1a237857de71216632c5c280b9340442886750ba1b365,60.0,ok,accept,true,unknown,true,54131771,54506276,,,
1,20260726T135725.806593Z,classical,R2,Regular (a b)* c,earley,classical.R2.small,small,n,3,7,a b a b a b c,076e538b97eeabe584d577bb52109f34be9f7cb5ec92abd6727d21cdb0ffd137,60.0,ok,accept,true,unknown,true,27000,316996,,,
1,20260726T135725.806593Z,classical,R2,Regular (a b)* c,earley,classical.R2.medium,medium,n,32,65,a b a b a b a b a b a b a b a b a b a b a b a b a b a b a b a b a b a b a b a b a b a b a b a b a b a b a b a b a b a b a b a b c,4041b896a2170ee825f9deb7013960d52d7db61c77488527a5cbd319b73c4257,60.0,ok,accept,true,unknown,true,382000,609346,,,
1,20260726T135725.806593Z,classical,R2,Regular (a b)* c,earley,classical.R2.large,large,n,256,513,a b a b a b a b a b a b a b a b a b a b a b a b a b a b a b a b a b a b a b a b a b a b a b a b a b a b a b a b a b a b a b a b a b a b a b a b a b a b a b a b a b a b a b a b a b a b a b a b a b a b a b a b a b a b a b a b a b a b a b a b a b a b a b a b a b a b a b a b a b a b a b a b a b a b a b a b a b a b a b a b a b a b a b a b a b a b a b a b a b a b a b a b a b a b a b a b a b a b a b a b a b a b a b a b a b a b a b a b a b a b a b a b a b a b a b a b a b a b a b a b a b a b a b a b a b a b a b a b a b a b a b a b a b a b a b a b a b a b a b a b a b a b a b a b a b a b a b a b a b a b a b a b a b a b a b a b a b a b a b a b a b a b a b a b a b a b a b a b a b a b a b a b a b a b a b a b a b a b a b a b a b a b a b a b a b a b a b a b a b a b a b a b a b a b a b a b a b a b a b a b a b a b a b a b a b a b a b a b a b a b a b a b a b a b a b a b a b a b a b a b a b a b a b a b a b a b a b a b a b a b a b a b a b a b a b a b a b a b a b a b a b a b a b a b a b a b a b a b a b a b a b a b a b a b a b a b c,214f64192493824ae414ecfe9673241d3d508a610031e255c48bb5c2bf60a15c,60.0,ok,accept,true,unknown,true,27606000,28423039,,,
1,20260726T135725.806593Z,classical,P1,Context-free a^n b^n,earley,classical.P1.small,small,n,4,8,a a a a b b b b,847e5485c8ce109e62513b7c3dac5a77328a28465985a9d74729ca5319474d2d,60.0,ok,accept,true,unknown,true,50000,354156,,,
1,20260726T135725.806593Z,classical,P1,Context-free a^n b^n,earley,classical.P1.medium,medium,n,32,64,a a a a a a a a a a a a a a a a a a a a a a a a a a a a a a a a b b b b b b b b b b b b b b b b b b b b b b b b b b b b b b b b,6ea9f555bd080295f2e4cd2b071a2d592ac3b4c90723250f42eafb4c794c0074,60.0,ok,accept,true,unknown,true,366000,552550,,,
1,20260726T135725.806593Z,classical,P1,Context-free a^n b^n,earley,classical.P1.large,large,n,256,512,a a a a a a a a a a a a a a a a a a a a a a a a a a a a a a a a a a a a a a a a a a a a a a a a a a a a a a a a a a a a a a a a a a a a a a a a a a a a a a a a a a a a a a a a a a a a a a a a a a a a a a a a a a a a a a a a a a a a a a a a a a a a a a a a a a a a a a a a a a a a a a a a a a a a a a a a a a a a a a a a a a a a a a a a a a a a a a a a a a a a a a a a a a a a a a a a a a a a a a a a a a a a a a a a a a a a a a a a a a a a a a a a a a a a a a a a a a a a a a a a a a a a a a a a a a a a a a a a b b b b b b b b b b b b b b b b b b b b b b b b b b b b b b b b b b b b b b b b b b b b b b b b b b b b b b b b b b b b b b b b b b b b b b b b b b b b b b b b b b b b b b b b b b b b b b b b b b b b b b b b b b b b b b b b b b b b b b b b b b b b b b b b b b b b b b b b b b b b b b b b b b b b b b b b b b b b b b b b b b b b b b b b b b b b b b b b b b b b b b b b b b b b b b b b b b b b b b b b b b b b b b b b b b b b b b b b b b b b b b b b b b b b b b b b b b b b b b b b b b b b b b b b b b b b b b b b,6fc7c33088a92da1fdbd09722c246f988cb4822a185d3cb1a4aad3b08fa8e471,60.0,ok,accept,true,unknown,true,12128000,12961403,,,
1,20260726T135725.806593Z,classical,C1,Odd palindromes; selected family a^n b a^n,costar,classical.C1.small,small,n,3,7,a a a b a a a,ca00b210a908372abe054b4249193f5f46f1da2ce49475172c2f13224499627e,60.0,ok,accept,true,unique,true,159025,308971,,,
1,20260726T135725.806593Z,classical,C1,Odd palindromes; selected family a^n b a^n,costar,classical.C1.medium,medium,n,31,63,a a a a a a a a a a a a a a a a a a a a a a a a a a a a a a a b a a a a a a a a a a a a a a a a a a a a a a a a a a a a a a a,605dda7374aa322527b1a237857de71216632c5c280b9340442886750ba1b365,60.0,ok,accept,true,unique,true,28987884,29251437,,,
1,20260726T135725.806593Z,earley,cfg5,Left-recursive ambiguity through X → Y | Z,lean,earley.cfg5.n021,n021,n,21,21,a a a a a a a a a a a a a a a a a a a a a,52267fe9dc1a9390da3667ab75f1a4aca55c6d4f1325144f5c8e29b5727e2c8e,60.0,ok,accept,true,unknown,true,3687432207,3687998062,,,
1,20260726T135725.806593Z,classical,P2,"Predictive, semicolon-terminated identifier list",earley,classical.P2.small,small,items,4,8,ID COMMA ID COMMA ID COMMA ID SEMI,1c8330261ce282056e8fd4ee984a6f01e0324502479b01793d5b847a4a7991ae,60.0,ok,accept,true,unknown,true,25000,358093,,,
1,20260726T135725.806593Z,classical,P2,"Predictive, semicolon-terminated identifier list",earley,classical.P2.medium,medium,items,32,64,ID COMMA ID COMMA ID COMMA ID COMMA ID COMMA ID COMMA ID COMMA ID COMMA ID COMMA ID COMMA ID COMMA ID COMMA ID COMMA ID COMMA ID COMMA ID COMMA ID COMMA ID COMMA ID COMMA ID COMMA ID COMMA ID COMMA ID COMMA ID COMMA ID COMMA ID COMMA ID COMMA ID COMMA ID COMMA ID COMMA ID COMMA ID SEMI,5f42d3c082dd0011320b12f444f243edcbddfc7ed08cc3e361c4fa00c71639cb,60.0,ok,accept,true,unknown,true,268000,551388,,,
1,20260726T135725.806593Z,classical,P2,"Predictive, semicolon-terminated identifier list",earley,classical.P2.large,large,items,256,512,ID COMMA ID COMMA ID COMMA ID COMMA ID COMMA ID COMMA ID COMMA ID COMMA ID COMMA ID COMMA ID COMMA ID COMMA ID COMMA ID COMMA ID COMMA ID COMMA ID COMMA ID COMMA ID COMMA ID COMMA ID COMMA ID COMMA ID COMMA ID COMMA ID COMMA ID COMMA ID COMMA ID COMMA ID COMMA ID COMMA ID COMMA ID COMMA ID COMMA ID COMMA ID COMMA ID COMMA ID COMMA ID COMMA ID COMMA ID COMMA ID COMMA ID COMMA ID COMMA ID COMMA ID COMMA ID COMMA ID COMMA ID COMMA ID COMMA ID COMMA ID COMMA ID COMMA ID COMMA ID COMMA ID COMMA ID COMMA ID COMMA ID COMMA ID COMMA ID COMMA ID COMMA ID COMMA ID COMMA ID COMMA ID COMMA ID COMMA ID COMMA ID COMMA ID COMMA ID COMMA ID COMMA ID COMMA ID COMMA ID COMMA ID COMMA ID COMMA ID COMMA ID COMMA ID COMMA ID COMMA ID COMMA ID COMMA ID COMMA ID COMMA ID COMMA ID COMMA ID COMMA ID COMMA ID COMMA ID COMMA ID COMMA ID COMMA ID COMMA ID COMMA ID COMMA ID COMMA ID COMMA ID COMMA ID COMMA ID COMMA ID COMMA ID COMMA ID COMMA ID COMMA ID COMMA ID COMMA ID COMMA ID COMMA ID COMMA ID COMMA ID COMMA ID COMMA ID COMMA ID COMMA ID COMMA ID COMMA ID COMMA ID COMMA ID COMMA ID COMMA ID COMMA ID COMMA ID COMMA ID COMMA ID COMMA ID COMMA ID COMMA ID COMMA ID COMMA ID COMMA ID COMMA ID COMMA ID COMMA ID COMMA ID COMMA ID COMMA ID COMMA ID COMMA ID COMMA ID COMMA ID COMMA ID COMMA ID COMMA ID COMMA ID COMMA ID COMMA ID COMMA ID COMMA ID COMMA ID COMMA ID COMMA ID COMMA ID COMMA ID COMMA ID COMMA ID COMMA ID COMMA ID COMMA ID COMMA ID COMMA ID COMMA ID COMMA ID COMMA ID COMMA ID COMMA ID COMMA ID COMMA ID COMMA ID COMMA ID COMMA ID COMMA ID COMMA ID COMMA ID COMMA ID COMMA ID COMMA ID COMMA ID COMMA ID COMMA ID COMMA ID COMMA ID COMMA ID COMMA ID COMMA ID COMMA ID COMMA ID COMMA ID COMMA ID COMMA ID COMMA ID COMMA ID COMMA ID COMMA ID COMMA ID COMMA ID COMMA ID COMMA ID COMMA ID COMMA ID COMMA ID COMMA ID COMMA ID COMMA ID COMMA ID COMMA ID COMMA ID COMMA ID COMMA ID COMMA ID COMMA ID COMMA ID COMMA ID COMMA ID COMMA ID COMMA ID COMMA ID COMMA ID COMMA ID COMMA ID COMMA ID COMMA ID COMMA ID COMMA ID COMMA ID COMMA ID COMMA ID COMMA ID COMMA ID COMMA ID COMMA ID COMMA ID COMMA ID COMMA ID COMMA ID COMMA ID COMMA ID COMMA ID COMMA ID COMMA ID COMMA ID COMMA ID COMMA ID COMMA ID COMMA ID COMMA ID COMMA ID COMMA ID COMMA ID COMMA ID COMMA ID COMMA ID COMMA ID COMMA ID COMMA ID COMMA ID SEMI,0909f581203d3d4a16cd5d8b6b46443001f2940efdcfd3a34739246e9c136b00,60.0,ok,accept,true,unknown,true,12909000,13994486,,,
1,20260726T135725.806593Z,classical,A1,Dangling-else grammar on fully matched inputs,lean,classical.A1.small,small,nesting,2,11,IF COND THEN IF COND THEN OTHER ELSE OTHER ELSE OTHER,9131cf716f7df4827b4dfe15cc5a89b96e69e0764a44374de93c77b1005d8926,60.0,ok,accept,true,unknown,true,294444,480805,,,
1,20260726T135725.806593Z,classical,A1,Dangling-else grammar on fully matched inputs,lean,classical.A1.medium,medium,nesting,8,41,IF COND THEN IF COND THEN IF COND THEN IF COND THEN IF COND THEN IF COND THEN IF COND THEN IF COND THEN OTHER ELSE OTHER ELSE OTHER ELSE OTHER ELSE OTHER ELSE OTHER ELSE OTHER ELSE OTHER ELSE OTHER,c0841de25bcaa73e8eb23de00967ee1bc2f856ef6b4775b664b33918b744abf1,60.0,ok,accept,true,unknown,true,12028498,12359700,,,
1,20260726T135725.806593Z,classical,C1,Odd palindromes; selected family a^n b a^n,earley,classical.C1.small,small,n,3,7,a a a b a a a,ca00b210a908372abe054b4249193f5f46f1da2ce49475172c2f13224499627e,60.0,ok,accept,true,unknown,true,61000,307248,,,
1,20260726T135725.806593Z,classical,C1,Odd palindromes; selected family a^n b a^n,earley,classical.C1.medium,medium,n,31,63,a a a a a a a a a a a a a a a a a a a a a a a a a a a a a a a b a a a a a a a a a a a a a a a a a a a a a a a a a a a a a a a,605dda7374aa322527b1a237857de71216632c5c280b9340442886750ba1b365,60.0,ok,accept,true,unknown,true,2845000,3105872,,,
1,20260726T135725.806593Z,earley,cfg1,Ambiguous binary concatenation: S → S S | a,lean,earley.cfg1.n023,n023,n,23,23,a a a a a a a a a a a a a a a a a a a a a a a,e6799515bcbdd5ee6b53fe012a758de396640e9a8320bb62c60a135e2f2ed0a9,60.0,ok,accept,true,unknown,true,5258390754,5260051958,,,
1,20260726T135725.806593Z,classical,C1,Odd palindromes; selected family a^n b a^n,earley,classical.C1.large,large,n,255,511,a a a a a a a a a a a a a a a a a a a a a a a a a a a a a a a a a a a a a a a a a a a a a a a a a a a a a a a a a a a a a a a a a a a a a a a a a a a a a a a a a a a a a a a a a a a a a a a a a a a a a a a a a a a a a a a a a a a a a a a a a a a a a a a a a a a a a a a a a a a a a a a a a a a a a a a a a a a a a a a a a a a a a a a a a a a a a a a a a a a a a a a a a a a a a a a a a a a a a a a a a a a a a a a a a a a a a a a a a a a a a a a a a a a a a a a a a a a a a a a a a a a a a a a a a a a a a a a b a a a a a a a a a a a a a a a a a a a a a a a a a a a a a a a a a a a a a a a a a a a a a a a a a a a a a a a a a a a a a a a a a a a a a a a a a a a a a a a a a a a a a a a a a a a a a a a a a a a a a a a a a a a a a a a a a a a a a a a a a a a a a a a a a a a a a a a a a a a a a a a a a a a a a a a a a a a a a a a a a a a a a a a a a a a a a a a a a a a a a a a a a a a a a a a a a a a a a a a a a a a a a a a a a a a a a a a a a a a a a a a a a a a a a a a a a a a a a a a a a a a a a a a a a a a a a a a,e16e0a8deebfcfe2eaeead251b184f0c3bb391fb420becfac2f97f1dbac4f431,60.0,ok,accept,true,unknown,true,815766000,817325977,,,
1,20260726T135725.806593Z,classical,A1,Dangling-else grammar on fully matched inputs,lean,classical.A1.large,large,nesting,32,161,IF COND THEN IF COND THEN IF COND THEN IF COND THEN IF COND THEN IF COND THEN IF COND THEN IF COND THEN IF COND THEN IF COND THEN IF COND THEN IF COND THEN IF COND THEN IF COND THEN IF COND THEN IF COND THEN IF COND THEN IF COND THEN IF COND THEN IF COND THEN IF COND THEN IF COND THEN IF COND THEN IF COND THEN IF COND THEN IF COND THEN IF COND THEN IF COND THEN IF COND THEN IF COND THEN IF COND THEN IF COND THEN OTHER ELSE OTHER ELSE OTHER ELSE OTHER ELSE OTHER ELSE OTHER ELSE OTHER ELSE OTHER ELSE OTHER ELSE OTHER ELSE OTHER ELSE OTHER ELSE OTHER ELSE OTHER ELSE OTHER ELSE OTHER ELSE OTHER ELSE OTHER ELSE OTHER ELSE OTHER ELSE OTHER ELSE OTHER ELSE OTHER ELSE OTHER ELSE OTHER ELSE OTHER ELSE OTHER ELSE OTHER ELSE OTHER ELSE OTHER ELSE OTHER ELSE OTHER ELSE OTHER,9a3c37fd43742661f92f1cab882220e10bd78dddfd0b55210353a060f77ba5f1,60.0,ok,accept,true,unknown,true,1743414504,1744309529,,,
1,20260726T135725.806593Z,classical,A1,Dangling-else grammar on fully matched inputs,costar,classical.A1.small,small,nesting,2,11,IF COND THEN IF COND THEN OTHER ELSE OTHER ELSE OTHER,9131cf716f7df4827b4dfe15cc5a89b96e69e0764a44374de93c77b1005d8926,60.0,ok,accept,true,unique,true,85830,184697,,,
1,20260726T135725.806593Z,classical,A1,Dangling-else grammar on fully matched inputs,costar,classical.A1.medium,medium,nesting,8,41,IF COND THEN IF COND THEN IF COND THEN IF COND THEN IF COND THEN IF COND THEN IF COND THEN IF COND THEN OTHER ELSE OTHER ELSE OTHER ELSE OTHER ELSE OTHER ELSE OTHER ELSE OTHER ELSE OTHER ELSE OTHER,c0841de25bcaa73e8eb23de00967ee1bc2f856ef6b4775b664b33918b744abf1,60.0,ok,accept,true,unique,true,10964870,11165885,,,
1,20260726T135725.806593Z,earley,cfg5,Left-recursive ambiguity through X → Y | Z,lean,earley.cfg5.n023,n023,n,23,23,a a a a a a a a a a a a a a a a a a a a a a a,e6799515bcbdd5ee6b53fe012a758de396640e9a8320bb62c60a135e2f2ed0a9,60.0,ok,accept,true,unknown,true,3899166525,3899862694,,,
1,20260726T135725.806593Z,classical,A1,Dangling-else grammar on fully matched inputs,earley,classical.A1.small,small,nesting,2,11,IF COND THEN IF COND THEN OTHER ELSE OTHER ELSE OTHER,9131cf716f7df4827b4dfe15cc5a89b96e69e0764a44374de93c77b1005d8926,60.0,ok,accept,true,unknown,true,50000,325572,,,
1,20260726T135725.806593Z,classical,A1,Dangling-else grammar on fully matched inputs,earley,classical.A1.medium,medium,nesting,8,41,IF COND THEN IF COND THEN IF COND THEN IF COND THEN IF COND THEN IF COND THEN IF COND THEN IF COND THEN OTHER ELSE OTHER ELSE OTHER ELSE OTHER ELSE OTHER ELSE OTHER ELSE OTHER ELSE OTHER ELSE OTHER,c0841de25bcaa73e8eb23de00967ee1bc2f856ef6b4775b664b33918b744abf1,60.0,ok,accept,true,unknown,true,717000,913889,,,
1,20260726T135725.806593Z,classical,A1,Dangling-else grammar on fully matched inputs,earley,classical.A1.large,large,nesting,32,161,IF COND THEN IF COND THEN IF COND THEN IF COND THEN IF COND THEN IF COND THEN IF COND THEN IF COND THEN IF COND THEN IF COND THEN IF COND THEN IF COND THEN IF COND THEN IF COND THEN IF COND THEN IF COND THEN IF COND THEN IF COND THEN IF COND THEN IF COND THEN IF COND THEN IF COND THEN IF COND THEN IF COND THEN IF COND THEN IF COND THEN IF COND THEN IF COND THEN IF COND THEN IF COND THEN IF COND THEN IF COND THEN OTHER ELSE OTHER ELSE OTHER ELSE OTHER ELSE OTHER ELSE OTHER ELSE OTHER ELSE OTHER ELSE OTHER ELSE OTHER ELSE OTHER ELSE OTHER ELSE OTHER ELSE OTHER ELSE OTHER ELSE OTHER ELSE OTHER ELSE OTHER ELSE OTHER ELSE OTHER ELSE OTHER ELSE OTHER ELSE OTHER ELSE OTHER ELSE OTHER ELSE OTHER ELSE OTHER ELSE OTHER ELSE OTHER ELSE OTHER ELSE OTHER ELSE OTHER ELSE OTHER,9a3c37fd43742661f92f1cab882220e10bd78dddfd0b55210353a060f77ba5f1,60.0,ok,accept,true,unknown,true,18562000,19137410,,,
1,20260726T135725.806593Z,earley,cfg1,Ambiguous binary concatenation: S → S S | a,lean,earley.cfg1.n025,n025,n,25,25,a a a a a a a a a a a a a a a a a a a a a a a a a,81b5dccafd39c94829cdd6dbdb721e4bda6c9389d4a1928b885745a4a2398e96,60.0,ok,accept,true,unknown,true,6411931066,6414191528,,,
1,20260726T135725.806593Z,earley,cfg5,Left-recursive ambiguity through X → Y | Z,lean,earley.cfg5.n025,n025,n,25,25,a a a a a a a a a a a a a a a a a a a a a a a a a,81b5dccafd39c94829cdd6dbdb721e4bda6c9389d4a1928b885745a4a2398e96,60.0,ok,accept,true,unknown,true,4907443533,4907975153,,,
1,20260726T135725.806593Z,classical,C1,Odd palindromes; selected family a^n b a^n,costar,classical.C1.large,large,n,255,511,a a a a a a a a a a a a a a a a a a a a a a a a a a a a a a a a a a a a a a a a a a a a a a a a a a a a a a a a a a a a a a a a a a a a a a a a a a a a a a a a a a a a a a a a a a a a a a a a a a a a a a a a a a a a a a a a a a a a a a a a a a a a a a a a a a a a a a a a a a a a a a a a a a a a a a a a a a a a a a a a a a a a a a a a a a a a a a a a a a a a a a a a a a a a a a a a a a a a a a a a a a a a a a a a a a a a a a a a a a a a a a a a a a a a a a a a a a a a a a a a a a a a a a a a a a a a a a a b a a a a a a a a a a a a a a a a a a a a a a a a a a a a a a a a a a a a a a a a a a a a a a a a a a a a a a a a a a a a a a a a a a a a a a a a a a a a a a a a a a a a a a a a a a a a a a a a a a a a a a a a a a a a a a a a a a a a a a a a a a a a a a a a a a a a a a a a a a a a a a a a a a a a a a a a a a a a a a a a a a a a a a a a a a a a a a a a a a a a a a a a a a a a a a a a a a a a a a a a a a a a a a a a a a a a a a a a a a a a a a a a a a a a a a a a a a a a a a a a a a a a a a a a a a a a a a a,e16e0a8deebfcfe2eaeead251b184f0c3bb391fb420becfac2f97f1dbac4f431,60.0,ok,accept,true,unique,true,13047327041,13047667428,,,
1,20260726T135725.806593Z,earley,cfg5,Left-recursive ambiguity through X → Y | Z,lean,earley.cfg5.n027,n027,n,27,27,a a a a a a a a a a a a a a a a a a a a a a a a a a a,2944e42c73262f1a71f9cef1670de3dfc87e6510817754bbe9215a96a5616aea,60.0,ok,accept,true,unknown,true,6340482078,6341101654,,,
1,20260726T135725.806593Z,earley,cfg1,Ambiguous binary concatenation: S → S S | a,lean,earley.cfg1.n027,n027,n,27,27,a a a a a a a a a a a a a a a a a a a a a a a a a a a,2944e42c73262f1a71f9cef1670de3dfc87e6510817754bbe9215a96a5616aea,60.0,ok,accept,true,unknown,true,8444930859,8448095943,,,
1,20260726T135725.806593Z,classical,C1,Odd palindromes; selected family a^n b a^n,lean,classical.C1.large,large,n,255,511,a a a a a a a a a a a a a a a a a a a a a a a a a a a a a a a a a a a a a a a a a a a a a a a a a a a a a a a a a a a a a a a a a a a a a a a a a a a a a a a a a a a a a a a a a a a a a a a a a a a a a a a a a a a a a a a a a a a a a a a a a a a a a a a a a a a a a a a a a a a a a a a a a a a a a a a a a a a a a a a a a a a a a a a a a a a a a a a a a a a a a a a a a a a a a a a a a a a a a a a a a a a a a a a a a a a a a a a a a a a a a a a a a a a a a a a a a a a a a a a a a a a a a a a a a a a a a a a b a a a a a a a a a a a a a a a a a a a a a a a a a a a a a a a a a a a a a a a a a a a a a a a a a a a a a a a a a a a a a a a a a a a a a a a a a a a a a a a a a a a a a a a a a a a a a a a a a a a a a a a a a a a a a a a a a a a a a a a a a a a a a a a a a a a a a a a a a a a a a a a a a a a a a a a a a a a a a a a a a a a a a a a a a a a a a a a a a a a a a a a a a a a a a a a a a a a a a a a a a a a a a a a a a a a a a a a a a a a a a a a a a a a a a a a a a a a a a a a a a a a a a a a a a a a a a a a,e16e0a8deebfcfe2eaeead251b184f0c3bb391fb420becfac2f97f1dbac4f431,60.0,ok,accept,true,unknown,true,26196254331,26302256609,,,
1,20260726T135725.806593Z,earley,cfg5,Left-recursive ambiguity through X → Y | Z,lean,earley.cfg5.n029,n029,n,29,29,a a a a a a a a a a a a a a a a a a a a a a a a a a a a a,b00b82e962602fde3c0b9ec3258ae2bae3861496472ef35ea0ba894fb1b36288,60.0,ok,accept,true,unknown,true,8286786142,8287444631,,,
1,20260726T135725.806593Z,earley,cfg1,Ambiguous binary concatenation: S → S S | a,lean,earley.cfg1.n029,n029,n,29,29,a a a a a a a a a a a a a a a a a a a a a a a a a a a a a,b00b82e962602fde3c0b9ec3258ae2bae3861496472ef35ea0ba894fb1b36288,60.0,ok,accept,true,unknown,true,11785492605,11789380448,,,
1,20260726T135725.806593Z,earley,cfg5,Left-recursive ambiguity through X → Y | Z,lean,earley.cfg5.n031,n031,n,31,31,a a a a a a a a a a a a a a a a a a a a a a a a a a a a a a a,e2fbf1eb4eccda81f87022da47d499b7c72107a7be5019bdd0123102dedd9a86,60.0,ok,accept,true,unknown,true,10348868364,10349942475,,,
1,20260726T135725.806593Z,earley,cfg1,Ambiguous binary concatenation: S → S S | a,lean,earley.cfg1.n031,n031,n,31,31,a a a a a a a a a a a a a a a a a a a a a a a a a a a a a a a,e2fbf1eb4eccda81f87022da47d499b7c72107a7be5019bdd0123102dedd9a86,60.0,ok,accept,true,unknown,true,16442971192,16448731538,,,
1,20260726T135725.806593Z,earley,cfg5,Left-recursive ambiguity through X → Y | Z,lean,earley.cfg5.n033,n033,n,33,33,a a a a a a a a a a a a a a a a a a a a a a a a a a a a a a a a a,65c4a3b876195f39e99ad322a645f2b6badd45a8457409eff406f2b517494769,60.0,ok,accept,true,unknown,true,12924874834,12925702911,,,
1,20260726T135725.806593Z,classical,A1,Dangling-else grammar on fully matched inputs,costar,classical.A1.large,large,nesting,32,161,IF COND THEN IF COND THEN IF COND THEN IF COND THEN IF COND THEN IF COND THEN IF COND THEN IF COND THEN IF COND THEN IF COND THEN IF COND THEN IF COND THEN IF COND THEN IF COND THEN IF COND THEN IF COND THEN IF COND THEN IF COND THEN IF COND THEN IF COND THEN IF COND THEN IF COND THEN IF COND THEN IF COND THEN IF COND THEN IF COND THEN IF COND THEN IF COND THEN IF COND THEN IF COND THEN IF COND THEN IF COND THEN OTHER ELSE OTHER ELSE OTHER ELSE OTHER ELSE OTHER ELSE OTHER ELSE OTHER ELSE OTHER ELSE OTHER ELSE OTHER ELSE OTHER ELSE OTHER ELSE OTHER ELSE OTHER ELSE OTHER ELSE OTHER ELSE OTHER ELSE OTHER ELSE OTHER ELSE OTHER ELSE OTHER ELSE OTHER ELSE OTHER ELSE OTHER ELSE OTHER ELSE OTHER ELSE OTHER ELSE OTHER ELSE OTHER ELSE OTHER ELSE OTHER ELSE OTHER ELSE OTHER,9a3c37fd43742661f92f1cab882220e10bd78dddfd0b55210353a060f77ba5f1,60.0,timeout,unknown,unknown,unknown,unknown,,60014861494,,timeout,no RESULT within 60 seconds
1,20260726T135725.806593Z,earley,cfg5,Left-recursive ambiguity through X → Y | Z,lean,earley.cfg5.n035,n035,n,35,35,a a a a a a a a a a a a a a a a a a a a a a a a a a a a a a a a a a a,75aa41a2c242377f26ddd63029462f47576aaf2dd3fe5ae73041196b9087bce2,60.0,ok,accept,true,unknown,true,17776996827,17777795310,,,
1,20260726T135725.806593Z,earley,cfg1,Ambiguous binary concatenation: S → S S | a,lean,earley.cfg1.n033,n033,n,33,33,a a a a a a a a a a a a a a a a a a a a a a a a a a a a a a a a a,65c4a3b876195f39e99ad322a645f2b6badd45a8457409eff406f2b517494769,60.0,ok,accept,true,unknown,true,23899271702,23906372099,,,
1,20260726T135725.806593Z,earley,cfg5,Left-recursive ambiguity through X → Y | Z,lean,earley.cfg5.n037,n037,n,37,37,a a a a a a a a a a a a a a a a a a a a a a a a a a a a a a a a a a a a a,b26448b546ae7e5bdd674af8247e59052302dbaefba9b9466382f96d0546b77a,60.0,ok,accept,true,unknown,true,19958793613,19959800657,,,
1,20260726T135725.806593Z,earley,cfg1,Ambiguous binary concatenation: S → S S | a,lean,earley.cfg1.n035,n035,n,35,35,a a a a a a a a a a a a a a a a a a a a a a a a a a a a a a a a a a a,75aa41a2c242377f26ddd63029462f47576aaf2dd3fe5ae73041196b9087bce2,60.0,ok,accept,true,unknown,true,28693843314,28703540887,,,
1,20260726T135725.806593Z,earley,cfg5,Left-recursive ambiguity through X → Y | Z,lean,earley.cfg5.n039,n039,n,39,39,a a a a a a a a a a a a a a a a a a a a a a a a a a a a a a a a a a a a a a a,18eb99b1deb5a8851590d9f68f7f327bf8a6ad1f6de24b78842bce7ede036532,60.0,ok,accept,true,unknown,true,24539773462,24540827155,,,
1,20260726T135725.806593Z,earley,cfg1,Ambiguous binary concatenation: S → S S | a,lean,earley.cfg1.n037,n037,n,37,37,a a a a a a a a a a a a a a a a a a a a a a a a a a a a a a a a a a a a a,b26448b546ae7e5bdd674af8247e59052302dbaefba9b9466382f96d0546b77a,60.0,ok,accept,true,unknown,true,39189554735,39202498144,,,
1,20260726T135725.806593Z,earley,cfg5,Left-recursive ambiguity through X → Y | Z,lean,earley.cfg5.n041,n041,n,41,41,a a a a a a a a a a a a a a a a a a a a a a a a a a a a a a a a a a a a a a a a a,5b8435430a4e0f3739618b616494cef52d305f069f4f8f145cd40257d5eb8ca2,60.0,ok,accept,true,unknown,true,29894451229,29895744642,,,
1,20260726T135725.806593Z,earley,cfg5,Left-recursive ambiguity through X → Y | Z,lean,earley.cfg5.n043,n043,n,43,43,a a a a a a a a a a a a a a a a a a a a a a a a a a a a a a a a a a a a a a a a a a a,d578dc3affc8d9ac05571b77cd6aa8bb3e86c14a13d0ca1cbd18741b0eb84a0d,60.0,ok,accept,true,unknown,true,36164782071,36166586064,,,
1,20260726T135725.806593Z,earley,cfg1,Ambiguous binary concatenation: S → S S | a,lean,earley.cfg1.n039,n039,n,39,39,a a a a a a a a a a a a a a a a a a a a a a a a a a a a a a a a a a a a a a a,18eb99b1deb5a8851590d9f68f7f327bf8a6ad1f6de24b78842bce7ede036532,60.0,ok,accept,true,unknown,true,51177736392,51193956074,,,
1,20260726T135725.806593Z,earley,cfg5,Left-recursive ambiguity through X → Y | Z,lean,earley.cfg5.n045,n045,n,45,45,a a a a a a a a a a a a a a a a a a a a a a a a a a a a a a a a a a a a a a a a a a a a a,95a07021a688c4b629f8896d95faeb2557e8b2db62a670f72409a59a6d2ed69d,60.0,ok,accept,true,unknown,true,43697536283,43698917511,,,
1,20260726T135725.806593Z,earley,cfg1,Ambiguous binary concatenation: S → S S | a,lean,earley.cfg1.n041,n041,n,41,41,a a a a a a a a a a a a a a a a a a a a a a a a a a a a a a a a a a a a a a a a a,5b8435430a4e0f3739618b616494cef52d305f069f4f8f145cd40257d5eb8ca2,60.0,timeout,unknown,unknown,unknown,unknown,,60017577143,,timeout,no RESULT within 60 seconds
1,20260726T135725.806593Z,earley,cfg1,Ambiguous binary concatenation: S → S S | a,lean,earley.cfg1.n043,n043,n,43,43,a a a a a a a a a a a a a a a a a a a a a a a a a a a a a a a a a a a a a a a a a a a,d578dc3affc8d9ac05571b77cd6aa8bb3e86c14a13d0ca1cbd18741b0eb84a0d,60.0,skipped_after_timeout,unknown,unknown,unknown,unknown,,,,early_stop,earlier input earley.cfg1.n041 timed out
1,20260726T135725.806593Z,earley,cfg1,Ambiguous binary concatenation: S → S S | a,lean,earley.cfg1.n045,n045,n,45,45,a a a a a a a a a a a a a a a a a a a a a a a a a a a a a a a a a a a a a a a a a a a a a,95a07021a688c4b629f8896d95faeb2557e8b2db62a670f72409a59a6d2ed69d,60.0,skipped_after_timeout,unknown,unknown,unknown,unknown,,,,early_stop,earlier input earley.cfg1.n041 timed out
1,20260726T135725.806593Z,earley,cfg1,Ambiguous binary concatenation: S → S S | a,lean,earley.cfg1.n047,n047,n,47,47,a a a a a a a a a a a a a a a a a a a a a a a a a a a a a a a a a a a a a a a a a a a a a a a,0a227f109e85e841c1599966769c16123edf77b848a8c2ce018c8b66763a1759,60.0,skipped_after_timeout,unknown,unknown,unknown,unknown,,,,early_stop,earlier input earley.cfg1.n041 timed out
1,20260726T135725.806593Z,earley,cfg1,Ambiguous binary concatenation: S → S S | a,lean,earley.cfg1.n049,n049,n,49,49,a a a a a a a a a a a a a a a a a a a a a a a a a a a a a a a a a a a a a a a a a a a a a a a a a,99e8c0fe4c88f0445b7bdd1ddd8903d345647bb315228d3ed9b8e3f9a1453067,60.0,skipped_after_timeout,unknown,unknown,unknown,unknown,,,,early_stop,earlier input earley.cfg1.n041 timed out
1,20260726T135725.806593Z,earley,cfg1,Ambiguous binary concatenation: S → S S | a,lean,earley.cfg1.n051,n051,n,51,51,a a a a a a a a a a a a a a a a a a a a a a a a a a a a a a a a a a a a a a a a a a a a a a a a a a a,08f26910e932063059fae5c479867d6997cf56d64a6ad0363853dd6848e5a131,60.0,skipped_after_timeout,unknown,unknown,unknown,unknown,,,,early_stop,earlier input earley.cfg1.n041 timed out
1,20260726T135725.806593Z,earley,cfg1,Ambiguous binary concatenation: S → S S | a,lean,earley.cfg1.n053,n053,n,53,53,a a a a a a a a a a a a a a a a a a a a a a a a a a a a a a a a a a a a a a a a a a a a a a a a a a a a a,9a57ed48fdc55fce48079815c33dec4ee1dfb5e7c9acf3ce1ae1102961759834,60.0,skipped_after_timeout,unknown,unknown,unknown,unknown,,,,early_stop,earlier input earley.cfg1.n041 timed out
1,20260726T135725.806593Z,earley,cfg1,Ambiguous binary concatenation: S → S S | a,lean,earley.cfg1.n055,n055,n,55,55,a a a a a a a a a a a a a a a a a a a a a a a a a a a a a a a a a a a a a a a a a a a a a a a a a a a a a a a,397471ff60216f6a8bae3bf00d4f76e8643bb5dac774582749fc24ef11816b24,60.0,skipped_after_timeout,unknown,unknown,unknown,unknown,,,,early_stop,earlier input earley.cfg1.n041 timed out
1,20260726T135725.806593Z,earley,cfg1,Ambiguous binary concatenation: S → S S | a,lean,earley.cfg1.n057,n057,n,57,57,a a a a a a a a a a a a a a a a a a a a a a a a a a a a a a a a a a a a a a a a a a a a a a a a a a a a a a a a a,b6388e1e8f6c10ccc2277fad64251a43a039604b11b2e3c9e3b9c331e606dc3a,60.0,skipped_after_timeout,unknown,unknown,unknown,unknown,,,,early_stop,earlier input earley.cfg1.n041 timed out
1,20260726T135725.806593Z,earley,cfg1,Ambiguous binary concatenation: S → S S | a,lean,earley.cfg1.n059,n059,n,59,59,a a a a a a a a a a a a a a a a a a a a a a a a a a a a a a a a a a a a a a a a a a a a a a a a a a a a a a a a a a a,9e271998808c273754c2be85eeb5ef9477ebdfddc4375a4f82ed6e8d64734550,60.0,skipped_after_timeout,unknown,unknown,unknown,unknown,,,,early_stop,earlier input earley.cfg1.n041 timed out
1,20260726T135725.806593Z,earley,cfg1,Ambiguous binary concatenation: S → S S | a,lean,earley.cfg1.n061,n061,n,61,61,a a a a a a a a a a a a a a a a a a a a a a a a a a a a a a a a a a a a a a a a a a a a a a a a a a a a a a a a a a a a a,8b72598a941c6c337740fe03485056c52ff6ea510c78629e8029d2b497447e93,60.0,skipped_after_timeout,unknown,unknown,unknown,unknown,,,,early_stop,earlier input earley.cfg1.n041 timed out
1,20260726T135725.806593Z,earley,cfg1,Ambiguous binary concatenation: S → S S | a,lean,earley.cfg1.n063,n063,n,63,63,a a a a a a a a a a a a a a a a a a a a a a a a a a a a a a a a a a a a a a a a a a a a a a a a a a a a a a a a a a a a a a a,bd61fffc8dc55a105796ce4395d2822c95221106e3dce37912b244042a801b52,60.0,skipped_after_timeout,unknown,unknown,unknown,unknown,,,,early_stop,earlier input earley.cfg1.n041 timed out
1,20260726T135725.806593Z,earley,cfg1,Ambiguous binary concatenation: S → S S | a,lean,earley.cfg1.n065,n065,n,65,65,a a a a a a a a a a a a a a a a a a a a a a a a a a a a a a a a a a a a a a a a a a a a a a a a a a a a a a a a a a a a a a a a a,32db1b66466ec271199a28a886eab9eef6f72a88d1dd49de6c67a73925842bfa,60.0,skipped_after_timeout,unknown,unknown,unknown,unknown,,,,early_stop,earlier input earley.cfg1.n041 timed out
1,20260726T135725.806593Z,earley,cfg5,Left-recursive ambiguity through X → Y | Z,lean,earley.cfg5.n047,n047,n,47,47,a a a a a a a a a a a a a a a a a a a a a a a a a a a a a a a a a a a a a a a a a a a a a a a,0a227f109e85e841c1599966769c16123edf77b848a8c2ce018c8b66763a1759,60.0,ok,accept,true,unknown,true,50584920736,50586415659,,,
1,20260726T135725.806593Z,earley,cfg5,Left-recursive ambiguity through X → Y | Z,lean,earley.cfg5.n049,n049,n,49,49,a a a a a a a a a a a a a a a a a a a a a a a a a a a a a a a a a a a a a a a a a a a a a a a a a,99e8c0fe4c88f0445b7bdd1ddd8903d345647bb315228d3ed9b8e3f9a1453067,60.0,ok,accept,true,unknown,true,59238930818,59240819671,,,
1,20260726T135725.806593Z,earley,cfg5,Left-recursive ambiguity through X → Y | Z,lean,earley.cfg5.n051,n051,n,51,51,a a a a a a a a a a a a a a a a a a a a a a a a a a a a a a a a a a a a a a a a a a a a a a a a a a a,08f26910e932063059fae5c479867d6997cf56d64a6ad0363853dd6848e5a131,60.0,timeout,unknown,unknown,unknown,unknown,,60060153586,,timeout,no RESULT within 60 seconds
1,20260726T135725.806593Z,earley,cfg5,Left-recursive ambiguity through X → Y | Z,lean,earley.cfg5.n053,n053,n,53,53,a a a a a a a a a a a a a a a a a a a a a a a a a a a a a a a a a a a a a a a a a a a a a a a a a a a a a,9a57ed48fdc55fce48079815c33dec4ee1dfb5e7c9acf3ce1ae1102961759834,60.0,skipped_after_timeout,unknown,unknown,unknown,unknown,,,,early_stop,earlier input earley.cfg5.n051 timed out
1,20260726T135725.806593Z,earley,cfg5,Left-recursive ambiguity through X → Y | Z,lean,earley.cfg5.n055,n055,n,55,55,a a a a a a a a a a a a a a a a a a a a a a a a a a a a a a a a a a a a a a a a a a a a a a a a a a a a a a a,397471ff60216f6a8bae3bf00d4f76e8643bb5dac774582749fc24ef11816b24,60.0,skipped_after_timeout,unknown,unknown,unknown,unknown,,,,early_stop,earlier input earley.cfg5.n051 timed out
1,20260726T135725.806593Z,earley,cfg5,Left-recursive ambiguity through X → Y | Z,lean,earley.cfg5.n057,n057,n,57,57,a a a a a a a a a a a a a a a a a a a a a a a a a a a a a a a a a a a a a a a a a a a a a a a a a a a a a a a a a,b6388e1e8f6c10ccc2277fad64251a43a039604b11b2e3c9e3b9c331e606dc3a,60.0,skipped_after_timeout,unknown,unknown,unknown,unknown,,,,early_stop,earlier input earley.cfg5.n051 timed out
1,20260726T135725.806593Z,earley,cfg5,Left-recursive ambiguity through X → Y | Z,lean,earley.cfg5.n059,n059,n,59,59,a a a a a a a a a a a a a a a a a a a a a a a a a a a a a a a a a a a a a a a a a a a a a a a a a a a a a a a a a a a,9e271998808c273754c2be85eeb5ef9477ebdfddc4375a4f82ed6e8d64734550,60.0,skipped_after_timeout,unknown,unknown,unknown,unknown,,,,early_stop,earlier input earley.cfg5.n051 timed out
1,20260726T135725.806593Z,earley,cfg5,Left-recursive ambiguity through X → Y | Z,lean,earley.cfg5.n061,n061,n,61,61,a a a a a a a a a a a a a a a a a a a a a a a a a a a a a a a a a a a a a a a a a a a a a a a a a a a a a a a a a a a a a,8b72598a941c6c337740fe03485056c52ff6ea510c78629e8029d2b497447e93,60.0,skipped_after_timeout,unknown,unknown,unknown,unknown,,,,early_stop,earlier input earley.cfg5.n051 timed out
1,20260726T135725.806593Z,earley,cfg5,Left-recursive ambiguity through X → Y | Z,lean,earley.cfg5.n063,n063,n,63,63,a a a a a a a a a a a a a a a a a a a a a a a a a a a a a a a a a a a a a a a a a a a a a a a a a a a a a a a a a a a a a a a,bd61fffc8dc55a105796ce4395d2822c95221106e3dce37912b244042a801b52,60.0,skipped_after_timeout,unknown,unknown,unknown,unknown,,,,early_stop,earlier input earley.cfg5.n051 timed out
1,20260726T135725.806593Z,earley,cfg5,Left-recursive ambiguity through X → Y | Z,lean,earley.cfg5.n065,n065,n,65,65,a a a a a a a a a a a a a a a a a a a a a a a a a a a a a a a a a a a a a a a a a a a a a a a a a a a a a a a a a a a a a a a a a,32db1b66466ec271199a28a886eab9eef6f72a88d1dd49de6c67a73925842bfa,60.0,skipped_after_timeout,unknown,unknown,unknown,unknown,,,,early_stop,earlier input earley.cfg5.n051 timed out
