schema_version,run_id,suite,grammar_id,grammar_description,parser,case_id,size_label,parameter_name,parameter_value,token_count,input_tokens,input_sha256,timeout_seconds,status,outcome,accepted,ambiguity,tree_present,elapsed_ns,wall_elapsed_ns,exit_code,error_kind,detail,elapsed_ms,wall_elapsed_ms,completed,timed_out
1,20260726T135725.806593Z,classical,A1,Dangling-else grammar on fully matched inputs,costar,classical.A1.small,small,nesting,2,11,IF COND THEN IF COND THEN OTHER ELSE OTHER ELSE OTHER,9131cf716f7df4827b4dfe15cc5a89b96e69e0764a44374de93c77b1005d8926,60.0,ok,accept,true,unique,true,85830,184697,,,,0.08582999999999999,0.184697,true,false
1,20260726T135725.806593Z,classical,A1,Dangling-else grammar on fully matched inputs,costar,classical.A1.medium,medium,nesting,8,41,IF COND THEN IF COND THEN IF COND THEN IF COND THEN IF COND THEN IF COND THEN IF COND THEN IF COND THEN OTHER ELSE OTHER ELSE OTHER ELSE OTHER ELSE OTHER ELSE OTHER ELSE OTHER ELSE OTHER ELSE OTHER,c0841de25bcaa73e8eb23de00967ee1bc2f856ef6b4775b664b33918b744abf1,60.0,ok,accept,true,unique,true,10964870,11165885,,,,10.96487,11.165885,true,false
1,20260726T135725.806593Z,classical,A1,Dangling-else grammar on fully matched inputs,costar,classical.A1.large,large,nesting,32,161,IF COND THEN IF COND THEN IF COND THEN IF COND THEN IF COND THEN IF COND THEN IF COND THEN IF COND THEN IF COND THEN IF COND THEN IF COND THEN IF COND THEN IF COND THEN IF COND THEN IF COND THEN IF COND THEN IF COND THEN IF COND THEN IF COND THEN IF COND THEN IF COND THEN IF COND THEN IF COND THEN IF COND THEN IF COND THEN IF COND THEN IF COND THEN IF COND THEN IF COND THEN IF COND THEN IF COND THEN IF COND THEN OTHER ELSE OTHER ELSE OTHER ELSE OTHER ELSE OTHER ELSE OTHER ELSE OTHER ELSE OTHER ELSE OTHER ELSE OTHER ELSE OTHER ELSE OTHER ELSE OTHER ELSE OTHER ELSE OTHER ELSE OTHER ELSE OTHER ELSE OTHER ELSE OTHER ELSE OTHER ELSE OTHER ELSE OTHER ELSE OTHER ELSE OTHER ELSE OTHER ELSE OTHER ELSE OTHER ELSE OTHER ELSE OTHER ELSE OTHER ELSE OTHER ELSE OTHER ELSE OTHER,9a3c37fd43742661f92f1cab882220e10bd78dddfd0b55210353a060f77ba5f1,60.0,timeout,unknown,unknown,unknown,unknown,,60014861494,,timeout,no RESULT within 60 seconds,,60014.861494,false,true
1,20260726T135725.806593Z,classical,A1,Dangling-else grammar on fully matched inputs,earley,classical.A1.small,small,nesting,2,11,IF COND THEN IF COND THEN OTHER ELSE OTHER ELSE OTHER,9131cf716f7df4827b4dfe15cc5a89b96e69e0764a44374de93c77b1005d8926,60.0,ok,accept,true,unknown,true,50000,325572,,,,0.049999999999999996,0.325572,true,false
1,20260726T135725.806593Z,classical,A1,Dangling-else grammar on fully matched inputs,earley,classical.A1.medium,medium,nesting,8,41,IF COND THEN IF COND THEN IF COND THEN IF COND THEN IF COND THEN IF COND THEN IF COND THEN IF COND THEN OTHER ELSE OTHER ELSE OTHER ELSE OTHER ELSE OTHER ELSE OTHER ELSE OTHER ELSE OTHER ELSE OTHER,c0841de25bcaa73e8eb23de00967ee1bc2f856ef6b4775b664b33918b744abf1,60.0,ok,accept,true,unknown,true,717000,913889,,,,0.717,0.913889,true,false
1,20260726T135725.806593Z,classical,A1,Dangling-else grammar on fully matched inputs,earley,classical.A1.large,large,nesting,32,161,IF COND THEN IF COND THEN IF COND THEN IF COND THEN IF COND THEN IF COND THEN IF COND THEN IF COND THEN IF COND THEN IF COND THEN IF COND THEN IF COND THEN IF COND THEN IF COND THEN IF COND THEN IF COND THEN IF COND THEN IF COND THEN IF COND THEN IF COND THEN IF COND THEN IF COND THEN IF COND THEN IF COND THEN IF COND THEN IF COND THEN IF COND THEN IF COND THEN IF COND THEN IF COND THEN IF COND THEN IF COND THEN OTHER ELSE OTHER ELSE OTHER ELSE OTHER ELSE OTHER ELSE OTHER ELSE OTHER ELSE OTHER ELSE OTHER ELSE OTHER ELSE OTHER ELSE OTHER ELSE OTHER ELSE OTHER ELSE OTHER ELSE OTHER ELSE OTHER ELSE OTHER ELSE OTHER ELSE OTHER ELSE OTHER ELSE OTHER ELSE OTHER ELSE OTHER ELSE OTHER ELSE OTHER ELSE OTHER ELSE OTHER ELSE OTHER ELSE OTHER ELSE OTHER ELSE OTHER ELSE OTHER,9a3c37fd43742661f92f1cab882220e10bd78dddfd0b55210353a060f77ba5f1,60.0,ok,accept,true,unknown,true,18562000,19137410,,,,18.561999999999998,19.13741,true,false
1,20260726T135725.806593Z,classical,A1,Dangling-else grammar on fully matched inputs,lean,classical.A1.small,small,nesting,2,11,IF COND THEN IF COND THEN OTHER ELSE OTHER ELSE OTHER,9131cf716f7df4827b4dfe15cc5a89b96e69e0764a44374de93c77b1005d8926,60.0,ok,accept,true,unknown,true,294444,480805,,,,0.294444,0.480805,true,false
1,20260726T135725.806593Z,classical,A1,Dangling-else grammar on fully matched inputs,lean,classical.A1.medium,medium,nesting,8,41,IF COND THEN IF COND THEN IF COND THEN IF COND THEN IF COND THEN IF COND THEN IF COND THEN IF COND THEN OTHER ELSE OTHER ELSE OTHER ELSE OTHER ELSE OTHER ELSE OTHER ELSE OTHER ELSE OTHER ELSE OTHER,c0841de25bcaa73e8eb23de00967ee1bc2f856ef6b4775b664b33918b744abf1,60.0,ok,accept,true,unknown,true,12028498,12359700,,,,12.028497999999999,12.3597,true,false
1,20260726T135725.806593Z,classical,A1,Dangling-else grammar on fully matched inputs,lean,classical.A1.large,large,nesting,32,161,IF COND THEN IF COND THEN IF COND THEN IF COND THEN IF COND THEN IF COND THEN IF COND THEN IF COND THEN IF COND THEN IF COND THEN IF COND THEN IF COND THEN IF COND THEN IF COND THEN IF COND THEN IF COND THEN IF COND THEN IF COND THEN IF COND THEN IF COND THEN IF COND THEN IF COND THEN IF COND THEN IF COND THEN IF COND THEN IF COND THEN IF COND THEN IF COND THEN IF COND THEN IF COND THEN IF COND THEN IF COND THEN OTHER ELSE OTHER ELSE OTHER ELSE OTHER ELSE OTHER ELSE OTHER ELSE OTHER ELSE OTHER ELSE OTHER ELSE OTHER ELSE OTHER ELSE OTHER ELSE OTHER ELSE OTHER ELSE OTHER ELSE OTHER ELSE OTHER ELSE OTHER ELSE OTHER ELSE OTHER ELSE OTHER ELSE OTHER ELSE OTHER ELSE OTHER ELSE OTHER ELSE OTHER ELSE OTHER ELSE OTHER ELSE OTHER ELSE OTHER ELSE OTHER ELSE OTHER ELSE OTHER,9a3c37fd43742661f92f1cab882220e10bd78dddfd0b55210353a060f77ba5f1,60.0,ok,accept,true,unknown,true,1743414504,1744309529,,,,1743.4145039999999,1744.3095289999999,true,false
1,20260726T135725.806593Z,classical,C1,Odd palindromes; selected family a^n b a^n,costar,classical.C1.small,small,n,3,7,a a a b a a a,ca00b210a908372abe054b4249193f5f46f1da2ce49475172c2f13224499627e,60.0,ok,accept,true,unique,true,159025,308971,,,,0.159025,0.308971,true,false
1,20260726T135725.806593Z,classical,C1,Odd palindromes; selected family a^n b a^n,costar,classical.C1.medium,medium,n,31,63,a a a a a a a a a a a a a a a a a a a a a a a a a a a a a a a b a a a a a a a a a a a a a a a a a a a a a a a a a a a a a a a,605dda7374aa322527b1a237857de71216632c5c280b9340442886750ba1b365,60.0,ok,accept,true,unique,true,28987884,29251437,,,,28.987883999999998,29.251437,true,false
1,20260726T135725.806593Z,classical,C1,Odd palindromes; selected family a^n b a^n,costar,classical.C1.large,large,n,255,511,a a a a a a a a a a a a a a a a a a a a a a a a a a a a a a a a a a a a a a a a a a a a a a a a a a a a a a a a a a a a a a a a a a a a a a a a a a a a a a a a a a a a a a a a a a a a a a a a a a a a a a a a a a a a a a a a a a a a a a a a a a a a a a a a a a a a a a a a a a a a a a a a a a a a a a a a a a a a a a a a a a a a a a a a a a a a a a a a a a a a a a a a a a a a a a a a a a a a a a a a a a a a a a a a a a a a a a a a a a a a a a a a a a a a a a a a a a a a a a a a a a a a a a a a a a a a a a a b a a a a a a a a a a a a a a a a a a a a a a a a a a a a a a a a a a a a a a a a a a a a a a a a a a a a a a a a a a a a a a a a a a a a a a a a a a a a a a a a a a a a a a a a a a a a a a a a a a a a a a a a a a a a a a a a a a a a a a a a a a a a a a a a a a a a a a a a a a a a a a a a a a a a a a a a a a a a a a a a a a a a a a a a a a a a a a a a a a a a a a a a a a a a a a a a a a a a a a a a a a a a a a a a a a a a a a a a a a a a a a a a a a a a a a a a a a a a a a a a a a a a a a a a a a a a a a a,e16e0a8deebfcfe2eaeead251b184f0c3bb391fb420becfac2f97f1dbac4f431,60.0,ok,accept,true,unique,true,13047327041,13047667428,,,,13047.327040999999,13047.667427999999,true,false
1,20260726T135725.806593Z,classical,C1,Odd palindromes; selected family a^n b a^n,earley,classical.C1.small,small,n,3,7,a a a b a a a,ca00b210a908372abe054b4249193f5f46f1da2ce49475172c2f13224499627e,60.0,ok,accept,true,unknown,true,61000,307248,,,,0.061,0.30724799999999997,true,false
1,20260726T135725.806593Z,classical,C1,Odd palindromes; selected family a^n b a^n,earley,classical.C1.medium,medium,n,31,63,a a a a a a a a a a a a a a a a a a a a a a a a a a a a a a a b a a a a a a a a a a a a a a a a a a a a a a a a a a a a a a a,605dda7374aa322527b1a237857de71216632c5c280b9340442886750ba1b365,60.0,ok,accept,true,unknown,true,2845000,3105872,,,,2.8449999999999998,3.1058719999999997,true,false
1,20260726T135725.806593Z,classical,C1,Odd palindromes; selected family a^n b a^n,earley,classical.C1.large,large,n,255,511,a a a a a a a a a a a a a a a a a a a a a a a a a a a a a a a a a a a a a a a a a a a a a a a a a a a a a a a a a a a a a a a a a a a a a a a a a a a a a a a a a a a a a a a a a a a a a a a a a a a a a a a a a a a a a a a a a a a a a a a a a a a a a a a a a a a a a a a a a a a a a a a a a a a a a a a a a a a a a a a a a a a a a a a a a a a a a a a a a a a a a a a a a a a a a a a a a a a a a a a a a a a a a a a a a a a a a a a a a a a a a a a a a a a a a a a a a a a a a a a a a a a a a a a a a a a a a a a b a a a a a a a a a a a a a a a a a a a a a a a a a a a a a a a a a a a a a a a a a a a a a a a a a a a a a a a a a a a a a a a a a a a a a a a a a a a a a a a a a a a a a a a a a a a a a a a a a a a a a a a a a a a a a a a a a a a a a a a a a a a a a a a a a a a a a a a a a a a a a a a a a a a a a a a a a a a a a a a a a a a a a a a a a a a a a a a a a a a a a a a a a a a a a a a a a a a a a a a a a a a a a a a a a a a a a a a a a a a a a a a a a a a a a a a a a a a a a a a a a a a a a a a a a a a a a a a,e16e0a8deebfcfe2eaeead251b184f0c3bb391fb420becfac2f97f1dbac4f431,60.0,ok,accept,true,unknown,true,815766000,817325977,,,,815.766,817.325977,true,false
1,20260726T135725.806593Z,classical,C1,Odd palindromes; selected family a^n b a^n,lean,classical.C1.small,small,n,3,7,a a a b a a a,ca00b210a908372abe054b4249193f5f46f1da2ce49475172c2f13224499627e,60.0,ok,accept,true,unknown,true,611891,790097,,,,0.611891,0.7900969999999999,true,false
1,20260726T135725.806593Z,classical,C1,Odd palindromes; selected family a^n b a^n,lean,classical.C1.medium,medium,n,31,63,a a a a a a a a a a a a a a a a a a a a a a a a a a a a a a a b a a a a a a a a a a a a a a a a a a a a a a a a a a a a a a a,605dda7374aa322527b1a237857de71216632c5c280b9340442886750ba1b365,60.0,ok,accept,true,unknown,true,54131771,54506276,,,,54.131771,54.506276,true,false
1,20260726T135725.806593Z,classical,C1,Odd palindromes; selected family a^n b a^n,lean,classical.C1.large,large,n,255,511,a a a a a a a a a a a a a a a a a a a a a a a a a a a a a a a a a a a a a a a a a a a a a a a a a a a a a a a a a a a a a a a a a a a a a a a a a a a a a a a a a a a a a a a a a a a a a a a a a a a a a a a a a a a a a a a a a a a a a a a a a a a a a a a a a a a a a a a a a a a a a a a a a a a a a a a a a a a a a a a a a a a a a a a a a a a a a a a a a a a a a a a a a a a a a a a a a a a a a a a a a a a a a a a a a a a a a a a a a a a a a a a a a a a a a a a a a a a a a a a a a a a a a a a a a a a a a a a b a a a a a a a a a a a a a a a a a a a a a a a a a a a a a a a a a a a a a a a a a a a a a a a a a a a a a a a a a a a a a a a a a a a a a a a a a a a a a a a a a a a a a a a a a a a a a a a a a a a a a a a a a a a a a a a a a a a a a a a a a a a a a a a a a a a a a a a a a a a a a a a a a a a a a a a a a a a a a a a a a a a a a a a a a a a a a a a a a a a a a a a a a a a a a a a a a a a a a a a a a a a a a a a a a a a a a a a a a a a a a a a a a a a a a a a a a a a a a a a a a a a a a a a a a a a a a a a,e16e0a8deebfcfe2eaeead251b184f0c3bb391fb420becfac2f97f1dbac4f431,60.0,ok,accept,true,unknown,true,26196254331,26302256609,,,,26196.254331,26302.256609,true,false
1,20260726T135725.806593Z,classical,P1,Context-free a^n b^n,costar,classical.P1.small,small,n,4,8,a a a a b b b b,847e5485c8ce109e62513b7c3dac5a77328a28465985a9d74729ca5319474d2d,60.0,ok,accept,true,unique,true,15974,144472,,,,0.015974,0.144472,true,false
1,20260726T135725.806593Z,classical,P1,Context-free a^n b^n,costar,classical.P1.medium,medium,n,32,64,a a a a a a a a a a a a a a a a a a a a a a a a a a a a a a a a b b b b b b b b b b b b b b b b b b b b b b b b b b b b b b b b,6ea9f555bd080295f2e4cd2b071a2d592ac3b4c90723250f42eafb4c794c0074,60.0,ok,accept,true,unique,true,94890,190819,,,,0.09489,0.190819,true,false
1,20260726T135725.806593Z,classical,P1,Context-free a^n b^n,costar,classical.P1.large,large,n,256,512,a a a a a a a a a a a a a a a a a a a a a a a a a a a a a a a a a a a a a a a a a a a a a a a a a a a a a a a a a a a a a a a a a a a a a a a a a a a a a a a a a a a a a a a a a a a a a a a a a a a a a a a a a a a a a a a a a a a a a a a a a a a a a a a a a a a a a a a a a a a a a a a a a a a a a a a a a a a a a a a a a a a a a a a a a a a a a a a a a a a a a a a a a a a a a a a a a a a a a a a a a a a a a a a a a a a a a a a a a a a a a a a a a a a a a a a a a a a a a a a a a a a a a a a a a a a a a a a a b b b b b b b b b b b b b b b b b b b b b b b b b b b b b b b b b b b b b b b b b b b b b b b b b b b b b b b b b b b b b b b b b b b b b b b b b b b b b b b b b b b b b b b b b b b b b b b b b b b b b b b b b b b b b b b b b b b b b b b b b b b b b b b b b b b b b b b b b b b b b b b b b b b b b b b b b b b b b b b b b b b b b b b b b b b b b b b b b b b b b b b b b b b b b b b b b b b b b b b b b b b b b b b b b b b b b b b b b b b b b b b b b b b b b b b b b b b b b b b b b b b b b b b b b b b b b b b b,6fc7c33088a92da1fdbd09722c246f988cb4822a185d3cb1a4aad3b08fa8e471,60.0,ok,accept,true,unique,true,586986,810815,,,,0.586986,0.810815,true,false
1,20260726T135725.806593Z,classical,P1,Context-free a^n b^n,earley,classical.P1.small,small,n,4,8,a a a a b b b b,847e5485c8ce109e62513b7c3dac5a77328a28465985a9d74729ca5319474d2d,60.0,ok,accept,true,unknown,true,50000,354156,,,,0.049999999999999996,0.35415599999999997,true,false
1,20260726T135725.806593Z,classical,P1,Context-free a^n b^n,earley,classical.P1.medium,medium,n,32,64,a a a a a a a a a a a a a a a a a a a a a a a a a a a a a a a a b b b b b b b b b b b b b b b b b b b b b b b b b b b b b b b b,6ea9f555bd080295f2e4cd2b071a2d592ac3b4c90723250f42eafb4c794c0074,60.0,ok,accept,true,unknown,true,366000,552550,,,,0.366,0.55255,true,false
1,20260726T135725.806593Z,classical,P1,Context-free a^n b^n,earley,classical.P1.large,large,n,256,512,a a a a a a a a a a a a a a a a a a a a a a a a a a a a a a a a a a a a a a a a a a a a a a a a a a a a a a a a a a a a a a a a a a a a a a a a a a a a a a a a a a a a a a a a a a a a a a a a a a a a a a a a a a a a a a a a a a a a a a a a a a a a a a a a a a a a a a a a a a a a a a a a a a a a a a a a a a a a a a a a a a a a a a a a a a a a a a a a a a a a a a a a a a a a a a a a a a a a a a a a a a a a a a a a a a a a a a a a a a a a a a a a a a a a a a a a a a a a a a a a a a a a a a a a a a a a a a a a b b b b b b b b b b b b b b b b b b b b b b b b b b b b b b b b b b b b b b b b b b b b b b b b b b b b b b b b b b b b b b b b b b b b b b b b b b b b b b b b b b b b b b b b b b b b b b b b b b b b b b b b b b b b b b b b b b b b b b b b b b b b b b b b b b b b b b b b b b b b b b b b b b b b b b b b b b b b b b b b b b b b b b b b b b b b b b b b b b b b b b b b b b b b b b b b b b b b b b b b b b b b b b b b b b b b b b b b b b b b b b b b b b b b b b b b b b b b b b b b b b b b b b b b b b b b b b b b,6fc7c33088a92da1fdbd09722c246f988cb4822a185d3cb1a4aad3b08fa8e471,60.0,ok,accept,true,unknown,true,12128000,12961403,,,,12.128,12.961402999999999,true,false
1,20260726T135725.806593Z,classical,P1,Context-free a^n b^n,lean,classical.P1.small,small,n,4,8,a a a a b b b b,847e5485c8ce109e62513b7c3dac5a77328a28465985a9d74729ca5319474d2d,60.0,ok,accept,true,unknown,true,716829,864846,,,,0.7168289999999999,0.864846,true,false
1,20260726T135725.806593Z,classical,P1,Context-free a^n b^n,lean,classical.P1.medium,medium,n,32,64,a a a a a a a a a a a a a a a a a a a a a a a a a a a a a a a a b b b b b b b b b b b b b b b b b b b b b b b b b b b b b b b b,6ea9f555bd080295f2e4cd2b071a2d592ac3b4c90723250f42eafb4c794c0074,60.0,ok,accept,true,unknown,true,26954105,27263217,,,,26.954105,27.263216999999997,true,false
1,20260726T135725.806593Z,classical,P1,Context-free a^n b^n,lean,classical.P1.large,large,n,256,512,a a a a a a a a a a a a a a a a a a a a a a a a a a a a a a a a a a a a a a a a a a a a a a a a a a a a a a a a a a a a a a a a a a a a a a a a a a a a a a a a a a a a a a a a a a a a a a a a a a a a a a a a a a a a a a a a a a a a a a a a a a a a a a a a a a a a a a a a a a a a a a a a a a a a a a a a a a a a a a a a a a a a a a a a a a a a a a a a a a a a a a a a a a a a a a a a a a a a a a a a a a a a a a a a a a a a a a a a a a a a a a a a a a a a a a a a a a a a a a a a a a a a a a a a a a a a a a a a b b b b b b b b b b b b b b b b b b b b b b b b b b b b b b b b b b b b b b b b b b b b b b b b b b b b b b b b b b b b b b b b b b b b b b b b b b b b b b b b b b b b b b b b b b b b b b b b b b b b b b b b b b b b b b b b b b b b b b b b b b b b b b b b b b b b b b b b b b b b b b b b b b b b b b b b b b b b b b b b b b b b b b b b b b b b b b b b b b b b b b b b b b b b b b b b b b b b b b b b b b b b b b b b b b b b b b b b b b b b b b b b b b b b b b b b b b b b b b b b b b b b b b b b b b b b b b b b,6fc7c33088a92da1fdbd09722c246f988cb4822a185d3cb1a4aad3b08fa8e471,60.0,ok,accept,true,unknown,true,1786621714,1790015930,,,,1786.6217139999999,1790.01593,true,false
1,20260726T135725.806593Z,classical,P2,"Predictive, semicolon-terminated identifier list",costar,classical.P2.small,small,items,4,8,ID COMMA ID COMMA ID COMMA ID SEMI,1c8330261ce282056e8fd4ee984a6f01e0324502479b01793d5b847a4a7991ae,60.0,ok,accept,true,unique,true,10967,106460,,,,0.010967,0.10646,true,false
1,20260726T135725.806593Z,classical,P2,"Predictive, semicolon-terminated identifier list",costar,classical.P2.medium,medium,items,32,64,ID COMMA ID COMMA ID COMMA ID COMMA ID COMMA ID COMMA ID COMMA ID COMMA ID COMMA ID COMMA ID COMMA ID COMMA ID COMMA ID COMMA ID COMMA ID COMMA ID COMMA ID COMMA ID COMMA ID COMMA ID COMMA ID COMMA ID COMMA ID COMMA ID COMMA ID COMMA ID COMMA ID COMMA ID COMMA ID COMMA ID COMMA ID SEMI,5f42d3c082dd0011320b12f444f243edcbddfc7ed08cc3e361c4fa00c71639cb,60.0,ok,accept,true,unique,true,51975,131949,,,,0.051975,0.13194899999999998,true,false
1,20260726T135725.806593Z,classical,P2,"Predictive, semicolon-terminated identifier list",costar,classical.P2.large,large,items,256,512,ID COMMA ID COMMA ID COMMA ID COMMA ID COMMA ID COMMA ID COMMA ID COMMA ID COMMA ID COMMA ID COMMA ID COMMA ID COMMA ID COMMA ID COMMA ID COMMA ID COMMA ID COMMA ID COMMA ID COMMA ID COMMA ID COMMA ID COMMA ID COMMA ID COMMA ID COMMA ID COMMA ID COMMA ID COMMA ID COMMA ID COMMA ID COMMA ID COMMA ID COMMA ID COMMA ID COMMA ID COMMA ID COMMA ID COMMA ID COMMA ID COMMA ID COMMA ID COMMA ID COMMA ID COMMA ID COMMA ID COMMA ID COMMA ID COMMA ID COMMA ID COMMA ID COMMA ID COMMA ID COMMA ID COMMA ID COMMA ID COMMA ID COMMA ID COMMA ID COMMA ID COMMA ID COMMA ID COMMA ID COMMA ID COMMA ID COMMA ID COMMA ID COMMA ID COMMA ID COMMA ID COMMA ID COMMA ID COMMA ID COMMA ID COMMA ID COMMA ID COMMA ID COMMA ID COMMA ID COMMA ID COMMA ID COMMA ID COMMA ID COMMA ID COMMA ID COMMA ID COMMA ID COMMA ID COMMA ID COMMA ID COMMA ID COMMA ID COMMA ID COMMA ID COMMA ID COMMA ID COMMA ID COMMA ID COMMA ID COMMA ID COMMA ID COMMA ID COMMA ID COMMA ID COMMA ID COMMA ID COMMA ID COMMA ID COMMA ID COMMA ID COMMA ID COMMA ID COMMA ID COMMA ID COMMA ID COMMA ID COMMA ID COMMA ID COMMA ID COMMA ID COMMA ID COMMA ID COMMA ID COMMA ID COMMA ID COMMA ID COMMA ID COMMA ID COMMA ID COMMA ID COMMA ID COMMA ID COMMA ID COMMA ID COMMA ID COMMA ID COMMA ID COMMA ID COMMA ID COMMA ID COMMA ID COMMA ID COMMA ID COMMA ID COMMA ID COMMA ID COMMA ID COMMA ID COMMA ID COMMA ID COMMA ID COMMA ID COMMA ID COMMA ID COMMA ID COMMA ID COMMA ID COMMA ID COMMA ID COMMA ID COMMA ID COMMA ID COMMA ID COMMA ID COMMA ID COMMA ID COMMA ID COMMA ID COMMA ID COMMA ID COMMA ID COMMA ID COMMA ID COMMA ID COMMA ID COMMA ID COMMA ID COMMA ID COMMA ID COMMA ID COMMA ID COMMA ID COMMA ID COMMA ID COMMA ID COMMA ID COMMA ID COMMA ID COMMA ID COMMA ID COMMA ID COMMA ID COMMA ID COMMA ID COMMA ID COMMA ID COMMA ID COMMA ID COMMA ID COMMA ID COMMA ID COMMA ID COMMA ID COMMA ID COMMA ID COMMA ID COMMA ID COMMA ID COMMA ID COMMA ID COMMA ID COMMA ID COMMA ID COMMA ID COMMA ID COMMA ID COMMA ID COMMA ID COMMA ID COMMA ID COMMA ID COMMA ID COMMA ID COMMA ID COMMA ID COMMA ID COMMA ID COMMA ID COMMA ID COMMA ID COMMA ID COMMA ID COMMA ID COMMA ID COMMA ID COMMA ID COMMA ID COMMA ID COMMA ID COMMA ID COMMA ID COMMA ID COMMA ID COMMA ID COMMA ID COMMA ID COMMA ID COMMA ID COMMA ID COMMA ID COMMA ID COMMA ID COMMA ID COMMA ID COMMA ID SEMI,0909f581203d3d4a16cd5d8b6b46443001f2940efdcfd3a34739246e9c136b00,60.0,ok,accept,true,unique,true,324010,500582,,,,0.32400999999999996,0.500582,true,false
1,20260726T135725.806593Z,classical,P2,"Predictive, semicolon-terminated identifier list",earley,classical.P2.small,small,items,4,8,ID COMMA ID COMMA ID COMMA ID SEMI,1c8330261ce282056e8fd4ee984a6f01e0324502479b01793d5b847a4a7991ae,60.0,ok,accept,true,unknown,true,25000,358093,,,,0.024999999999999998,0.358093,true,false
1,20260726T135725.806593Z,classical,P2,"Predictive, semicolon-terminated identifier list",earley,classical.P2.medium,medium,items,32,64,ID COMMA ID COMMA ID COMMA ID COMMA ID COMMA ID COMMA ID COMMA ID COMMA ID COMMA ID COMMA ID COMMA ID COMMA ID COMMA ID COMMA ID COMMA ID COMMA ID COMMA ID COMMA ID COMMA ID COMMA ID COMMA ID COMMA ID COMMA ID COMMA ID COMMA ID COMMA ID COMMA ID COMMA ID COMMA ID COMMA ID COMMA ID SEMI,5f42d3c082dd0011320b12f444f243edcbddfc7ed08cc3e361c4fa00c71639cb,60.0,ok,accept,true,unknown,true,268000,551388,,,,0.26799999999999996,0.551388,true,false
1,20260726T135725.806593Z,classical,P2,"Predictive, semicolon-terminated identifier list",earley,classical.P2.large,large,items,256,512,ID COMMA ID COMMA ID COMMA ID COMMA ID COMMA ID COMMA ID COMMA ID COMMA ID COMMA ID COMMA ID COMMA ID COMMA ID COMMA ID COMMA ID COMMA ID COMMA ID COMMA ID COMMA ID COMMA ID COMMA ID COMMA ID COMMA ID COMMA ID COMMA ID COMMA ID COMMA ID COMMA ID COMMA ID COMMA ID COMMA ID COMMA ID COMMA ID COMMA ID COMMA ID COMMA ID COMMA ID COMMA ID COMMA ID COMMA ID COMMA ID COMMA ID COMMA ID COMMA ID COMMA ID COMMA ID COMMA ID COMMA ID COMMA ID COMMA ID COMMA ID COMMA ID COMMA ID COMMA ID COMMA ID COMMA ID COMMA ID COMMA ID COMMA ID COMMA ID COMMA ID COMMA ID COMMA ID COMMA ID COMMA ID COMMA ID COMMA ID COMMA ID COMMA ID COMMA ID COMMA ID COMMA ID COMMA ID COMMA ID COMMA ID COMMA ID COMMA ID COMMA ID COMMA ID COMMA ID COMMA ID COMMA ID COMMA ID COMMA ID COMMA ID COMMA ID COMMA ID COMMA ID COMMA ID COMMA ID COMMA ID COMMA ID COMMA ID COMMA ID COMMA ID COMMA ID COMMA ID COMMA ID COMMA ID COMMA ID COMMA ID COMMA ID COMMA ID COMMA ID COMMA ID COMMA ID COMMA ID COMMA ID COMMA ID COMMA ID COMMA ID COMMA ID COMMA ID COMMA ID COMMA ID COMMA ID COMMA ID COMMA ID COMMA ID COMMA ID COMMA ID COMMA ID COMMA ID COMMA ID COMMA ID COMMA ID COMMA ID COMMA ID COMMA ID COMMA ID COMMA ID COMMA ID COMMA ID COMMA ID COMMA ID COMMA ID COMMA ID COMMA ID COMMA ID COMMA ID COMMA ID COMMA ID COMMA ID COMMA ID COMMA ID COMMA ID COMMA ID COMMA ID COMMA ID COMMA ID COMMA ID COMMA ID COMMA ID COMMA ID COMMA ID COMMA ID COMMA ID COMMA ID COMMA ID COMMA ID COMMA ID COMMA ID COMMA ID COMMA ID COMMA ID COMMA ID COMMA ID COMMA ID COMMA ID COMMA ID COMMA ID COMMA ID COMMA ID COMMA ID COMMA ID COMMA ID COMMA ID COMMA ID COMMA ID COMMA ID COMMA ID COMMA ID COMMA ID COMMA ID COMMA ID COMMA ID COMMA ID COMMA ID COMMA ID COMMA ID COMMA ID COMMA ID COMMA ID COMMA ID COMMA ID COMMA ID COMMA ID COMMA ID COMMA ID COMMA ID COMMA ID COMMA ID COMMA ID COMMA ID COMMA ID COMMA ID COMMA ID COMMA ID COMMA ID COMMA ID COMMA ID COMMA ID COMMA ID COMMA ID COMMA ID COMMA ID COMMA ID COMMA ID COMMA ID COMMA ID COMMA ID COMMA ID COMMA ID COMMA ID COMMA ID COMMA ID COMMA ID COMMA ID COMMA ID COMMA ID COMMA ID COMMA ID COMMA ID COMMA ID COMMA ID COMMA ID COMMA ID COMMA ID COMMA ID COMMA ID COMMA ID COMMA ID COMMA ID COMMA ID COMMA ID COMMA ID COMMA ID COMMA ID COMMA ID COMMA ID COMMA ID COMMA ID COMMA ID COMMA ID COMMA ID COMMA ID SEMI,0909f581203d3d4a16cd5d8b6b46443001f2940efdcfd3a34739246e9c136b00,60.0,ok,accept,true,unknown,true,12909000,13994486,,,,12.908999999999999,13.994486,true,false
1,20260726T135725.806593Z,classical,P2,"Predictive, semicolon-terminated identifier list",lean,classical.P2.small,small,items,4,8,ID COMMA ID COMMA ID COMMA ID SEMI,1c8330261ce282056e8fd4ee984a6f01e0324502479b01793d5b847a4a7991ae,60.0,ok,accept,true,unknown,true,197411,368994,,,,0.197411,0.368994,true,false
1,20260726T135725.806593Z,classical,P2,"Predictive, semicolon-terminated identifier list",lean,classical.P2.medium,medium,items,32,64,ID COMMA ID COMMA ID COMMA ID COMMA ID COMMA ID COMMA ID COMMA ID COMMA ID COMMA ID COMMA ID COMMA ID COMMA ID COMMA ID COMMA ID COMMA ID COMMA ID COMMA ID COMMA ID COMMA ID COMMA ID COMMA ID COMMA ID COMMA ID COMMA ID COMMA ID COMMA ID COMMA ID COMMA ID COMMA ID COMMA ID COMMA ID SEMI,5f42d3c082dd0011320b12f444f243edcbddfc7ed08cc3e361c4fa00c71639cb,60.0,ok,accept,true,unknown,true,5359733,5879741,,,,5.359732999999999,5.879741,true,false
1,20260726T135725.806593Z,classical,P2,"Predictive, semicolon-terminated identifier list",lean,classical.P2.large,large,items,256,512,ID COMMA ID COMMA ID COMMA ID COMMA ID COMMA ID COMMA ID COMMA ID COMMA ID COMMA ID COMMA ID COMMA ID COMMA ID COMMA ID COMMA ID COMMA ID COMMA ID COMMA ID COMMA ID COMMA ID COMMA ID COMMA ID COMMA ID COMMA ID COMMA ID COMMA ID COMMA ID COMMA ID COMMA ID COMMA ID COMMA ID COMMA ID COMMA ID COMMA ID COMMA ID COMMA ID COMMA ID COMMA ID COMMA ID COMMA ID COMMA ID COMMA ID COMMA ID COMMA ID COMMA ID COMMA ID COMMA ID COMMA ID COMMA ID COMMA ID COMMA ID COMMA ID COMMA ID COMMA ID COMMA ID COMMA ID COMMA ID COMMA ID COMMA ID COMMA ID COMMA ID COMMA ID COMMA ID COMMA ID COMMA ID COMMA ID COMMA ID COMMA ID COMMA ID COMMA ID COMMA ID COMMA ID COMMA ID COMMA ID COMMA ID COMMA ID COMMA ID COMMA ID COMMA ID COMMA ID COMMA ID COMMA ID COMMA ID COMMA ID COMMA ID COMMA ID COMMA ID COMMA ID COMMA ID COMMA ID COMMA ID COMMA ID COMMA ID COMMA ID COMMA ID COMMA ID COMMA ID COMMA ID COMMA ID COMMA ID COMMA ID COMMA ID COMMA ID COMMA ID COMMA ID COMMA ID COMMA ID COMMA ID COMMA ID COMMA ID COMMA ID COMMA ID COMMA ID COMMA ID COMMA ID COMMA ID COMMA ID COMMA ID COMMA ID COMMA ID COMMA ID COMMA ID COMMA ID COMMA ID COMMA ID COMMA ID COMMA ID COMMA ID COMMA ID COMMA ID COMMA ID COMMA ID COMMA ID COMMA ID COMMA ID COMMA ID COMMA ID COMMA ID COMMA ID COMMA ID COMMA ID COMMA ID COMMA ID COMMA ID COMMA ID COMMA ID COMMA ID COMMA ID COMMA ID COMMA ID COMMA ID COMMA ID COMMA ID COMMA ID COMMA ID COMMA ID COMMA ID COMMA ID COMMA ID COMMA ID COMMA ID COMMA ID COMMA ID COMMA ID COMMA ID COMMA ID COMMA ID COMMA ID COMMA ID COMMA ID COMMA ID COMMA ID COMMA ID COMMA ID COMMA ID COMMA ID COMMA ID COMMA ID COMMA ID COMMA ID COMMA ID COMMA ID COMMA ID COMMA ID COMMA ID COMMA ID COMMA ID COMMA ID COMMA ID COMMA ID COMMA ID COMMA ID COMMA ID COMMA ID COMMA ID COMMA ID COMMA ID COMMA ID COMMA ID COMMA ID COMMA ID COMMA ID COMMA ID COMMA ID COMMA ID COMMA ID COMMA ID COMMA ID COMMA ID COMMA ID COMMA ID COMMA ID COMMA ID COMMA ID COMMA ID COMMA ID COMMA ID COMMA ID COMMA ID COMMA ID COMMA ID COMMA ID COMMA ID COMMA ID COMMA ID COMMA ID COMMA ID COMMA ID COMMA ID COMMA ID COMMA ID COMMA ID COMMA ID COMMA ID COMMA ID COMMA ID COMMA ID COMMA ID COMMA ID COMMA ID COMMA ID COMMA ID COMMA ID COMMA ID COMMA ID COMMA ID COMMA ID COMMA ID COMMA ID COMMA ID COMMA ID COMMA ID COMMA ID COMMA ID COMMA ID COMMA ID SEMI,0909f581203d3d4a16cd5d8b6b46443001f2940efdcfd3a34739246e9c136b00,60.0,ok,accept,true,unknown,true,393401303,394863043,,,,393.401303,394.863043,true,false
1,20260726T135725.806593Z,classical,R1,Regular a* b,costar,classical.R1.small,small,n,4,5,a a a a b,ff5ea2482d53535f9b14a06c5ed33563842f5ba82115939a432e153b486fd104,60.0,ok,accept,true,unique,true,14066,119665,,,,0.014065999999999999,0.119665,true,false
1,20260726T135725.806593Z,classical,R1,Regular a* b,costar,classical.R1.medium,medium,n,32,33,a a a a a a a a a a a a a a a a a a a a a a a a a a a a a a a a b,ca4c9888949ea7a97f2b3fe2cf2c8e1a5d04ea9b4343f6fe7563c91c56897c01,60.0,ok,accept,true,unique,true,51975,146877,,,,0.051975,0.14687699999999998,true,false
1,20260726T135725.806593Z,classical,R1,Regular a* b,costar,classical.R1.large,large,n,256,257,a a a a a a a a a a a a a a a a a a a a a a a a a a a a a a a a a a a a a a a a a a a a a a a a a a a a a a a a a a a a a a a a a a a a a a a a a a a a a a a a a a a a a a a a a a a a a a a a a a a a a a a a a a a a a a a a a a a a a a a a a a a a a a a a a a a a a a a a a a a a a a a a a a a a a a a a a a a a a a a a a a a a a a a a a a a a a a a a a a a a a a a a a a a a a a a a a a a a a a a a a a a a a a a a a a a a a a a a a a a a a a a a a a a a a a a a a a a a a a a a a a a a a a a a a a a a a a a a b,17b8cd0d3d958ffd7c705c894736b50f15162c97765ffbb3d75ef167d60ebac8,60.0,ok,accept,true,unique,true,319957,459314,,,,0.319957,0.459314,true,false
1,20260726T135725.806593Z,classical,R1,Regular a* b,earley,classical.R1.small,small,n,4,5,a a a a b,ff5ea2482d53535f9b14a06c5ed33563842f5ba82115939a432e153b486fd104,60.0,ok,accept,true,unknown,true,44000,632330,,,,0.044,0.63233,true,false
1,20260726T135725.806593Z,classical,R1,Regular a* b,earley,classical.R1.medium,medium,n,32,33,a a a a a a a a a a a a a a a a a a a a a a a a a a a a a a a a b,ca4c9888949ea7a97f2b3fe2cf2c8e1a5d04ea9b4343f6fe7563c91c56897c01,60.0,ok,accept,true,unknown,true,191000,510541,,,,0.191,0.510541,true,false
1,20260726T135725.806593Z,classical,R1,Regular a* b,earley,classical.R1.large,large,n,256,257,a a a a a a a a a a a a a a a a a a a a a a a a a a a a a a a a a a a a a a a a a a a a a a a a a a a a a a a a a a a a a a a a a a a a a a a a a a a a a a a a a a a a a a a a a a a a a a a a a a a a a a a a a a a a a a a a a a a a a a a a a a a a a a a a a a a a a a a a a a a a a a a a a a a a a a a a a a a a a a a a a a a a a a a a a a a a a a a a a a a a a a a a a a a a a a a a a a a a a a a a a a a a a a a a a a a a a a a a a a a a a a a a a a a a a a a a a a a a a a a a a a a a a a a a a a a a a a a a b,17b8cd0d3d958ffd7c705c894736b50f15162c97765ffbb3d75ef167d60ebac8,60.0,ok,accept,true,unknown,true,8278000,8970474,,,,8.278,8.970474,true,false
1,20260726T135725.806593Z,classical,R1,Regular a* b,lean,classical.R1.small,small,n,4,5,a a a a b,ff5ea2482d53535f9b14a06c5ed33563842f5ba82115939a432e153b486fd104,60.0,ok,accept,true,unknown,true,178897,370547,,,,0.178897,0.37054699999999996,true,false
1,20260726T135725.806593Z,classical,R1,Regular a* b,lean,classical.R1.medium,medium,n,32,33,a a a a a a a a a a a a a a a a a a a a a a a a a a a a a a a a b,ca4c9888949ea7a97f2b3fe2cf2c8e1a5d04ea9b4343f6fe7563c91c56897c01,60.0,ok,accept,true,unknown,true,6129711,6364082,,,,6.1297109999999995,6.364082,true,false
1,20260726T135725.806593Z,classical,R1,Regular a* b,lean,classical.R1.large,large,n,256,257,a a a a a a a a a a a a a a a a a a a a a a a a a a a a a a a a a a a a a a a a a a a a a a a a a a a a a a a a a a a a a a a a a a a a a a a a a a a a a a a a a a a a a a a a a a a a a a a a a a a a a a a a a a a a a a a a a a a a a a a a a a a a a a a a a a a a a a a a a a a a a a a a a a a a a a a a a a a a a a a a a a a a a a a a a a a a a a a a a a a a a a a a a a a a a a a a a a a a a a a a a a a a a a a a a a a a a a a a a a a a a a a a a a a a a a a a a a a a a a a a a a a a a a a a a a a a a a a a b,17b8cd0d3d958ffd7c705c894736b50f15162c97765ffbb3d75ef167d60ebac8,60.0,ok,accept,true,unknown,true,352898662,353893804,,,,352.898662,353.893804,true,false
1,20260726T135725.806593Z,classical,R2,Regular (a b)* c,costar,classical.R2.small,small,n,3,7,a b a b a b c,076e538b97eeabe584d577bb52109f34be9f7cb5ec92abd6727d21cdb0ffd137,60.0,ok,accept,true,unique,true,21219,205998,,,,0.021219,0.205998,true,false
1,20260726T135725.806593Z,classical,R2,Regular (a b)* c,costar,classical.R2.medium,medium,n,32,65,a b a b a b a b a b a b a b a b a b a b a b a b a b a b a b a b a b a b a b a b a b a b a b a b a b a b a b a b a b a b a b a b c,4041b896a2170ee825f9deb7013960d52d7db61c77488527a5cbd319b73c4257,60.0,ok,accept,true,unique,true,78916,195237,,,,0.078916,0.195237,true,false
1,20260726T135725.806593Z,classical,R2,Regular (a b)* c,costar,classical.R2.large,large,n,256,513,a b a b a b a b a b a b a b a b a b a b a b a b a b a b a b a b a b a b a b a b a b a b a b a b a b a b a b a b a b a b a b a b a b a b a b a b a b a b a b a b a b a b a b a b a b a b a b a b a b a b a b a b a b a b a b a b a b a b a b a b a b a b a b a b a b a b a b a b a b a b a b a b a b a b a b a b a b a b a b a b a b a b a b a b a b a b a b a b a b a b a b a b a b a b a b a b a b a b a b a b a b a b a b a b a b a b a b a b a b a b a b a b a b a b a b a b a b a b a b a b a b a b a b a b a b a b a b a b a b a b a b a b a b a b a b a b a b a b a b a b a b a b a b a b a b a b a b a b a b a b a b a b a b a b a b a b a b a b a b a b a b a b a b a b a b a b a b a b a b a b a b a b a b a b a b a b a b a b a b a b a b a b a b a b a b a b a b a b a b a b a b a b a b a b a b a b a b a b a b a b a b a b a b a b a b a b a b a b a b a b a b a b a b a b a b a b a b a b a b a b a b a b a b a b a b a b a b a b a b a b a b a b a b a b a b a b a b a b a b a b a b a b a b a b a b a b a b a b a b a b a b a b a b a b a b a b c,214f64192493824ae414ecfe9673241d3d508a610031e255c48bb5c2bf60a15c,60.0,ok,accept,true,unique,true,650882,930601,,,,0.650882,0.930601,true,false
1,20260726T135725.806593Z,classical,R2,Regular (a b)* c,earley,classical.R2.small,small,n,3,7,a b a b a b c,076e538b97eeabe584d577bb52109f34be9f7cb5ec92abd6727d21cdb0ffd137,60.0,ok,accept,true,unknown,true,27000,316996,,,,0.027,0.316996,true,false
1,20260726T135725.806593Z,classical,R2,Regular (a b)* c,earley,classical.R2.medium,medium,n,32,65,a b a b a b a b a b a b a b a b a b a b a b a b a b a b a b a b a b a b a b a b a b a b a b a b a b a b a b a b a b a b a b a b c,4041b896a2170ee825f9deb7013960d52d7db61c77488527a5cbd319b73c4257,60.0,ok,accept,true,unknown,true,382000,609346,,,,0.382,0.6093459999999999,true,false
1,20260726T135725.806593Z,classical,R2,Regular (a b)* c,earley,classical.R2.large,large,n,256,513,a b a b a b a b a b a b a b a b a b a b a b a b a b a b a b a b a b a b a b a b a b a b a b a b a b a b a b a b a b a b a b a b a b a b a b a b a b a b a b a b a b a b a b a b a b a b a b a b a b a b a b a b a b a b a b a b a b a b a b a b a b a b a b a b a b a b a b a b a b a b a b a b a b a b a b a b a b a b a b a b a b a b a b a b a b a b a b a b a b a b a b a b a b a b a b a b a b a b a b a b a b a b a b a b a b a b a b a b a b a b a b a b a b a b a b a b a b a b a b a b a b a b a b a b a b a b a b a b a b a b a b a b a b a b a b a b a b a b a b a b a b a b a b a b a b a b a b a b a b a b a b a b a b a b a b a b a b a b a b a b a b a b a b a b a b a b a b a b a b a b a b a b a b a b a b a b a b a b a b a b a b a b a b a b a b a b a b a b a b a b a b a b a b a b a b a b a b a b a b a b a b a b a b a b a b a b a b a b a b a b a b a b a b a b a b a b a b a b a b a b a b a b a b a b a b a b a b a b a b a b a b a b a b a b a b a b a b a b a b a b a b a b a b a b a b a b a b a b a b a b a b a b a b a b a b a b c,214f64192493824ae414ecfe9673241d3d508a610031e255c48bb5c2bf60a15c,60.0,ok,accept,true,unknown,true,27606000,28423039,,,,27.605999999999998,28.423039,true,false
1,20260726T135725.806593Z,classical,R2,Regular (a b)* c,lean,classical.R2.small,small,n,3,7,a b a b a b c,076e538b97eeabe584d577bb52109f34be9f7cb5ec92abd6727d21cdb0ffd137,60.0,ok,accept,true,unknown,true,401235,589549,,,,0.401235,0.589549,true,false
1,20260726T135725.806593Z,classical,R2,Regular (a b)* c,lean,classical.R2.medium,medium,n,32,65,a b a b a b a b a b a b a b a b a b a b a b a b a b a b a b a b a b a b a b a b a b a b a b a b a b a b a b a b a b a b a b a b c,4041b896a2170ee825f9deb7013960d52d7db61c77488527a5cbd319b73c4257,60.0,ok,accept,true,unknown,true,21651060,21987111,,,,21.651059999999998,21.987111,true,false
1,20260726T135725.806593Z,classical,R2,Regular (a b)* c,lean,classical.R2.large,large,n,256,513,a b a b a b a b a b a b a b a b a b a b a b a b a b a b a b a b a b a b a b a b a b a b a b a b a b a b a b a b a b a b a b a b a b a b a b a b a b a b a b a b a b a b a b a b a b a b a b a b a b a b a b a b a b a b a b a b a b a b a b a b a b a b a b a b a b a b a b a b a b a b a b a b a b a b a b a b a b a b a b a b a b a b a b a b a b a b a b a b a b a b a b a b a b a b a b a b a b a b a b a b a b a b a b a b a b a b a b a b a b a b a b a b a b a b a b a b a b a b a b a b a b a b a b a b a b a b a b a b a b a b a b a b a b a b a b a b a b a b a b a b a b a b a b a b a b a b a b a b a b a b a b a b a b a b a b a b a b a b a b a b a b a b a b a b a b a b a b a b a b a b a b a b a b a b a b a b a b a b a b a b a b a b a b a b a b a b a b a b a b a b a b a b a b a b a b a b a b a b a b a b a b a b a b a b a b a b a b a b a b a b a b a b a b a b a b a b a b a b a b a b a b a b a b a b a b a b a b a b a b a b a b a b a b a b a b a b a b a b a b a b a b a b a b a b a b a b a b a b a b a b a b a b a b a b a b a b c,214f64192493824ae414ecfe9673241d3d508a610031e255c48bb5c2bf60a15c,60.0,ok,accept,true,unknown,true,1687892579,1691357326,,,,1687.8925789999998,1691.3573259999998,true,false
1,20260726T135725.806593Z,earley,cfg1,Ambiguous binary concatenation: S → S S | a,costar,earley.cfg1.n001,n001,n,1,1,a,ca978112ca1bbdcafac231b39a23dc4da786eff8147c4e72b9807785afee48bb,60.0,ok,parser_error,unknown,unknown,false,2145,97333,,left_recursion,PredictionError (SpLeftRecursion 0),0.0021449999999999998,0.09733299999999999,true,false
1,20260726T135725.806593Z,earley,cfg1,Ambiguous binary concatenation: S → S S | a,costar,earley.cfg1.n003,n003,n,3,3,a a a,bb6e995be430b5ada013a56dd224abfddbeff83ef54dd2fef79470c6cf440919,60.0,ok,parser_error,unknown,unknown,false,953,64361,,left_recursion,PredictionError (SpLeftRecursion 0),0.000953,0.064361,true,false
1,20260726T135725.806593Z,earley,cfg1,Ambiguous binary concatenation: S → S S | a,costar,earley.cfg1.n005,n005,n,5,5,a a a a a,dcf26724f098d41cc1f3fbeee167bde3aab05eb59e85eaf77318374c136d82a1,60.0,ok,parser_error,unknown,unknown,false,953,46979,,left_recursion,PredictionError (SpLeftRecursion 0),0.000953,0.046979,true,false
1,20260726T135725.806593Z,earley,cfg1,Ambiguous binary concatenation: S → S S | a,costar,earley.cfg1.n007,n007,n,7,7,a a a a a a a,c39b9e5f245ca64e7524d3d027ef1b7cbd9c9f2eba54ca591c7ecd770a2a07d7,60.0,ok,parser_error,unknown,unknown,false,953,45025,,left_recursion,PredictionError (SpLeftRecursion 0),0.000953,0.045024999999999996,true,false
1,20260726T135725.806593Z,earley,cfg1,Ambiguous binary concatenation: S → S S | a,costar,earley.cfg1.n009,n009,n,9,9,a a a a a a a a a,5246bd9d247b3551cdb6eba59ea82519f675b231f59836e63169ee5864f90046,60.0,ok,parser_error,unknown,unknown,false,0,43372,,left_recursion,PredictionError (SpLeftRecursion 0),0.0,0.043372,true,false
1,20260726T135725.806593Z,earley,cfg1,Ambiguous binary concatenation: S → S S | a,costar,earley.cfg1.n011,n011,n,11,11,a a a a a a a a a a a,b83899a801d9f023f810c6e76f61d7bf5973986bd70abc4cc2863d97f9b2d782,60.0,ok,parser_error,unknown,unknown,false,0,41358,,left_recursion,PredictionError (SpLeftRecursion 0),0.0,0.041358,true,false
1,20260726T135725.806593Z,earley,cfg1,Ambiguous binary concatenation: S → S S | a,costar,earley.cfg1.n013,n013,n,13,13,a a a a a a a a a a a a a,0f19eca59bf1d47974b3df7c910fa2f7d0addfc109d422fe8c6a368c7b780a13,60.0,ok,parser_error,unknown,unknown,false,0,70001,,left_recursion,PredictionError (SpLeftRecursion 0),0.0,0.070001,true,false
1,20260726T135725.806593Z,earley,cfg1,Ambiguous binary concatenation: S → S S | a,costar,earley.cfg1.n015,n015,n,15,15,a a a a a a a a a a a a a a a,3416fc43996281553685fd94058cc330ea85b1701526c7b29085904306440a1f,60.0,ok,parser_error,unknown,unknown,false,953,99938,,left_recursion,PredictionError (SpLeftRecursion 0),0.000953,0.099938,true,false
1,20260726T135725.806593Z,earley,cfg1,Ambiguous binary concatenation: S → S S | a,costar,earley.cfg1.n017,n017,n,17,17,a a a a a a a a a a a a a a a a a,3bccac4813bc2f376ff12845988fa5e600575c184ac5f21ab1b8915969532a0a,60.0,ok,parser_error,unknown,unknown,false,4053,125847,,left_recursion,PredictionError (SpLeftRecursion 0),0.004053,0.125847,true,false
1,20260726T135725.806593Z,earley,cfg1,Ambiguous binary concatenation: S → S S | a,costar,earley.cfg1.n019,n019,n,19,19,a a a a a a a a a a a a a a a a a a a,92e55c5847d9d2f40be9a63ff52228772e1f012e98e45af96f74f7d6dd44c6e0,60.0,ok,parser_error,unknown,unknown,false,5006,159370,,left_recursion,PredictionError (SpLeftRecursion 0),0.005006,0.15936999999999998,true,false
1,20260726T135725.806593Z,earley,cfg1,Ambiguous binary concatenation: S → S S | a,costar,earley.cfg1.n021,n021,n,21,21,a a a a a a a a a a a a a a a a a a a a a,52267fe9dc1a9390da3667ab75f1a4aca55c6d4f1325144f5c8e29b5727e2c8e,60.0,ok,parser_error,unknown,unknown,false,953,140094,,left_recursion,PredictionError (SpLeftRecursion 0),0.000953,0.140094,true,false
1,20260726T135725.806593Z,earley,cfg1,Ambiguous binary concatenation: S → S S | a,costar,earley.cfg1.n023,n023,n,23,23,a a a a a a a a a a a a a a a a a a a a a a a,e6799515bcbdd5ee6b53fe012a758de396640e9a8320bb62c60a135e2f2ed0a9,60.0,ok,parser_error,unknown,unknown,false,3099,135766,,left_recursion,PredictionError (SpLeftRecursion 0),0.0030989999999999998,0.135766,true,false
1,20260726T135725.806593Z,earley,cfg1,Ambiguous binary concatenation: S → S S | a,costar,earley.cfg1.n025,n025,n,25,25,a a a a a a a a a a a a a a a a a a a a a a a a a,81b5dccafd39c94829cdd6dbdb721e4bda6c9389d4a1928b885745a4a2398e96,60.0,ok,parser_error,unknown,unknown,false,0,118222,,left_recursion,PredictionError (SpLeftRecursion 0),0.0,0.118222,true,false
1,20260726T135725.806593Z,earley,cfg1,Ambiguous binary concatenation: S → S S | a,costar,earley.cfg1.n027,n027,n,27,27,a a a a a a a a a a a a a a a a a a a a a a a a a a a,2944e42c73262f1a71f9cef1670de3dfc87e6510817754bbe9215a96a5616aea,60.0,ok,parser_error,unknown,unknown,false,1192,127079,,left_recursion,PredictionError (SpLeftRecursion 0),0.001192,0.127079,true,false
1,20260726T135725.806593Z,earley,cfg1,Ambiguous binary concatenation: S → S S | a,costar,earley.cfg1.n029,n029,n,29,29,a a a a a a a a a a a a a a a a a a a a a a a a a a a a a,b00b82e962602fde3c0b9ec3258ae2bae3861496472ef35ea0ba894fb1b36288,60.0,ok,parser_error,unknown,unknown,false,1192,132279,,left_recursion,PredictionError (SpLeftRecursion 0),0.001192,0.132279,true,false
1,20260726T135725.806593Z,earley,cfg1,Ambiguous binary concatenation: S → S S | a,costar,earley.cfg1.n031,n031,n,31,31,a a a a a a a a a a a a a a a a a a a a a a a a a a a a a a a,e2fbf1eb4eccda81f87022da47d499b7c72107a7be5019bdd0123102dedd9a86,60.0,ok,parser_error,unknown,unknown,false,953,108975,,left_recursion,PredictionError (SpLeftRecursion 0),0.000953,0.10897499999999999,true,false
1,20260726T135725.806593Z,earley,cfg1,Ambiguous binary concatenation: S → S S | a,costar,earley.cfg1.n033,n033,n,33,33,a a a a a a a a a a a a a a a a a a a a a a a a a a a a a a a a a,65c4a3b876195f39e99ad322a645f2b6badd45a8457409eff406f2b517494769,60.0,ok,parser_error,unknown,unknown,false,953,173146,,left_recursion,PredictionError (SpLeftRecursion 0),0.000953,0.173146,true,false
1,20260726T135725.806593Z,earley,cfg1,Ambiguous binary concatenation: S → S S | a,costar,earley.cfg1.n035,n035,n,35,35,a a a a a a a a a a a a a a a a a a a a a a a a a a a a a a a a a a a,75aa41a2c242377f26ddd63029462f47576aaf2dd3fe5ae73041196b9087bce2,60.0,ok,parser_error,unknown,unknown,false,953,128231,,left_recursion,PredictionError (SpLeftRecursion 0),0.000953,0.12823099999999998,true,false
1,20260726T135725.806593Z,earley,cfg1,Ambiguous binary concatenation: S → S S | a,costar,earley.cfg1.n037,n037,n,37,37,a a a a a a a a a a a a a a a a a a a a a a a a a a a a a a a a a a a a a,b26448b546ae7e5bdd674af8247e59052302dbaefba9b9466382f96d0546b77a,60.0,ok,parser_error,unknown,unknown,false,3099,140875,,left_recursion,PredictionError (SpLeftRecursion 0),0.0030989999999999998,0.140875,true,false
1,20260726T135725.806593Z,earley,cfg1,Ambiguous binary concatenation: S → S S | a,costar,earley.cfg1.n039,n039,n,39,39,a a a a a a a a a a a a a a a a a a a a a a a a a a a a a a a a a a a a a a a,18eb99b1deb5a8851590d9f68f7f327bf8a6ad1f6de24b78842bce7ede036532,60.0,ok,parser_error,unknown,unknown,false,953,114095,,left_recursion,PredictionError (SpLeftRecursion 0),0.000953,0.11409499999999999,true,false
1,20260726T135725.806593Z,earley,cfg1,Ambiguous binary concatenation: S → S S | a,costar,earley.cfg1.n041,n041,n,41,41,a a a a a a a a a a a a a a a a a a a a a a a a a a a a a a a a a a a a a a a a a,5b8435430a4e0f3739618b616494cef52d305f069f4f8f145cd40257d5eb8ca2,60.0,ok,parser_error,unknown,unknown,false,953,130485,,left_recursion,PredictionError (SpLeftRecursion 0),0.000953,0.130485,true,false
1,20260726T135725.806593Z,earley,cfg1,Ambiguous binary concatenation: S → S S | a,costar,earley.cfg1.n043,n043,n,43,43,a a a a a a a a a a a a a a a a a a a a a a a a a a a a a a a a a a a a a a a a a a a,d578dc3affc8d9ac05571b77cd6aa8bb3e86c14a13d0ca1cbd18741b0eb84a0d,60.0,ok,parser_error,unknown,unknown,false,953,139111,,left_recursion,PredictionError (SpLeftRecursion 0),0.000953,0.13911099999999998,true,false
1,20260726T135725.806593Z,earley,cfg1,Ambiguous binary concatenation: S → S S | a,costar,earley.cfg1.n045,n045,n,45,45,a a a a a a a a a a a a a a a a a a a a a a a a a a a a a a a a a a a a a a a a a a a a a,95a07021a688c4b629f8896d95faeb2557e8b2db62a670f72409a59a6d2ed69d,60.0,ok,parser_error,unknown,unknown,false,0,96762,,left_recursion,PredictionError (SpLeftRecursion 0),0.0,0.096762,true,false
1,20260726T135725.806593Z,earley,cfg1,Ambiguous binary concatenation: S → S S | a,costar,earley.cfg1.n047,n047,n,47,47,a a a a a a a a a a a a a a a a a a a a a a a a a a a a a a a a a a a a a a a a a a a a a a a,0a227f109e85e841c1599966769c16123edf77b848a8c2ce018c8b66763a1759,60.0,ok,parser_error,unknown,unknown,false,0,107382,,left_recursion,PredictionError (SpLeftRecursion 0),0.0,0.10738199999999999,true,false
1,20260726T135725.806593Z,earley,cfg1,Ambiguous binary concatenation: S → S S | a,costar,earley.cfg1.n049,n049,n,49,49,a a a a a a a a a a a a a a a a a a a a a a a a a a a a a a a a a a a a a a a a a a a a a a a a a,99e8c0fe4c88f0445b7bdd1ddd8903d345647bb315228d3ed9b8e3f9a1453067,60.0,ok,parser_error,unknown,unknown,false,953,107241,,left_recursion,PredictionError (SpLeftRecursion 0),0.000953,0.10724099999999999,true,false
1,20260726T135725.806593Z,earley,cfg1,Ambiguous binary concatenation: S → S S | a,costar,earley.cfg1.n051,n051,n,51,51,a a a a a a a a a a a a a a a a a a a a a a a a a a a a a a a a a a a a a a a a a a a a a a a a a a a,08f26910e932063059fae5c479867d6997cf56d64a6ad0363853dd6848e5a131,60.0,ok,parser_error,unknown,unknown,false,953,120677,,left_recursion,PredictionError (SpLeftRecursion 0),0.000953,0.12067699999999999,true,false
1,20260726T135725.806593Z,earley,cfg1,Ambiguous binary concatenation: S → S S | a,costar,earley.cfg1.n053,n053,n,53,53,a a a a a a a a a a a a a a a a a a a a a a a a a a a a a a a a a a a a a a a a a a a a a a a a a a a a a,9a57ed48fdc55fce48079815c33dec4ee1dfb5e7c9acf3ce1ae1102961759834,60.0,ok,parser_error,unknown,unknown,false,0,137168,,left_recursion,PredictionError (SpLeftRecursion 0),0.0,0.13716799999999998,true,false
1,20260726T135725.806593Z,earley,cfg1,Ambiguous binary concatenation: S → S S | a,costar,earley.cfg1.n055,n055,n,55,55,a a a a a a a a a a a a a a a a a a a a a a a a a a a a a a a a a a a a a a a a a a a a a a a a a a a a a a a,397471ff60216f6a8bae3bf00d4f76e8643bb5dac774582749fc24ef11816b24,60.0,ok,parser_error,unknown,unknown,false,2861,88156,,left_recursion,PredictionError (SpLeftRecursion 0),0.002861,0.088156,true,false
1,20260726T135725.806593Z,earley,cfg1,Ambiguous binary concatenation: S → S S | a,costar,earley.cfg1.n057,n057,n,57,57,a a a a a a a a a a a a a a a a a a a a a a a a a a a a a a a a a a a a a a a a a a a a a a a a a a a a a a a a a,b6388e1e8f6c10ccc2277fad64251a43a039604b11b2e3c9e3b9c331e606dc3a,60.0,ok,parser_error,unknown,unknown,false,0,101501,,left_recursion,PredictionError (SpLeftRecursion 0),0.0,0.101501,true,false
1,20260726T135725.806593Z,earley,cfg1,Ambiguous binary concatenation: S → S S | a,costar,earley.cfg1.n059,n059,n,59,59,a a a a a a a a a a a a a a a a a a a a a a a a a a a a a a a a a a a a a a a a a a a a a a a a a a a a a a a a a a a,9e271998808c273754c2be85eeb5ef9477ebdfddc4375a4f82ed6e8d64734550,60.0,ok,parser_error,unknown,unknown,false,953,92143,,left_recursion,PredictionError (SpLeftRecursion 0),0.000953,0.092143,true,false
1,20260726T135725.806593Z,earley,cfg1,Ambiguous binary concatenation: S → S S | a,costar,earley.cfg1.n061,n061,n,61,61,a a a a a a a a a a a a a a a a a a a a a a a a a a a a a a a a a a a a a a a a a a a a a a a a a a a a a a a a a a a a a,8b72598a941c6c337740fe03485056c52ff6ea510c78629e8029d2b497447e93,60.0,ok,parser_error,unknown,unknown,false,3099,97343,,left_recursion,PredictionError (SpLeftRecursion 0),0.0030989999999999998,0.097343,true,false
1,20260726T135725.806593Z,earley,cfg1,Ambiguous binary concatenation: S → S S | a,costar,earley.cfg1.n063,n063,n,63,63,a a a a a a a a a a a a a a a a a a a a a a a a a a a a a a a a a a a a a a a a a a a a a a a a a a a a a a a a a a a a a a a,bd61fffc8dc55a105796ce4395d2822c95221106e3dce37912b244042a801b52,60.0,ok,parser_error,unknown,unknown,false,953,141567,,left_recursion,PredictionError (SpLeftRecursion 0),0.000953,0.141567,true,false
1,20260726T135725.806593Z,earley,cfg1,Ambiguous binary concatenation: S → S S | a,costar,earley.cfg1.n065,n065,n,65,65,a a a a a a a a a a a a a a a a a a a a a a a a a a a a a a a a a a a a a a a a a a a a a a a a a a a a a a a a a a a a a a a a a,32db1b66466ec271199a28a886eab9eef6f72a88d1dd49de6c67a73925842bfa,60.0,ok,parser_error,unknown,unknown,false,953,105980,,left_recursion,PredictionError (SpLeftRecursion 0),0.000953,0.10597999999999999,true,false
1,20260726T135725.806593Z,earley,cfg1,Ambiguous binary concatenation: S → S S | a,earley,earley.cfg1.n001,n001,n,1,1,a,ca978112ca1bbdcafac231b39a23dc4da786eff8147c4e72b9807785afee48bb,60.0,ok,accept,true,unknown,true,16000,380987,,,,0.016,0.38098699999999996,true,false
1,20260726T135725.806593Z,earley,cfg1,Ambiguous binary concatenation: S → S S | a,earley,earley.cfg1.n003,n003,n,3,3,a a a,bb6e995be430b5ada013a56dd224abfddbeff83ef54dd2fef79470c6cf440919,60.0,ok,accept,true,unknown,true,29000,253537,,,,0.028999999999999998,0.253537,true,false
1,20260726T135725.806593Z,earley,cfg1,Ambiguous binary concatenation: S → S S | a,earley,earley.cfg1.n005,n005,n,5,5,a a a a a,dcf26724f098d41cc1f3fbeee167bde3aab05eb59e85eaf77318374c136d82a1,60.0,ok,accept,true,unknown,true,88000,248087,,,,0.088,0.248087,true,false
1,20260726T135725.806593Z,earley,cfg1,Ambiguous binary concatenation: S → S S | a,earley,earley.cfg1.n007,n007,n,7,7,a a a a a a a,c39b9e5f245ca64e7524d3d027ef1b7cbd9c9f2eba54ca591c7ecd770a2a07d7,60.0,ok,accept,true,unknown,true,159000,475234,,,,0.159,0.475234,true,false
1,20260726T135725.806593Z,earley,cfg1,Ambiguous binary concatenation: S → S S | a,earley,earley.cfg1.n009,n009,n,9,9,a a a a a a a a a,5246bd9d247b3551cdb6eba59ea82519f675b231f59836e63169ee5864f90046,60.0,ok,accept,true,unknown,true,300000,544344,,,,0.3,0.5443439999999999,true,false
1,20260726T135725.806593Z,earley,cfg1,Ambiguous binary concatenation: S → S S | a,earley,earley.cfg1.n011,n011,n,11,11,a a a a a a a a a a a,b83899a801d9f023f810c6e76f61d7bf5973986bd70abc4cc2863d97f9b2d782,60.0,ok,accept,true,unknown,true,319000,1568961,,,,0.319,1.5689609999999998,true,false
1,20260726T135725.806593Z,earley,cfg1,Ambiguous binary concatenation: S → S S | a,earley,earley.cfg1.n013,n013,n,13,13,a a a a a a a a a a a a a,0f19eca59bf1d47974b3df7c910fa2f7d0addfc109d422fe8c6a368c7b780a13,60.0,ok,accept,true,unknown,true,538000,777242,,,,0.5379999999999999,0.777242,true,false
1,20260726T135725.806593Z,earley,cfg1,Ambiguous binary concatenation: S → S S | a,earley,earley.cfg1.n015,n015,n,15,15,a a a a a a a a a a a a a a a,3416fc43996281553685fd94058cc330ea85b1701526c7b29085904306440a1f,60.0,ok,accept,true,unknown,true,1025000,1297070,,,,1.025,1.29707,true,false
1,20260726T135725.806593Z,earley,cfg1,Ambiguous binary concatenation: S → S S | a,earley,earley.cfg1.n017,n017,n,17,17,a a a a a a a a a a a a a a a a a,3bccac4813bc2f376ff12845988fa5e600575c184ac5f21ab1b8915969532a0a,60.0,ok,accept,true,unknown,true,1396000,1763036,,,,1.396,1.7630359999999998,true,false
1,20260726T135725.806593Z,earley,cfg1,Ambiguous binary concatenation: S → S S | a,earley,earley.cfg1.n019,n019,n,19,19,a a a a a a a a a a a a a a a a a a a,92e55c5847d9d2f40be9a63ff52228772e1f012e98e45af96f74f7d6dd44c6e0,60.0,ok,accept,true,unknown,true,1817000,2168920,,,,1.817,2.16892,true,false
1,20260726T135725.806593Z,earley,cfg1,Ambiguous binary concatenation: S → S S | a,earley,earley.cfg1.n021,n021,n,21,21,a a a a a a a a a a a a a a a a a a a a a,52267fe9dc1a9390da3667ab75f1a4aca55c6d4f1325144f5c8e29b5727e2c8e,60.0,ok,accept,true,unknown,true,2298000,2669572,,,,2.298,2.669572,true,false
1,20260726T135725.806593Z,earley,cfg1,Ambiguous binary concatenation: S → S S | a,earley,earley.cfg1.n023,n023,n,23,23,a a a a a a a a a a a a a a a a a a a a a a a,e6799515bcbdd5ee6b53fe012a758de396640e9a8320bb62c60a135e2f2ed0a9,60.0,ok,accept,true,unknown,true,2707000,3342488,,,,2.707,3.342488,true,false
1,20260726T135725.806593Z,earley,cfg1,Ambiguous binary concatenation: S → S S | a,earley,earley.cfg1.n025,n025,n,25,25,a a a a a a a a a a a a a a a a a a a a a a a a a,81b5dccafd39c94829cdd6dbdb721e4bda6c9389d4a1928b885745a4a2398e96,60.0,ok,accept,true,unknown,true,5025000,5786125,,,,5.0249999999999995,5.786124999999999,true,false
1,20260726T135725.806593Z,earley,cfg1,Ambiguous binary concatenation: S → S S | a,earley,earley.cfg1.n027,n027,n,27,27,a a a a a a a a a a a a a a a a a a a a a a a a a a a,2944e42c73262f1a71f9cef1670de3dfc87e6510817754bbe9215a96a5616aea,60.0,ok,accept,true,unknown,true,5723000,6339756,,,,5.723,6.3397559999999995,true,false
1,20260726T135725.806593Z,earley,cfg1,Ambiguous binary concatenation: S → S S | a,earley,earley.cfg1.n029,n029,n,29,29,a a a a a a a a a a a a a a a a a a a a a a a a a a a a a,b00b82e962602fde3c0b9ec3258ae2bae3861496472ef35ea0ba894fb1b36288,60.0,ok,accept,true,unknown,true,9782000,10707593,,,,9.782,10.707593,true,false
1,20260726T135725.806593Z,earley,cfg1,Ambiguous binary concatenation: S → S S | a,earley,earley.cfg1.n031,n031,n,31,31,a a a a a a a a a a a a a a a a a a a a a a a a a a a a a a a,e2fbf1eb4eccda81f87022da47d499b7c72107a7be5019bdd0123102dedd9a86,60.0,ok,accept,true,unknown,true,12483000,13660999,,,,12.482999999999999,13.660998999999999,true,false
1,20260726T135725.806593Z,earley,cfg1,Ambiguous binary concatenation: S → S S | a,earley,earley.cfg1.n033,n033,n,33,33,a a a a a a a a a a a a a a a a a a a a a a a a a a a a a a a a a,65c4a3b876195f39e99ad322a645f2b6badd45a8457409eff406f2b517494769,60.0,ok,accept,true,unknown,true,15218000,16242575,,,,15.218,16.242575,true,false
1,20260726T135725.806593Z,earley,cfg1,Ambiguous binary concatenation: S → S S | a,earley,earley.cfg1.n035,n035,n,35,35,a a a a a a a a a a a a a a a a a a a a a a a a a a a a a a a a a a a,75aa41a2c242377f26ddd63029462f47576aaf2dd3fe5ae73041196b9087bce2,60.0,ok,accept,true,unknown,true,14975000,15863773,,,,14.975,15.863773,true,false
1,20260726T135725.806593Z,earley,cfg1,Ambiguous binary concatenation: S → S S | a,earley,earley.cfg1.n037,n037,n,37,37,a a a a a a a a a a a a a a a a a a a a a a a a a a a a a a a a a a a a a,b26448b546ae7e5bdd674af8247e59052302dbaefba9b9466382f96d0546b77a,60.0,ok,accept,true,unknown,true,18221000,19373375,,,,18.221,19.373375,true,false
1,20260726T135725.806593Z,earley,cfg1,Ambiguous binary concatenation: S → S S | a,earley,earley.cfg1.n039,n039,n,39,39,a a a a a a a a a a a a a a a a a a a a a a a a a a a a a a a a a a a a a a a,18eb99b1deb5a8851590d9f68f7f327bf8a6ad1f6de24b78842bce7ede036532,60.0,ok,accept,true,unknown,true,24797000,26483089,,,,24.797,26.483089,true,false
1,20260726T135725.806593Z,earley,cfg1,Ambiguous binary concatenation: S → S S | a,earley,earley.cfg1.n041,n041,n,41,41,a a a a a a a a a a a a a a a a a a a a a a a a a a a a a a a a a a a a a a a a a,5b8435430a4e0f3739618b616494cef52d305f069f4f8f145cd40257d5eb8ca2,60.0,ok,accept,true,unknown,true,30208000,31484758,,,,30.208,31.484758,true,false
1,20260726T135725.806593Z,earley,cfg1,Ambiguous binary concatenation: S → S S | a,earley,earley.cfg1.n043,n043,n,43,43,a a a a a a a a a a a a a a a a a a a a a a a a a a a a a a a a a a a a a a a a a a a,d578dc3affc8d9ac05571b77cd6aa8bb3e86c14a13d0ca1cbd18741b0eb84a0d,60.0,ok,accept,true,unknown,true,43431000,47368759,,,,43.431,47.368759,true,false
1,20260726T135725.806593Z,earley,cfg1,Ambiguous binary concatenation: S → S S | a,earley,earley.cfg1.n045,n045,n,45,45,a a a a a a a a a a a a a a a a a a a a a a a a a a a a a a a a a a a a a a a a a a a a a,95a07021a688c4b629f8896d95faeb2557e8b2db62a670f72409a59a6d2ed69d,60.0,ok,accept,true,unknown,true,49262000,51253727,,,,49.262,51.253727,true,false
1,20260726T135725.806593Z,earley,cfg1,Ambiguous binary concatenation: S → S S | a,earley,earley.cfg1.n047,n047,n,47,47,a a a a a a a a a a a a a a a a a a a a a a a a a a a a a a a a a a a a a a a a a a a a a a a,0a227f109e85e841c1599966769c16123edf77b848a8c2ce018c8b66763a1759,60.0,ok,accept,true,unknown,true,30814000,31816412,,,,30.814,31.816412,true,false
1,20260726T135725.806593Z,earley,cfg1,Ambiguous binary concatenation: S → S S | a,earley,earley.cfg1.n049,n049,n,49,49,a a a a a a a a a a a a a a a a a a a a a a a a a a a a a a a a a a a a a a a a a a a a a a a a a,99e8c0fe4c88f0445b7bdd1ddd8903d345647bb315228d3ed9b8e3f9a1453067,60.0,ok,accept,true,unknown,true,15956000,17418928,,,,15.956,17.418927999999998,true,false
1,20260726T135725.806593Z,earley,cfg1,Ambiguous binary concatenation: S → S S | a,earley,earley.cfg1.n051,n051,n,51,51,a a a a a a a a a a a a a a a a a a a a a a a a a a a a a a a a a a a a a a a a a a a a a a a a a a a,08f26910e932063059fae5c479867d6997cf56d64a6ad0363853dd6848e5a131,60.0,ok,accept,true,unknown,true,16628000,18585112,,,,16.628,18.585112,true,false
1,20260726T135725.806593Z,earley,cfg1,Ambiguous binary concatenation: S → S S | a,earley,earley.cfg1.n053,n053,n,53,53,a a a a a a a a a a a a a a a a a a a a a a a a a a a a a a a a a a a a a a a a a a a a a a a a a a a a a,9a57ed48fdc55fce48079815c33dec4ee1dfb5e7c9acf3ce1ae1102961759834,60.0,ok,accept,true,unknown,true,28296000,30354142,,,,28.296,30.354142,true,false
1,20260726T135725.806593Z,earley,cfg1,Ambiguous binary concatenation: S → S S | a,earley,earley.cfg1.n055,n055,n,55,55,a a a a a a a a a a a a a a a a a a a a a a a a a a a a a a a a a a a a a a a a a a a a a a a a a a a a a a a,397471ff60216f6a8bae3bf00d4f76e8643bb5dac774582749fc24ef11816b24,60.0,ok,accept,true,unknown,true,64704000,67030455,,,,64.704,67.030455,true,false
1,20260726T135725.806593Z,earley,cfg1,Ambiguous binary concatenation: S → S S | a,earley,earley.cfg1.n057,n057,n,57,57,a a a a a a a a a a a a a a a a a a a a a a a a a a a a a a a a a a a a a a a a a a a a a a a a a a a a a a a a a,b6388e1e8f6c10ccc2277fad64251a43a039604b11b2e3c9e3b9c331e606dc3a,60.0,ok,accept,true,unknown,true,86596000,90014613,,,,86.59599999999999,90.014613,true,false
1,20260726T135725.806593Z,earley,cfg1,Ambiguous binary concatenation: S → S S | a,earley,earley.cfg1.n059,n059,n,59,59,a a a a a a a a a a a a a a a a a a a a a a a a a a a a a a a a a a a a a a a a a a a a a a a a a a a a a a a a a a a,9e271998808c273754c2be85eeb5ef9477ebdfddc4375a4f82ed6e8d64734550,60.0,ok,accept,true,unknown,true,97949000,101494738,,,,97.949,101.494738,true,false
1,20260726T135725.806593Z,earley,cfg1,Ambiguous binary concatenation: S → S S | a,earley,earley.cfg1.n061,n061,n,61,61,a a a a a a a a a a a a a a a a a a a a a a a a a a a a a a a a a a a a a a a a a a a a a a a a a a a a a a a a a a a a a,8b72598a941c6c337740fe03485056c52ff6ea510c78629e8029d2b497447e93,60.0,ok,accept,true,unknown,true,68922000,72683871,,,,68.922,72.683871,true,false
1,20260726T135725.806593Z,earley,cfg1,Ambiguous binary concatenation: S → S S | a,earley,earley.cfg1.n063,n063,n,63,63,a a a a a a a a a a a a a a a a a a a a a a a a a a a a a a a a a a a a a a a a a a a a a a a a a a a a a a a a a a a a a a a,bd61fffc8dc55a105796ce4395d2822c95221106e3dce37912b244042a801b52,60.0,ok,accept,true,unknown,true,48948000,51907827,,,,48.948,51.907827,true,false
1,20260726T135725.806593Z,earley,cfg1,Ambiguous binary concatenation: S → S S | a,earley,earley.cfg1.n065,n065,n,65,65,a a a a a a a a a a a a a a a a a a a a a a a a a a a a a a a a a a a a a a a a a a a a a a a a a a a a a a a a a a a a a a a a a,32db1b66466ec271199a28a886eab9eef6f72a88d1dd49de6c67a73925842bfa,60.0,ok,accept,true,unknown,true,48224000,51528053,,,,48.224,51.528053,true,false
1,20260726T135725.806593Z,earley,cfg1,Ambiguous binary concatenation: S → S S | a,lean,earley.cfg1.n001,n001,n,1,1,a,ca978112ca1bbdcafac231b39a23dc4da786eff8147c4e72b9807785afee48bb,60.0,ok,accept,true,unknown,true,67176,329420,,,,0.067176,0.32942,true,false
1,20260726T135725.806593Z,earley,cfg1,Ambiguous binary concatenation: S → S S | a,lean,earley.cfg1.n003,n003,n,3,3,a a a,bb6e995be430b5ada013a56dd224abfddbeff83ef54dd2fef79470c6cf440919,60.0,ok,accept,true,unknown,true,880857,1014569,,,,0.880857,1.014569,true,false
1,20260726T135725.806593Z,earley,cfg1,Ambiguous binary concatenation: S → S S | a,lean,earley.cfg1.n005,n005,n,5,5,a a a a a,dcf26724f098d41cc1f3fbeee167bde3aab05eb59e85eaf77318374c136d82a1,60.0,ok,accept,true,unknown,true,5269443,5482623,,,,5.269443,5.482622999999999,true,false
1,20260726T135725.806593Z,earley,cfg1,Ambiguous binary concatenation: S → S S | a,lean,earley.cfg1.n007,n007,n,7,7,a a a a a a a,c39b9e5f245ca64e7524d3d027ef1b7cbd9c9f2eba54ca591c7ecd770a2a07d7,60.0,ok,accept,true,unknown,true,16188303,16330981,,,,16.188302999999998,16.330980999999998,true,false
1,20260726T135725.806593Z,earley,cfg1,Ambiguous binary concatenation: S → S S | a,lean,earley.cfg1.n009,n009,n,9,9,a a a a a a a a a,5246bd9d247b3551cdb6eba59ea82519f675b231f59836e63169ee5864f90046,60.0,ok,accept,true,unknown,true,48357058,48662802,,,,48.357057999999995,48.662802,true,false
1,20260726T135725.806593Z,earley,cfg1,Ambiguous binary concatenation: S → S S | a,lean,earley.cfg1.n011,n011,n,11,11,a a a a a a a a a a a,b83899a801d9f023f810c6e76f61d7bf5973986bd70abc4cc2863d97f9b2d782,60.0,ok,accept,true,unknown,true,118628400,118911653,,,,118.6284,118.911653,true,false
1,20260726T135725.806593Z,earley,cfg1,Ambiguous binary concatenation: S → S S | a,lean,earley.cfg1.n013,n013,n,13,13,a a a a a a a a a a a a a,0f19eca59bf1d47974b3df7c910fa2f7d0addfc109d422fe8c6a368c7b780a13,60.0,ok,accept,true,unknown,true,275401476,275842927,,,,275.401476,275.842927,true,false
1,20260726T135725.806593Z,earley,cfg1,Ambiguous binary concatenation: S → S S | a,lean,earley.cfg1.n015,n015,n,15,15,a a a a a a a a a a a a a a a,3416fc43996281553685fd94058cc330ea85b1701526c7b29085904306440a1f,60.0,ok,accept,true,unknown,true,579284471,579872197,,,,579.2844709999999,579.872197,true,false
1,20260726T135725.806593Z,earley,cfg1,Ambiguous binary concatenation: S → S S | a,lean,earley.cfg1.n017,n017,n,17,17,a a a a a a a a a a a a a a a a a,3bccac4813bc2f376ff12845988fa5e600575c184ac5f21ab1b8915969532a0a,60.0,ok,accept,true,unknown,true,1655538465,1656491698,,,,1655.5384649999999,1656.4916979999998,true,false
1,20260726T135725.806593Z,earley,cfg1,Ambiguous binary concatenation: S → S S | a,lean,earley.cfg1.n019,n019,n,19,19,a a a a a a a a a a a a a a a a a a a,92e55c5847d9d2f40be9a63ff52228772e1f012e98e45af96f74f7d6dd44c6e0,60.0,ok,accept,true,unknown,true,2177506936,2178574414,,,,2177.5069359999998,2178.5744139999997,true,false
1,20260726T135725.806593Z,earley,cfg1,Ambiguous binary concatenation: S → S S | a,lean,earley.cfg1.n021,n021,n,21,21,a a a a a a a a a a a a a a a a a a a a a,52267fe9dc1a9390da3667ab75f1a4aca55c6d4f1325144f5c8e29b5727e2c8e,60.0,ok,accept,true,unknown,true,3837941560,3839275691,,,,3837.9415599999998,3839.275691,true,false
1,20260726T135725.806593Z,earley,cfg1,Ambiguous binary concatenation: S → S S | a,lean,earley.cfg1.n023,n023,n,23,23,a a a a a a a a a a a a a a a a a a a a a a a,e6799515bcbdd5ee6b53fe012a758de396640e9a8320bb62c60a135e2f2ed0a9,60.0,ok,accept,true,unknown,true,5258390754,5260051958,,,,5258.390754,5260.051958,true,false
1,20260726T135725.806593Z,earley,cfg1,Ambiguous binary concatenation: S → S S | a,lean,earley.cfg1.n025,n025,n,25,25,a a a a a a a a a a a a a a a a a a a a a a a a a,81b5dccafd39c94829cdd6dbdb721e4bda6c9389d4a1928b885745a4a2398e96,60.0,ok,accept,true,unknown,true,6411931066,6414191528,,,,6411.931066,6414.191527999999,true,false
1,20260726T135725.806593Z,earley,cfg1,Ambiguous binary concatenation: S → S S | a,lean,earley.cfg1.n027,n027,n,27,27,a a a a a a a a a a a a a a a a a a a a a a a a a a a,2944e42c73262f1a71f9cef1670de3dfc87e6510817754bbe9215a96a5616aea,60.0,ok,accept,true,unknown,true,8444930859,8448095943,,,,8444.930859,8448.095943,true,false
1,20260726T135725.806593Z,earley,cfg1,Ambiguous binary concatenation: S → S S | a,lean,earley.cfg1.n029,n029,n,29,29,a a a a a a a a a a a a a a a a a a a a a a a a a a a a a,b00b82e962602fde3c0b9ec3258ae2bae3861496472ef35ea0ba894fb1b36288,60.0,ok,accept,true,unknown,true,11785492605,11789380448,,,,11785.492605,11789.380448,true,false
1,20260726T135725.806593Z,earley,cfg1,Ambiguous binary concatenation: S → S S | a,lean,earley.cfg1.n031,n031,n,31,31,a a a a a a a a a a a a a a a a a a a a a a a a a a a a a a a,e2fbf1eb4eccda81f87022da47d499b7c72107a7be5019bdd0123102dedd9a86,60.0,ok,accept,true,unknown,true,16442971192,16448731538,,,,16442.971192,16448.731538,true,false
1,20260726T135725.806593Z,earley,cfg1,Ambiguous binary concatenation: S → S S | a,lean,earley.cfg1.n033,n033,n,33,33,a a a a a a a a a a a a a a a a a a a a a a a a a a a a a a a a a,65c4a3b876195f39e99ad322a645f2b6badd45a8457409eff406f2b517494769,60.0,ok,accept,true,unknown,true,23899271702,23906372099,,,,23899.271702,23906.372099,true,false
1,20260726T135725.806593Z,earley,cfg1,Ambiguous binary concatenation: S → S S | a,lean,earley.cfg1.n035,n035,n,35,35,a a a a a a a a a a a a a a a a a a a a a a a a a a a a a a a a a a a,75aa41a2c242377f26ddd63029462f47576aaf2dd3fe5ae73041196b9087bce2,60.0,ok,accept,true,unknown,true,28693843314,28703540887,,,,28693.843313999998,28703.540887,true,false
1,20260726T135725.806593Z,earley,cfg1,Ambiguous binary concatenation: S → S S | a,lean,earley.cfg1.n037,n037,n,37,37,a a a a a a a a a a a a a a a a a a a a a a a a a a a a a a a a a a a a a,b26448b546ae7e5bdd674af8247e59052302dbaefba9b9466382f96d0546b77a,60.0,ok,accept,true,unknown,true,39189554735,39202498144,,,,39189.554735,39202.498144,true,false
1,20260726T135725.806593Z,earley,cfg1,Ambiguous binary concatenation: S → S S | a,lean,earley.cfg1.n039,n039,n,39,39,a a a a a a a a a a a a a a a a a a a a a a a a a a a a a a a a a a a a a a a,18eb99b1deb5a8851590d9f68f7f327bf8a6ad1f6de24b78842bce7ede036532,60.0,ok,accept,true,unknown,true,51177736392,51193956074,,,,51177.736392,51193.956073999994,true,false
1,20260726T135725.806593Z,earley,cfg1,Ambiguous binary concatenation: S → S S | a,lean,earley.cfg1.n041,n041,n,41,41,a a a a a a a a a a a a a a a a a a a a a a a a a a a a a a a a a a a a a a a a a,5b8435430a4e0f3739618b616494cef52d305f069f4f8f145cd40257d5eb8ca2,60.0,timeout,unknown,unknown,unknown,unknown,,60017577143,,timeout,no RESULT within 60 seconds,,60017.577142999995,false,true
1,20260726T135725.806593Z,earley,cfg1,Ambiguous binary concatenation: S → S S | a,lean,earley.cfg1.n043,n043,n,43,43,a a a a a a a a a a a a a a a a a a a a a a a a a a a a a a a a a a a a a a a a a a a,d578dc3affc8d9ac05571b77cd6aa8bb3e86c14a13d0ca1cbd18741b0eb84a0d,60.0,skipped_after_timeout,unknown,unknown,unknown,unknown,,,,early_stop,earlier input earley.cfg1.n041 timed out,,,false,false
1,20260726T135725.806593Z,earley,cfg1,Ambiguous binary concatenation: S → S S | a,lean,earley.cfg1.n045,n045,n,45,45,a a a a a a a a a a a a a a a a a a a a a a a a a a a a a a a a a a a a a a a a a a a a a,95a07021a688c4b629f8896d95faeb2557e8b2db62a670f72409a59a6d2ed69d,60.0,skipped_after_timeout,unknown,unknown,unknown,unknown,,,,early_stop,earlier input earley.cfg1.n041 timed out,,,false,false
1,20260726T135725.806593Z,earley,cfg1,Ambiguous binary concatenation: S → S S | a,lean,earley.cfg1.n047,n047,n,47,47,a a a a a a a a a a a a a a a a a a a a a a a a a a a a a a a a a a a a a a a a a a a a a a a,0a227f109e85e841c1599966769c16123edf77b848a8c2ce018c8b66763a1759,60.0,skipped_after_timeout,unknown,unknown,unknown,unknown,,,,early_stop,earlier input earley.cfg1.n041 timed out,,,false,false
1,20260726T135725.806593Z,earley,cfg1,Ambiguous binary concatenation: S → S S | a,lean,earley.cfg1.n049,n049,n,49,49,a a a a a a a a a a a a a a a a a a a a a a a a a a a a a a a a a a a a a a a a a a a a a a a a a,99e8c0fe4c88f0445b7bdd1ddd8903d345647bb315228d3ed9b8e3f9a1453067,60.0,skipped_after_timeout,unknown,unknown,unknown,unknown,,,,early_stop,earlier input earley.cfg1.n041 timed out,,,false,false
1,20260726T135725.806593Z,earley,cfg1,Ambiguous binary concatenation: S → S S | a,lean,earley.cfg1.n051,n051,n,51,51,a a a a a a a a a a a a a a a a a a a a a a a a a a a a a a a a a a a a a a a a a a a a a a a a a a a,08f26910e932063059fae5c479867d6997cf56d64a6ad0363853dd6848e5a131,60.0,skipped_after_timeout,unknown,unknown,unknown,unknown,,,,early_stop,earlier input earley.cfg1.n041 timed out,,,false,false
1,20260726T135725.806593Z,earley,cfg1,Ambiguous binary concatenation: S → S S | a,lean,earley.cfg1.n053,n053,n,53,53,a a a a a a a a a a a a a a a a a a a a a a a a a a a a a a a a a a a a a a a a a a a a a a a a a a a a a,9a57ed48fdc55fce48079815c33dec4ee1dfb5e7c9acf3ce1ae1102961759834,60.0,skipped_after_timeout,unknown,unknown,unknown,unknown,,,,early_stop,earlier input earley.cfg1.n041 timed out,,,false,false
1,20260726T135725.806593Z,earley,cfg1,Ambiguous binary concatenation: S → S S | a,lean,earley.cfg1.n055,n055,n,55,55,a a a a a a a a a a a a a a a a a a a a a a a a a a a a a a a a a a a a a a a a a a a a a a a a a a a a a a a,397471ff60216f6a8bae3bf00d4f76e8643bb5dac774582749fc24ef11816b24,60.0,skipped_after_timeout,unknown,unknown,unknown,unknown,,,,early_stop,earlier input earley.cfg1.n041 timed out,,,false,false
1,20260726T135725.806593Z,earley,cfg1,Ambiguous binary concatenation: S → S S | a,lean,earley.cfg1.n057,n057,n,57,57,a a a a a a a a a a a a a a a a a a a a a a a a a a a a a a a a a a a a a a a a a a a a a a a a a a a a a a a a a,b6388e1e8f6c10ccc2277fad64251a43a039604b11b2e3c9e3b9c331e606dc3a,60.0,skipped_after_timeout,unknown,unknown,unknown,unknown,,,,early_stop,earlier input earley.cfg1.n041 timed out,,,false,false
1,20260726T135725.806593Z,earley,cfg1,Ambiguous binary concatenation: S → S S | a,lean,earley.cfg1.n059,n059,n,59,59,a a a a a a a a a a a a a a a a a a a a a a a a a a a a a a a a a a a a a a a a a a a a a a a a a a a a a a a a a a a,9e271998808c273754c2be85eeb5ef9477ebdfddc4375a4f82ed6e8d64734550,60.0,skipped_after_timeout,unknown,unknown,unknown,unknown,,,,early_stop,earlier input earley.cfg1.n041 timed out,,,false,false
1,20260726T135725.806593Z,earley,cfg1,Ambiguous binary concatenation: S → S S | a,lean,earley.cfg1.n061,n061,n,61,61,a a a a a a a a a a a a a a a a a a a a a a a a a a a a a a a a a a a a a a a a a a a a a a a a a a a a a a a a a a a a a,8b72598a941c6c337740fe03485056c52ff6ea510c78629e8029d2b497447e93,60.0,skipped_after_timeout,unknown,unknown,unknown,unknown,,,,early_stop,earlier input earley.cfg1.n041 timed out,,,false,false
1,20260726T135725.806593Z,earley,cfg1,Ambiguous binary concatenation: S → S S | a,lean,earley.cfg1.n063,n063,n,63,63,a a a a a a a a a a a a a a a a a a a a a a a a a a a a a a a a a a a a a a a a a a a a a a a a a a a a a a a a a a a a a a a,bd61fffc8dc55a105796ce4395d2822c95221106e3dce37912b244042a801b52,60.0,skipped_after_timeout,unknown,unknown,unknown,unknown,,,,early_stop,earlier input earley.cfg1.n041 timed out,,,false,false
1,20260726T135725.806593Z,earley,cfg1,Ambiguous binary concatenation: S → S S | a,lean,earley.cfg1.n065,n065,n,65,65,a a a a a a a a a a a a a a a a a a a a a a a a a a a a a a a a a a a a a a a a a a a a a a a a a a a a a a a a a a a a a a a a a,32db1b66466ec271199a28a886eab9eef6f72a88d1dd49de6c67a73925842bfa,60.0,skipped_after_timeout,unknown,unknown,unknown,unknown,,,,early_stop,earlier input earley.cfg1.n041 timed out,,,false,false
1,20260726T135725.806593Z,earley,cfg2,Right-recursive: S → a S | a,costar,earley.cfg2.n001,n001,n,1,1,a,ca978112ca1bbdcafac231b39a23dc4da786eff8147c4e72b9807785afee48bb,60.0,ok,accept,true,unique,true,4053,132369,,,,0.004053,0.132369,true,false
1,20260726T135725.806593Z,earley,cfg2,Right-recursive: S → a S | a,costar,earley.cfg2.n003,n003,n,3,3,a a a,bb6e995be430b5ada013a56dd224abfddbeff83ef54dd2fef79470c6cf440919,60.0,ok,accept,true,unique,true,8821,149441,,,,0.008820999999999999,0.149441,true,false
1,20260726T135725.806593Z,earley,cfg2,Right-recursive: S → a S | a,costar,earley.cfg2.n005,n005,n,5,5,a a a a a,dcf26724f098d41cc1f3fbeee167bde3aab05eb59e85eaf77318374c136d82a1,60.0,ok,accept,true,unique,true,25033,136016,,,,0.025033,0.136016,true,false
1,20260726T135725.806593Z,earley,cfg2,Right-recursive: S → a S | a,costar,earley.cfg2.n007,n007,n,7,7,a a a a a a a,c39b9e5f245ca64e7524d3d027ef1b7cbd9c9f2eba54ca591c7ecd770a2a07d7,60.0,ok,accept,true,unique,true,17881,142859,,,,0.017880999999999998,0.14285899999999999,true,false
1,20260726T135725.806593Z,earley,cfg2,Right-recursive: S → a S | a,costar,earley.cfg2.n009,n009,n,9,9,a a a a a a a a a,5246bd9d247b3551cdb6eba59ea82519f675b231f59836e63169ee5864f90046,60.0,ok,accept,true,unique,true,25033,122541,,,,0.025033,0.122541,true,false
1,20260726T135725.806593Z,earley,cfg2,Right-recursive: S → a S | a,costar,earley.cfg2.n011,n011,n,11,11,a a a a a a a a a a a,b83899a801d9f023f810c6e76f61d7bf5973986bd70abc4cc2863d97f9b2d782,60.0,ok,accept,true,unique,true,30040,130906,,,,0.030039999999999997,0.130906,true,false
1,20260726T135725.806593Z,earley,cfg2,Right-recursive: S → a S | a,costar,earley.cfg2.n013,n013,n,13,13,a a a a a a a a a a a a a,0f19eca59bf1d47974b3df7c910fa2f7d0addfc109d422fe8c6a368c7b780a13,60.0,ok,accept,true,unique,true,36001,148570,,,,0.036001,0.14856999999999998,true,false
1,20260726T135725.806593Z,earley,cfg2,Right-recursive: S → a S | a,costar,earley.cfg2.n015,n015,n,15,15,a a a a a a a a a a a a a a a,3416fc43996281553685fd94058cc330ea85b1701526c7b29085904306440a1f,60.0,ok,accept,true,unique,true,36001,122941,,,,0.036001,0.122941,true,false
1,20260726T135725.806593Z,earley,cfg2,Right-recursive: S → a S | a,costar,earley.cfg2.n017,n017,n,17,17,a a a a a a a a a a a a a a a a a,3bccac4813bc2f376ff12845988fa5e600575c184ac5f21ab1b8915969532a0a,60.0,ok,accept,true,unique,true,53882,175039,,,,0.053882,0.175039,true,false
1,20260726T135725.806593Z,earley,cfg2,Right-recursive: S → a S | a,costar,earley.cfg2.n019,n019,n,19,19,a a a a a a a a a a a a a a a a a a a,92e55c5847d9d2f40be9a63ff52228772e1f012e98e45af96f74f7d6dd44c6e0,60.0,ok,accept,true,unique,true,50067,123222,,,,0.050067,0.123222,true,false
1,20260726T135725.806593Z,earley,cfg2,Right-recursive: S → a S | a,costar,earley.cfg2.n021,n021,n,21,21,a a a a a a a a a a a a a a a a a a a a a,52267fe9dc1a9390da3667ab75f1a4aca55c6d4f1325144f5c8e29b5727e2c8e,60.0,ok,accept,true,unique,true,60796,158588,,,,0.060795999999999996,0.15858799999999998,true,false
1,20260726T135725.806593Z,earley,cfg2,Right-recursive: S → a S | a,costar,earley.cfg2.n023,n023,n,23,23,a a a a a a a a a a a a a a a a a a a a a a a,e6799515bcbdd5ee6b53fe012a758de396640e9a8320bb62c60a135e2f2ed0a9,60.0,ok,accept,true,unique,true,55074,126518,,,,0.055074,0.126518,true,false
1,20260726T135725.806593Z,earley,cfg2,Right-recursive: S → a S | a,costar,earley.cfg2.n025,n025,n,25,25,a a a a a a a a a a a a a a a a a a a a a a a a a,81b5dccafd39c94829cdd6dbdb721e4bda6c9389d4a1928b885745a4a2398e96,60.0,ok,accept,true,unique,true,73909,138280,,,,0.073909,0.13828,true,false
1,20260726T135725.806593Z,earley,cfg2,Right-recursive: S → a S | a,costar,earley.cfg2.n027,n027,n,27,27,a a a a a a a a a a a a a a a a a a a a a a a a a a a,2944e42c73262f1a71f9cef1670de3dfc87e6510817754bbe9215a96a5616aea,60.0,ok,accept,true,unique,true,59127,148269,,,,0.059127,0.14826899999999998,true,false
1,20260726T135725.806593Z,earley,cfg2,Right-recursive: S → a S | a,costar,earley.cfg2.n029,n029,n,29,29,a a a a a a a a a a a a a a a a a a a a a a a a a a a a a,b00b82e962602fde3c0b9ec3258ae2bae3861496472ef35ea0ba894fb1b36288,60.0,ok,accept,true,unique,true,88930,202060,,,,0.08893,0.20206,true,false
1,20260726T135725.806593Z,earley,cfg2,Right-recursive: S → a S | a,costar,earley.cfg2.n031,n031,n,31,31,a a a a a a a a a a a a a a a a a a a a a a a a a a a a a a a,e2fbf1eb4eccda81f87022da47d499b7c72107a7be5019bdd0123102dedd9a86,60.0,ok,accept,true,unique,true,115156,279265,,,,0.115156,0.279265,true,false
1,20260726T135725.806593Z,earley,cfg2,Right-recursive: S → a S | a,costar,earley.cfg2.n033,n033,n,33,33,a a a a a a a a a a a a a a a a a a a a a a a a a a a a a a a a a,65c4a3b876195f39e99ad322a645f2b6badd45a8457409eff406f2b517494769,60.0,ok,accept,true,unique,true,78916,163608,,,,0.078916,0.163608,true,false
1,20260726T135725.806593Z,earley,cfg2,Right-recursive: S → a S | a,costar,earley.cfg2.n035,n035,n,35,35,a a a a a a a a a a a a a a a a a a a a a a a a a a a a a a a a a a a,75aa41a2c242377f26ddd63029462f47576aaf2dd3fe5ae73041196b9087bce2,60.0,ok,accept,true,unique,true,77009,202350,,,,0.077009,0.20235,true,false
1,20260726T135725.806593Z,earley,cfg2,Right-recursive: S → a S | a,costar,earley.cfg2.n037,n037,n,37,37,a a a a a a a a a a a a a a a a a a a a a a a a a a a a a a a a a a a a a,b26448b546ae7e5bdd674af8247e59052302dbaefba9b9466382f96d0546b77a,60.0,ok,accept,true,unique,true,90837,225935,,,,0.090837,0.225935,true,false
1,20260726T135725.806593Z,earley,cfg2,Right-recursive: S → a S | a,costar,earley.cfg2.n039,n039,n,39,39,a a a a a a a a a a a a a a a a a a a a a a a a a a a a a a a a a a a a a a a,18eb99b1deb5a8851590d9f68f7f327bf8a6ad1f6de24b78842bce7ede036532,60.0,ok,accept,true,unique,true,91075,166102,,,,0.09107499999999999,0.166102,true,false
1,20260726T135725.806593Z,earley,cfg2,Right-recursive: S → a S | a,costar,earley.cfg2.n041,n041,n,41,41,a a a a a a a a a a a a a a a a a a a a a a a a a a a a a a a a a a a a a a a a a,5b8435430a4e0f3739618b616494cef52d305f069f4f8f145cd40257d5eb8ca2,60.0,ok,accept,true,unique,true,102996,233158,,,,0.10299599999999999,0.23315799999999998,true,false
1,20260726T135725.806593Z,earley,cfg2,Right-recursive: S → a S | a,costar,earley.cfg2.n043,n043,n,43,43,a a a a a a a a a a a a a a a a a a a a a a a a a a a a a a a a a a a a a a a a a a a,d578dc3affc8d9ac05571b77cd6aa8bb3e86c14a13d0ca1cbd18741b0eb84a0d,60.0,ok,accept,true,unique,true,87022,168136,,,,0.087022,0.16813599999999998,true,false
1,20260726T135725.806593Z,earley,cfg2,Right-recursive: S → a S | a,costar,earley.cfg2.n045,n045,n,45,45,a a a a a a a a a a a a a a a a a a a a a a a a a a a a a a a a a a a a a a a a a a a a a,95a07021a688c4b629f8896d95faeb2557e8b2db62a670f72409a59a6d2ed69d,60.0,ok,accept,true,unique,true,95844,260339,,,,0.095844,0.260339,true,false
1,20260726T135725.806593Z,earley,cfg2,Right-recursive: S → a S | a,costar,earley.cfg2.n047,n047,n,47,47,a a a a a a a a a a a a a a a a a a a a a a a a a a a a a a a a a a a a a a a a a a a a a a a,0a227f109e85e841c1599966769c16123edf77b848a8c2ce018c8b66763a1759,60.0,ok,accept,true,unique,true,98943,390585,,,,0.09894299999999999,0.39058499999999996,true,false
1,20260726T135725.806593Z,earley,cfg2,Right-recursive: S → a S | a,costar,earley.cfg2.n049,n049,n,49,49,a a a a a a a a a a a a a a a a a a a a a a a a a a a a a a a a a a a a a a a a a a a a a a a a a,99e8c0fe4c88f0445b7bdd1ddd8903d345647bb315228d3ed9b8e3f9a1453067,60.0,ok,accept,true,unique,true,123977,180911,,,,0.12397699999999999,0.180911,true,false
1,20260726T135725.806593Z,earley,cfg2,Right-recursive: S → a S | a,costar,earley.cfg2.n051,n051,n,51,51,a a a a a a a a a a a a a a a a a a a a a a a a a a a a a a a a a a a a a a a a a a a a a a a a a a a,08f26910e932063059fae5c479867d6997cf56d64a6ad0363853dd6848e5a131,60.0,ok,accept,true,unique,true,79870,136156,,,,0.07987,0.136156,true,false
1,20260726T135725.806593Z,earley,cfg2,Right-recursive: S → a S | a,costar,earley.cfg2.n053,n053,n,53,53,a a a a a a a a a a a a a a a a a a a a a a a a a a a a a a a a a a a a a a a a a a a a a a a a a a a a a,9a57ed48fdc55fce48079815c33dec4ee1dfb5e7c9acf3ce1ae1102961759834,60.0,ok,accept,true,unique,true,160932,222950,,,,0.160932,0.22294999999999998,true,false
1,20260726T135725.806593Z,earley,cfg2,Right-recursive: S → a S | a,costar,earley.cfg2.n055,n055,n,55,55,a a a a a a a a a a a a a a a a a a a a a a a a a a a a a a a a a a a a a a a a a a a a a a a a a a a a a a a,397471ff60216f6a8bae3bf00d4f76e8643bb5dac774582749fc24ef11816b24,60.0,ok,accept,true,unique,true,32186,79830,,,,0.032186,0.07983,true,false
1,20260726T135725.806593Z,earley,cfg2,Right-recursive: S → a S | a,costar,earley.cfg2.n057,n057,n,57,57,a a a a a a a a a a a a a a a a a a a a a a a a a a a a a a a a a a a a a a a a a a a a a a a a a a a a a a a a a,b6388e1e8f6c10ccc2277fad64251a43a039604b11b2e3c9e3b9c331e606dc3a,60.0,ok,accept,true,unique,true,30994,73929,,,,0.030993999999999997,0.073929,true,false
1,20260726T135725.806593Z,earley,cfg2,Right-recursive: S → a S | a,costar,earley.cfg2.n059,n059,n,59,59,a a a a a a a a a a a a a a a a a a a a a a a a a a a a a a a a a a a a a a a a a a a a a a a a a a a a a a a a a a a,9e271998808c273754c2be85eeb5ef9477ebdfddc4375a4f82ed6e8d64734550,60.0,ok,accept,true,unique,true,31948,75041,,,,0.031948,0.075041,true,false
1,20260726T135725.806593Z,earley,cfg2,Right-recursive: S → a S | a,costar,earley.cfg2.n061,n061,n,61,61,a a a a a a a a a a a a a a a a a a a a a a a a a a a a a a a a a a a a a a a a a a a a a a a a a a a a a a a a a a a a a,8b72598a941c6c337740fe03485056c52ff6ea510c78629e8029d2b497447e93,60.0,ok,accept,true,unique,true,33855,75873,,,,0.033854999999999996,0.075873,true,false
1,20260726T135725.806593Z,earley,cfg2,Right-recursive: S → a S | a,costar,earley.cfg2.n063,n063,n,63,63,a a a a a a a a a a a a a a a a a a a a a a a a a a a a a a a a a a a a a a a a a a a a a a a a a a a a a a a a a a a a a a a,bd61fffc8dc55a105796ce4395d2822c95221106e3dce37912b244042a801b52,60.0,ok,accept,true,unique,true,35047,78037,,,,0.035047,0.078037,true,false
1,20260726T135725.806593Z,earley,cfg2,Right-recursive: S → a S | a,costar,earley.cfg2.n065,n065,n,65,65,a a a a a a a a a a a a a a a a a a a a a a a a a a a a a a a a a a a a a a a a a a a a a a a a a a a a a a a a a a a a a a a a a,32db1b66466ec271199a28a886eab9eef6f72a88d1dd49de6c67a73925842bfa,60.0,ok,accept,true,unique,true,41007,87936,,,,0.041006999999999995,0.087936,true,false
1,20260726T135725.806593Z,earley,cfg2,Right-recursive: S → a S | a,earley,earley.cfg2.n001,n001,n,1,1,a,ca978112ca1bbdcafac231b39a23dc4da786eff8147c4e72b9807785afee48bb,60.0,ok,accept,true,unknown,true,12000,363383,,,,0.012,0.36338299999999996,true,false
1,20260726T135725.806593Z,earley,cfg2,Right-recursive: S → a S | a,earley,earley.cfg2.n003,n003,n,3,3,a a a,bb6e995be430b5ada013a56dd224abfddbeff83ef54dd2fef79470c6cf440919,60.0,ok,accept,true,unknown,true,15000,211177,,,,0.015,0.211177,true,false
1,20260726T135725.806593Z,earley,cfg2,Right-recursive: S → a S | a,earley,earley.cfg2.n005,n005,n,5,5,a a a a a,dcf26724f098d41cc1f3fbeee167bde3aab05eb59e85eaf77318374c136d82a1,60.0,ok,accept,true,unknown,true,21000,215034,,,,0.020999999999999998,0.215034,true,false
1,20260726T135725.806593Z,earley,cfg2,Right-recursive: S → a S | a,earley,earley.cfg2.n007,n007,n,7,7,a a a a a a a,c39b9e5f245ca64e7524d3d027ef1b7cbd9c9f2eba54ca591c7ecd770a2a07d7,60.0,ok,accept,true,unknown,true,230000,503207,,,,0.22999999999999998,0.503207,true,false
1,20260726T135725.806593Z,earley,cfg2,Right-recursive: S → a S | a,earley,earley.cfg2.n009,n009,n,9,9,a a a a a a a a a,5246bd9d247b3551cdb6eba59ea82519f675b231f59836e63169ee5864f90046,60.0,ok,accept,true,unknown,true,86000,264698,,,,0.086,0.264698,true,false
1,20260726T135725.806593Z,earley,cfg2,Right-recursive: S → a S | a,earley,earley.cfg2.n011,n011,n,11,11,a a a a a a a a a a a,b83899a801d9f023f810c6e76f61d7bf5973986bd70abc4cc2863d97f9b2d782,60.0,ok,accept,true,unknown,true,105000,264708,,,,0.105,0.264708,true,false
1,20260726T135725.806593Z,earley,cfg2,Right-recursive: S → a S | a,earley,earley.cfg2.n013,n013,n,13,13,a a a a a a a a a a a a a,0f19eca59bf1d47974b3df7c910fa2f7d0addfc109d422fe8c6a368c7b780a13,60.0,ok,accept,true,unknown,true,144000,326455,,,,0.144,0.326455,true,false
1,20260726T135725.806593Z,earley,cfg2,Right-recursive: S → a S | a,earley,earley.cfg2.n015,n015,n,15,15,a a a a a a a a a a a a a a a,3416fc43996281553685fd94058cc330ea85b1701526c7b29085904306440a1f,60.0,ok,accept,true,unknown,true,186000,364255,,,,0.186,0.364255,true,false
1,20260726T135725.806593Z,earley,cfg2,Right-recursive: S → a S | a,earley,earley.cfg2.n017,n017,n,17,17,a a a a a a a a a a a a a a a a a,3bccac4813bc2f376ff12845988fa5e600575c184ac5f21ab1b8915969532a0a,60.0,ok,accept,true,unknown,true,180000,330071,,,,0.18,0.330071,true,false
1,20260726T135725.806593Z,earley,cfg2,Right-recursive: S → a S | a,earley,earley.cfg2.n019,n019,n,19,19,a a a a a a a a a a a a a a a a a a a,92e55c5847d9d2f40be9a63ff52228772e1f012e98e45af96f74f7d6dd44c6e0,60.0,ok,accept,true,unknown,true,249000,380085,,,,0.249,0.380085,true,false
1,20260726T135725.806593Z,earley,cfg2,Right-recursive: S → a S | a,earley,earley.cfg2.n021,n021,n,21,21,a a a a a a a a a a a a a a a a a a a a a,52267fe9dc1a9390da3667ab75f1a4aca55c6d4f1325144f5c8e29b5727e2c8e,60.0,ok,accept,true,unknown,true,403000,598976,,,,0.40299999999999997,0.598976,true,false
1,20260726T135725.806593Z,earley,cfg2,Right-recursive: S → a S | a,earley,earley.cfg2.n023,n023,n,23,23,a a a a a a a a a a a a a a a a a a a a a a a,e6799515bcbdd5ee6b53fe012a758de396640e9a8320bb62c60a135e2f2ed0a9,60.0,ok,accept,true,unknown,true,564000,752686,,,,0.564,0.752686,true,false
1,20260726T135725.806593Z,earley,cfg2,Right-recursive: S → a S | a,earley,earley.cfg2.n025,n025,n,25,25,a a a a a a a a a a a a a a a a a a a a a a a a a,81b5dccafd39c94829cdd6dbdb721e4bda6c9389d4a1928b885745a4a2398e96,60.0,ok,accept,true,unknown,true,444000,644162,,,,0.444,0.644162,true,false
1,20260726T135725.806593Z,earley,cfg2,Right-recursive: S → a S | a,earley,earley.cfg2.n027,n027,n,27,27,a a a a a a a a a a a a a a a a a a a a a a a a a a a,2944e42c73262f1a71f9cef1670de3dfc87e6510817754bbe9215a96a5616aea,60.0,ok,accept,true,unknown,true,538000,755241,,,,0.5379999999999999,0.7552409999999999,true,false
1,20260726T135725.806593Z,earley,cfg2,Right-recursive: S → a S | a,earley,earley.cfg2.n029,n029,n,29,29,a a a a a a a a a a a a a a a a a a a a a a a a a a a a a,b00b82e962602fde3c0b9ec3258ae2bae3861496472ef35ea0ba894fb1b36288,60.0,ok,accept,true,unknown,true,924000,1256974,,,,0.9239999999999999,1.256974,true,false
1,20260726T135725.806593Z,earley,cfg2,Right-recursive: S → a S | a,earley,earley.cfg2.n031,n031,n,31,31,a a a a a a a a a a a a a a a a a a a a a a a a a a a a a a a,e2fbf1eb4eccda81f87022da47d499b7c72107a7be5019bdd0123102dedd9a86,60.0,ok,accept,true,unknown,true,1320000,1618114,,,,1.3199999999999998,1.6181139999999998,true,false
1,20260726T135725.806593Z,earley,cfg2,Right-recursive: S → a S | a,earley,earley.cfg2.n033,n033,n,33,33,a a a a a a a a a a a a a a a a a a a a a a a a a a a a a a a a a,65c4a3b876195f39e99ad322a645f2b6badd45a8457409eff406f2b517494769,60.0,ok,accept,true,unknown,true,1251000,1565625,,,,1.251,1.5656249999999998,true,false
1,20260726T135725.806593Z,earley,cfg2,Right-recursive: S → a S | a,earley,earley.cfg2.n035,n035,n,35,35,a a a a a a a a a a a a a a a a a a a a a a a a a a a a a a a a a a a,75aa41a2c242377f26ddd63029462f47576aaf2dd3fe5ae73041196b9087bce2,60.0,ok,accept,true,unknown,true,1887000,3320437,,,,1.887,3.3204369999999996,true,false
1,20260726T135725.806593Z,earley,cfg2,Right-recursive: S → a S | a,earley,earley.cfg2.n037,n037,n,37,37,a a a a a a a a a a a a a a a a a a a a a a a a a a a a a a a a a a a a a,b26448b546ae7e5bdd674af8247e59052302dbaefba9b9466382f96d0546b77a,60.0,ok,accept,true,unknown,true,1752000,2282364,,,,1.752,2.282364,true,false
1,20260726T135725.806593Z,earley,cfg2,Right-recursive: S → a S | a,earley,earley.cfg2.n039,n039,n,39,39,a a a a a a a a a a a a a a a a a a a a a a a a a a a a a a a a a a a a a a a,18eb99b1deb5a8851590d9f68f7f327bf8a6ad1f6de24b78842bce7ede036532,60.0,ok,accept,true,unknown,true,1879000,2458354,,,,1.879,2.458354,true,false
1,20260726T135725.806593Z,earley,cfg2,Right-recursive: S → a S | a,earley,earley.cfg2.n041,n041,n,41,41,a a a a a a a a a a a a a a a a a a a a a a a a a a a a a a a a a a a a a a a a a,5b8435430a4e0f3739618b616494cef52d305f069f4f8f145cd40257d5eb8ca2,60.0,ok,accept,true,unknown,true,1755000,2153160,,,,1.755,2.1531599999999997,true,false
1,20260726T135725.806593Z,earley,cfg2,Right-recursive: S → a S | a,earley,earley.cfg2.n043,n043,n,43,43,a a a a a a a a a a a a a a a a a a a a a a a a a a a a a a a a a a a a a a a a a a a,d578dc3affc8d9ac05571b77cd6aa8bb3e86c14a13d0ca1cbd18741b0eb84a0d,60.0,ok,accept,true,unknown,true,1978000,2315796,,,,1.978,2.3157959999999997,true,false
1,20260726T135725.806593Z,earley,cfg2,Right-recursive: S → a S | a,earley,earley.cfg2.n045,n045,n,45,45,a a a a a a a a a a a a a a a a a a a a a a a a a a a a a a a a a a a a a a a a a a a a a,95a07021a688c4b629f8896d95faeb2557e8b2db62a670f72409a59a6d2ed69d,60.0,ok,accept,true,unknown,true,2109000,2591265,,,,2.109,2.591265,true,false
1,20260726T135725.806593Z,earley,cfg2,Right-recursive: S → a S | a,earley,earley.cfg2.n047,n047,n,47,47,a a a a a a a a a a a a a a a a a a a a a a a a a a a a a a a a a a a a a a a a a a a a a a a,0a227f109e85e841c1599966769c16123edf77b848a8c2ce018c8b66763a1759,60.0,ok,accept,true,unknown,true,3009000,3739304,,,,3.009,3.7393039999999997,true,false
1,20260726T135725.806593Z,earley,cfg2,Right-recursive: S → a S | a,earley,earley.cfg2.n049,n049,n,49,49,a a a a a a a a a a a a a a a a a a a a a a a a a a a a a a a a a a a a a a a a a a a a a a a a a,99e8c0fe4c88f0445b7bdd1ddd8903d345647bb315228d3ed9b8e3f9a1453067,60.0,ok,accept,true,unknown,true,3895000,4460130,,,,3.895,4.4601299999999995,true,false
1,20260726T135725.806593Z,earley,cfg2,Right-recursive: S → a S | a,earley,earley.cfg2.n051,n051,n,51,51,a a a a a a a a a a a a a a a a a a a a a a a a a a a a a a a a a a a a a a a a a a a a a a a a a a a,08f26910e932063059fae5c479867d6997cf56d64a6ad0363853dd6848e5a131,60.0,ok,accept,true,unknown,true,4703000,5207726,,,,4.702999999999999,5.207726,true,false
1,20260726T135725.806593Z,earley,cfg2,Right-recursive: S → a S | a,earley,earley.cfg2.n053,n053,n,53,53,a a a a a a a a a a a a a a a a a a a a a a a a a a a a a a a a a a a a a a a a a a a a a a a a a a a a a,9a57ed48fdc55fce48079815c33dec4ee1dfb5e7c9acf3ce1ae1102961759834,60.0,ok,accept,true,unknown,true,4454000,5433241,,,,4.454,5.433241,true,false
1,20260726T135725.806593Z,earley,cfg2,Right-recursive: S → a S | a,earley,earley.cfg2.n055,n055,n,55,55,a a a a a a a a a a a a a a a a a a a a a a a a a a a a a a a a a a a a a a a a a a a a a a a a a a a a a a a,397471ff60216f6a8bae3bf00d4f76e8643bb5dac774582749fc24ef11816b24,60.0,ok,accept,true,unknown,true,5157000,6388578,,,,5.157,6.388578,true,false
1,20260726T135725.806593Z,earley,cfg2,Right-recursive: S → a S | a,earley,earley.cfg2.n057,n057,n,57,57,a a a a a a a a a a a a a a a a a a a a a a a a a a a a a a a a a a a a a a a a a a a a a a a a a a a a a a a a a,b6388e1e8f6c10ccc2277fad64251a43a039604b11b2e3c9e3b9c331e606dc3a,60.0,ok,accept,true,unknown,true,4636000,5228355,,,,4.636,5.228355,true,false
1,20260726T135725.806593Z,earley,cfg2,Right-recursive: S → a S | a,earley,earley.cfg2.n059,n059,n,59,59,a a a a a a a a a a a a a a a a a a a a a a a a a a a a a a a a a a a a a a a a a a a a a a a a a a a a a a a a a a a,9e271998808c273754c2be85eeb5ef9477ebdfddc4375a4f82ed6e8d64734550,60.0,ok,accept,true,unknown,true,6007000,6585188,,,,6.007,6.585188,true,false
1,20260726T135725.806593Z,earley,cfg2,Right-recursive: S → a S | a,earley,earley.cfg2.n061,n061,n,61,61,a a a a a a a a a a a a a a a a a a a a a a a a a a a a a a a a a a a a a a a a a a a a a a a a a a a a a a a a a a a a a,8b72598a941c6c337740fe03485056c52ff6ea510c78629e8029d2b497447e93,60.0,ok,accept,true,unknown,true,7122000,7719472,,,,7.122,7.719472,true,false
1,20260726T135725.806593Z,earley,cfg2,Right-recursive: S → a S | a,earley,earley.cfg2.n063,n063,n,63,63,a a a a a a a a a a a a a a a a a a a a a a a a a a a a a a a a a a a a a a a a a a a a a a a a a a a a a a a a a a a a a a a,bd61fffc8dc55a105796ce4395d2822c95221106e3dce37912b244042a801b52,60.0,ok,accept,true,unknown,true,8840000,9444226,,,,8.84,9.444226,true,false
1,20260726T135725.806593Z,earley,cfg2,Right-recursive: S → a S | a,earley,earley.cfg2.n065,n065,n,65,65,a a a a a a a a a a a a a a a a a a a a a a a a a a a a a a a a a a a a a a a a a a a a a a a a a a a a a a a a a a a a a a a a a,32db1b66466ec271199a28a886eab9eef6f72a88d1dd49de6c67a73925842bfa,60.0,ok,accept,true,unknown,true,9853000,10565796,,,,9.853,10.565795999999999,true,false
1,20260726T135725.806593Z,earley,cfg2,Right-recursive: S → a S | a,lean,earley.cfg2.n001,n001,n,1,1,a,ca978112ca1bbdcafac231b39a23dc4da786eff8147c4e72b9807785afee48bb,60.0,ok,accept,true,unknown,true,81704,278594,,,,0.081704,0.278594,true,false
1,20260726T135725.806593Z,earley,cfg2,Right-recursive: S → a S | a,lean,earley.cfg2.n003,n003,n,3,3,a a a,bb6e995be430b5ada013a56dd224abfddbeff83ef54dd2fef79470c6cf440919,60.0,ok,accept,true,unknown,true,108284,165031,,,,0.10828399999999999,0.16503099999999998,true,false
1,20260726T135725.806593Z,earley,cfg2,Right-recursive: S → a S | a,lean,earley.cfg2.n005,n005,n,5,5,a a a a a,dcf26724f098d41cc1f3fbeee167bde3aab05eb59e85eaf77318374c136d82a1,60.0,ok,accept,true,unknown,true,233278,297680,,,,0.23327799999999999,0.29768,true,false
1,20260726T135725.806593Z,earley,cfg2,Right-recursive: S → a S | a,lean,earley.cfg2.n007,n007,n,7,7,a a a a a a a,c39b9e5f245ca64e7524d3d027ef1b7cbd9c9f2eba54ca591c7ecd770a2a07d7,60.0,ok,accept,true,unknown,true,385064,453994,,,,0.38506399999999996,0.45399399999999995,true,false
1,20260726T135725.806593Z,earley,cfg2,Right-recursive: S → a S | a,lean,earley.cfg2.n009,n009,n,9,9,a a a a a a a a a,5246bd9d247b3551cdb6eba59ea82519f675b231f59836e63169ee5864f90046,60.0,ok,accept,true,unknown,true,582617,673587,,,,0.5826169999999999,0.6735869999999999,true,false
1,20260726T135725.806593Z,earley,cfg2,Right-recursive: S → a S | a,lean,earley.cfg2.n011,n011,n,11,11,a a a a a a a a a a a,b83899a801d9f023f810c6e76f61d7bf5973986bd70abc4cc2863d97f9b2d782,60.0,ok,accept,true,unknown,true,872501,955507,,,,0.872501,0.955507,true,false
1,20260726T135725.806593Z,earley,cfg2,Right-recursive: S → a S | a,lean,earley.cfg2.n013,n013,n,13,13,a a a a a a a a a a a a a,0f19eca59bf1d47974b3df7c910fa2f7d0addfc109d422fe8c6a368c7b780a13,60.0,ok,accept,true,unknown,true,1328830,1456059,,,,1.32883,1.456059,true,false
1,20260726T135725.806593Z,earley,cfg2,Right-recursive: S → a S | a,lean,earley.cfg2.n015,n015,n,15,15,a a a a a a a a a a a a a a a,3416fc43996281553685fd94058cc330ea85b1701526c7b29085904306440a1f,60.0,ok,accept,true,unknown,true,2023066,2167717,,,,2.023066,2.167717,true,false
1,20260726T135725.806593Z,earley,cfg2,Right-recursive: S → a S | a,lean,earley.cfg2.n017,n017,n,17,17,a a a a a a a a a a a a a a a a a,3bccac4813bc2f376ff12845988fa5e600575c184ac5f21ab1b8915969532a0a,60.0,ok,accept,true,unknown,true,2575345,2682286,,,,2.575345,2.682286,true,false
1,20260726T135725.806593Z,earley,cfg2,Right-recursive: S → a S | a,lean,earley.cfg2.n019,n019,n,19,19,a a a a a a a a a a a a a a a a a a a,92e55c5847d9d2f40be9a63ff52228772e1f012e98e45af96f74f7d6dd44c6e0,60.0,ok,accept,true,unknown,true,3619569,3767297,,,,3.619569,3.7672969999999997,true,false
1,20260726T135725.806593Z,earley,cfg2,Right-recursive: S → a S | a,lean,earley.cfg2.n021,n021,n,21,21,a a a a a a a a a a a a a a a a a a a a a,52267fe9dc1a9390da3667ab75f1a4aca55c6d4f1325144f5c8e29b5727e2c8e,60.0,ok,accept,true,unknown,true,4660307,4771787,,,,4.6603069999999995,4.771787,true,false
1,20260726T135725.806593Z,earley,cfg2,Right-recursive: S → a S | a,lean,earley.cfg2.n023,n023,n,23,23,a a a a a a a a a a a a a a a a a a a a a a a,e6799515bcbdd5ee6b53fe012a758de396640e9a8320bb62c60a135e2f2ed0a9,60.0,ok,accept,true,unknown,true,5592922,5706334,,,,5.592922,5.706334,true,false
1,20260726T135725.806593Z,earley,cfg2,Right-recursive: S → a S | a,lean,earley.cfg2.n025,n025,n,25,25,a a a a a a a a a a a a a a a a a a a a a a a a a,81b5dccafd39c94829cdd6dbdb721e4bda6c9389d4a1928b885745a4a2398e96,60.0,ok,accept,true,unknown,true,7265528,7517792,,,,7.265528,7.517792,true,false
1,20260726T135725.806593Z,earley,cfg2,Right-recursive: S → a S | a,lean,earley.cfg2.n027,n027,n,27,27,a a a a a a a a a a a a a a a a a a a a a a a a a a a,2944e42c73262f1a71f9cef1670de3dfc87e6510817754bbe9215a96a5616aea,60.0,ok,accept,true,unknown,true,9254289,9509950,,,,9.254289,9.50995,true,false
1,20260726T135725.806593Z,earley,cfg2,Right-recursive: S → a S | a,lean,earley.cfg2.n029,n029,n,29,29,a a a a a a a a a a a a a a a a a a a a a a a a a a a a a,b00b82e962602fde3c0b9ec3258ae2bae3861496472ef35ea0ba894fb1b36288,60.0,ok,accept,true,unknown,true,11062340,11403602,,,,11.062339999999999,11.403602,true,false
1,20260726T135725.806593Z,earley,cfg2,Right-recursive: S → a S | a,lean,earley.cfg2.n031,n031,n,31,31,a a a a a a a a a a a a a a a a a a a a a a a a a a a a a a a,e2fbf1eb4eccda81f87022da47d499b7c72107a7be5019bdd0123102dedd9a86,60.0,ok,accept,true,unknown,true,14010596,14399598,,,,14.010596,14.399598,true,false
1,20260726T135725.806593Z,earley,cfg2,Right-recursive: S → a S | a,lean,earley.cfg2.n033,n033,n,33,33,a a a a a a a a a a a a a a a a a a a a a a a a a a a a a a a a a,65c4a3b876195f39e99ad322a645f2b6badd45a8457409eff406f2b517494769,60.0,ok,accept,true,unknown,true,18402748,18802641,,,,18.402748,18.802640999999998,true,false
1,20260726T135725.806593Z,earley,cfg2,Right-recursive: S → a S | a,lean,earley.cfg2.n035,n035,n,35,35,a a a a a a a a a a a a a a a a a a a a a a a a a a a a a a a a a a a,75aa41a2c242377f26ddd63029462f47576aaf2dd3fe5ae73041196b9087bce2,60.0,ok,accept,true,unknown,true,22291644,22730791,,,,22.291643999999998,22.730791,true,false
1,20260726T135725.806593Z,earley,cfg2,Right-recursive: S → a S | a,lean,earley.cfg2.n037,n037,n,37,37,a a a a a a a a a a a a a a a a a a a a a a a a a a a a a a a a a a a a a,b26448b546ae7e5bdd674af8247e59052302dbaefba9b9466382f96d0546b77a,60.0,ok,accept,true,unknown,true,23755628,24146864,,,,23.755627999999998,24.146863999999997,true,false
1,20260726T135725.806593Z,earley,cfg2,Right-recursive: S → a S | a,lean,earley.cfg2.n039,n039,n,39,39,a a a a a a a a a a a a a a a a a a a a a a a a a a a a a a a a a a a a a a a,18eb99b1deb5a8851590d9f68f7f327bf8a6ad1f6de24b78842bce7ede036532,60.0,ok,accept,true,unknown,true,26342525,26835652,,,,26.342525,26.835652,true,false
1,20260726T135725.806593Z,earley,cfg2,Right-recursive: S → a S | a,lean,earley.cfg2.n041,n041,n,41,41,a a a a a a a a a a a a a a a a a a a a a a a a a a a a a a a a a a a a a a a a a,5b8435430a4e0f3739618b616494cef52d305f069f4f8f145cd40257d5eb8ca2,60.0,ok,accept,true,unknown,true,36042141,36648162,,,,36.042141,36.648162,true,false
1,20260726T135725.806593Z,earley,cfg2,Right-recursive: S → a S | a,lean,earley.cfg2.n043,n043,n,43,43,a a a a a a a a a a a a a a a a a a a a a a a a a a a a a a a a a a a a a a a a a a a,d578dc3affc8d9ac05571b77cd6aa8bb3e86c14a13d0ca1cbd18741b0eb84a0d,60.0,ok,accept,true,unknown,true,43403830,44001123,,,,43.40383,44.001123,true,false
1,20260726T135725.806593Z,earley,cfg2,Right-recursive: S → a S | a,lean,earley.cfg2.n045,n045,n,45,45,a a a a a a a a a a a a a a a a a a a a a a a a a a a a a a a a a a a a a a a a a a a a a,95a07021a688c4b629f8896d95faeb2557e8b2db62a670f72409a59a6d2ed69d,60.0,ok,accept,true,unknown,true,51211086,51875166,,,,51.211085999999995,51.875166,true,false
1,20260726T135725.806593Z,earley,cfg2,Right-recursive: S → a S | a,lean,earley.cfg2.n047,n047,n,47,47,a a a a a a a a a a a a a a a a a a a a a a a a a a a a a a a a a a a a a a a a a a a a a a a,0a227f109e85e841c1599966769c16123edf77b848a8c2ce018c8b66763a1759,60.0,ok,accept,true,unknown,true,58042448,58701107,,,,58.042448,58.701107,true,false
1,20260726T135725.806593Z,earley,cfg2,Right-recursive: S → a S | a,lean,earley.cfg2.n049,n049,n,49,49,a a a a a a a a a a a a a a a a a a a a a a a a a a a a a a a a a a a a a a a a a a a a a a a a a,99e8c0fe4c88f0445b7bdd1ddd8903d345647bb315228d3ed9b8e3f9a1453067,60.0,ok,accept,true,unknown,true,51412316,52555236,,,,51.412316,52.555236,true,false
1,20260726T135725.806593Z,earley,cfg2,Right-recursive: S → a S | a,lean,earley.cfg2.n051,n051,n,51,51,a a a a a a a a a a a a a a a a a a a a a a a a a a a a a a a a a a a a a a a a a a a a a a a a a a a,08f26910e932063059fae5c479867d6997cf56d64a6ad0363853dd6848e5a131,60.0,ok,accept,true,unknown,true,63155666,63819445,,,,63.155666,63.819444999999995,true,false
1,20260726T135725.806593Z,earley,cfg2,Right-recursive: S → a S | a,lean,earley.cfg2.n053,n053,n,53,53,a a a a a a a a a a a a a a a a a a a a a a a a a a a a a a a a a a a a a a a a a a a a a a a a a a a a a,9a57ed48fdc55fce48079815c33dec4ee1dfb5e7c9acf3ce1ae1102961759834,60.0,ok,accept,true,unknown,true,67595869,68516872,,,,67.595869,68.51687199999999,true,false
1,20260726T135725.806593Z,earley,cfg2,Right-recursive: S → a S | a,lean,earley.cfg2.n055,n055,n,55,55,a a a a a a a a a a a a a a a a a a a a a a a a a a a a a a a a a a a a a a a a a a a a a a a a a a a a a a a,397471ff60216f6a8bae3bf00d4f76e8643bb5dac774582749fc24ef11816b24,60.0,ok,accept,true,unknown,true,92468619,93654841,,,,92.46861899999999,93.65484099999999,true,false
1,20260726T135725.806593Z,earley,cfg2,Right-recursive: S → a S | a,lean,earley.cfg2.n057,n057,n,57,57,a a a a a a a a a a a a a a a a a a a a a a a a a a a a a a a a a a a a a a a a a a a a a a a a a a a a a a a a a,b6388e1e8f6c10ccc2277fad64251a43a039604b11b2e3c9e3b9c331e606dc3a,60.0,ok,accept,true,unknown,true,105000995,106616974,,,,105.00099499999999,106.616974,true,false
1,20260726T135725.806593Z,earley,cfg2,Right-recursive: S → a S | a,lean,earley.cfg2.n059,n059,n,59,59,a a a a a a a a a a a a a a a a a a a a a a a a a a a a a a a a a a a a a a a a a a a a a a a a a a a a a a a a a a a,9e271998808c273754c2be85eeb5ef9477ebdfddc4375a4f82ed6e8d64734550,60.0,ok,accept,true,unknown,true,116192748,117350556,,,,116.192748,117.350556,true,false
1,20260726T135725.806593Z,earley,cfg2,Right-recursive: S → a S | a,lean,earley.cfg2.n061,n061,n,61,61,a a a a a a a a a a a a a a a a a a a a a a a a a a a a a a a a a a a a a a a a a a a a a a a a a a a a a a a a a a a a a,8b72598a941c6c337740fe03485056c52ff6ea510c78629e8029d2b497447e93,60.0,ok,accept,true,unknown,true,140413662,142022688,,,,140.413662,142.022688,true,false
1,20260726T135725.806593Z,earley,cfg2,Right-recursive: S → a S | a,lean,earley.cfg2.n063,n063,n,63,63,a a a a a a a a a a a a a a a a a a a a a a a a a a a a a a a a a a a a a a a a a a a a a a a a a a a a a a a a a a a a a a a,bd61fffc8dc55a105796ce4395d2822c95221106e3dce37912b244042a801b52,60.0,ok,accept,true,unknown,true,155956651,157792885,,,,155.956651,157.79288499999998,true,false
1,20260726T135725.806593Z,earley,cfg2,Right-recursive: S → a S | a,lean,earley.cfg2.n065,n065,n,65,65,a a a a a a a a a a a a a a a a a a a a a a a a a a a a a a a a a a a a a a a a a a a a a a a a a a a a a a a a a a a a a a a a a,32db1b66466ec271199a28a886eab9eef6f72a88d1dd49de6c67a73925842bfa,60.0,ok,accept,true,unknown,true,213102231,215484072,,,,213.102231,215.484072,true,false
1,20260726T135725.806593Z,earley,cfg3,Odd nested language: S → a S a | a,costar,earley.cfg3.n001,n001,n,1,1,a,ca978112ca1bbdcafac231b39a23dc4da786eff8147c4e72b9807785afee48bb,60.0,ok,accept,true,unique,true,5960,113273,,,,0.00596,0.113273,true,false
1,20260726T135725.806593Z,earley,cfg3,Odd nested language: S → a S a | a,costar,earley.cfg3.n003,n003,n,3,3,a a a,bb6e995be430b5ada013a56dd224abfddbeff83ef54dd2fef79470c6cf440919,60.0,ok,accept,true,unique,true,24080,100810,,,,0.024079999999999997,0.10081,true,false
1,20260726T135725.806593Z,earley,cfg3,Odd nested language: S → a S a | a,costar,earley.cfg3.n005,n005,n,5,5,a a a a a,dcf26724f098d41cc1f3fbeee167bde3aab05eb59e85eaf77318374c136d82a1,60.0,ok,accept,true,unique,true,66995,137769,,,,0.066995,0.137769,true,false
1,20260726T135725.806593Z,earley,cfg3,Odd nested language: S → a S a | a,costar,earley.cfg3.n007,n007,n,7,7,a a a a a a a,c39b9e5f245ca64e7524d3d027ef1b7cbd9c9f2eba54ca591c7ecd770a2a07d7,60.0,ok,accept,true,unique,true,122070,207140,,,,0.12207,0.20714,true,false
1,20260726T135725.806593Z,earley,cfg3,Odd nested language: S → a S a | a,costar,earley.cfg3.n009,n009,n,9,9,a a a a a a a a a,5246bd9d247b3551cdb6eba59ea82519f675b231f59836e63169ee5864f90046,60.0,ok,accept,true,unique,true,260114,348846,,,,0.260114,0.348846,true,false
1,20260726T135725.806593Z,earley,cfg3,Odd nested language: S → a S a | a,costar,earley.cfg3.n011,n011,n,11,11,a a a a a a a a a a a,b83899a801d9f023f810c6e76f61d7bf5973986bd70abc4cc2863d97f9b2d782,60.0,ok,accept,true,unique,true,299215,391938,,,,0.299215,0.391938,true,false
1,20260726T135725.806593Z,earley,cfg3,Odd nested language: S → a S a | a,costar,earley.cfg3.n013,n013,n,13,13,a a a a a a a a a a a a a,0f19eca59bf1d47974b3df7c910fa2f7d0addfc109d422fe8c6a368c7b780a13,60.0,ok,accept,true,unique,true,553131,677545,,,,0.5531309999999999,0.677545,true,false
1,20260726T135725.806593Z,earley,cfg3,Odd nested language: S → a S a | a,costar,earley.cfg3.n015,n015,n,15,15,a a a a a a a a a a a a a a a,3416fc43996281553685fd94058cc330ea85b1701526c7b29085904306440a1f,60.0,ok,accept,true,unique,true,596046,723160,,,,0.596046,0.7231599999999999,true,false
1,20260726T135725.806593Z,earley,cfg3,Odd nested language: S → a S a | a,costar,earley.cfg3.n017,n017,n,17,17,a a a a a a a a a a a a a a a a a,3bccac4813bc2f376ff12845988fa5e600575c184ac5f21ab1b8915969532a0a,60.0,ok,accept,true,unique,true,423908,516532,,,,0.423908,0.516532,true,false
1,20260726T135725.806593Z,earley,cfg3,Odd nested language: S → a S a | a,costar,earley.cfg3.n019,n019,n,19,19,a a a a a a a a a a a a a a a a a a a,92e55c5847d9d2f40be9a63ff52228772e1f012e98e45af96f74f7d6dd44c6e0,60.0,ok,accept,true,unique,true,713109,809983,,,,0.713109,0.809983,true,false
1,20260726T135725.806593Z,earley,cfg3,Odd nested language: S → a S a | a,costar,earley.cfg3.n021,n021,n,21,21,a a a a a a a a a a a a a a a a a a a a a,52267fe9dc1a9390da3667ab75f1a4aca55c6d4f1325144f5c8e29b5727e2c8e,60.0,ok,accept,true,unique,true,793933,888331,,,,0.793933,0.888331,true,false
1,20260726T135725.806593Z,earley,cfg3,Odd nested language: S → a S a | a,costar,earley.cfg3.n023,n023,n,23,23,a a a a a a a a a a a a a a a a a a a a a a a,e6799515bcbdd5ee6b53fe012a758de396640e9a8320bb62c60a135e2f2ed0a9,60.0,ok,accept,true,unique,true,1080989,1206720,,,,1.080989,1.20672,true,false
1,20260726T135725.806593Z,earley,cfg3,Odd nested language: S → a S a | a,costar,earley.cfg3.n025,n025,n,25,25,a a a a a a a a a a a a a a a a a a a a a a a a a,81b5dccafd39c94829cdd6dbdb721e4bda6c9389d4a1928b885745a4a2398e96,60.0,ok,accept,true,unique,true,1429080,1592465,,,,1.42908,1.592465,true,false
1,20260726T135725.806593Z,earley,cfg3,Odd nested language: S → a S a | a,costar,earley.cfg3.n027,n027,n,27,27,a a a a a a a a a a a a a a a a a a a a a a a a a a a,2944e42c73262f1a71f9cef1670de3dfc87e6510817754bbe9215a96a5616aea,60.0,ok,accept,true,unique,true,1627922,1807280,,,,1.6279219999999999,1.80728,true,false
1,20260726T135725.806593Z,earley,cfg3,Odd nested language: S → a S a | a,costar,earley.cfg3.n029,n029,n,29,29,a a a a a a a a a a a a a a a a a a a a a a a a a a a a a,b00b82e962602fde3c0b9ec3258ae2bae3861496472ef35ea0ba894fb1b36288,60.0,ok,accept,true,unique,true,2059936,2216289,,,,2.059936,2.2162889999999997,true,false
1,20260726T135725.806593Z,earley,cfg3,Odd nested language: S → a S a | a,costar,earley.cfg3.n031,n031,n,31,31,a a a a a a a a a a a a a a a a a a a a a a a a a a a a a a a,e2fbf1eb4eccda81f87022da47d499b7c72107a7be5019bdd0123102dedd9a86,60.0,ok,accept,true,unique,true,2587080,2777826,,,,2.58708,2.7778259999999997,true,false
1,20260726T135725.806593Z,earley,cfg3,Odd nested language: S → a S a | a,costar,earley.cfg3.n033,n033,n,33,33,a a a a a a a a a a a a a a a a a a a a a a a a a a a a a a a a a,65c4a3b876195f39e99ad322a645f2b6badd45a8457409eff406f2b517494769,60.0,ok,accept,true,unique,true,4644870,4956464,,,,4.64487,4.9564639999999995,true,false
1,20260726T135725.806593Z,earley,cfg3,Odd nested language: S → a S a | a,costar,earley.cfg3.n035,n035,n,35,35,a a a a a a a a a a a a a a a a a a a a a a a a a a a a a a a a a a a,75aa41a2c242377f26ddd63029462f47576aaf2dd3fe5ae73041196b9087bce2,60.0,ok,accept,true,unique,true,5635023,5982064,,,,5.6350229999999994,5.982063999999999,true,false
1,20260726T135725.806593Z,earley,cfg3,Odd nested language: S → a S a | a,costar,earley.cfg3.n037,n037,n,37,37,a a a a a a a a a a a a a a a a a a a a a a a a a a a a a a a a a a a a a,b26448b546ae7e5bdd674af8247e59052302dbaefba9b9466382f96d0546b77a,60.0,ok,accept,true,unique,true,5413055,5718387,,,,5.413055,5.718387,true,false
1,20260726T135725.806593Z,earley,cfg3,Odd nested language: S → a S a | a,costar,earley.cfg3.n039,n039,n,39,39,a a a a a a a a a a a a a a a a a a a a a a a a a a a a a a a a a a a a a a a,18eb99b1deb5a8851590d9f68f7f327bf8a6ad1f6de24b78842bce7ede036532,60.0,ok,accept,true,unique,true,5664110,5949442,,,,5.66411,5.9494419999999995,true,false
1,20260726T135725.806593Z,earley,cfg3,Odd nested language: S → a S a | a,costar,earley.cfg3.n041,n041,n,41,41,a a a a a a a a a a a a a a a a a a a a a a a a a a a a a a a a a a a a a a a a a,5b8435430a4e0f3739618b616494cef52d305f069f4f8f145cd40257d5eb8ca2,60.0,ok,accept,true,unique,true,7050991,7298921,,,,7.050991,7.298921,true,false
1,20260726T135725.806593Z,earley,cfg3,Odd nested language: S → a S a | a,costar,earley.cfg3.n043,n043,n,43,43,a a a a a a a a a a a a a a a a a a a a a a a a a a a a a a a a a a a a a a a a a a a,d578dc3affc8d9ac05571b77cd6aa8bb3e86c14a13d0ca1cbd18741b0eb84a0d,60.0,ok,accept,true,unique,true,7534980,7803439,,,,7.53498,7.803439,true,false
1,20260726T135725.806593Z,earley,cfg3,Odd nested language: S → a S a | a,costar,earley.cfg3.n045,n045,n,45,45,a a a a a a a a a a a a a a a a a a a a a a a a a a a a a a a a a a a a a a a a a a a a a,95a07021a688c4b629f8896d95faeb2557e8b2db62a670f72409a59a6d2ed69d,60.0,ok,accept,true,unique,true,10562181,10822309,,,,10.562180999999999,10.822308999999999,true,false
1,20260726T135725.806593Z,earley,cfg3,Odd nested language: S → a S a | a,costar,earley.cfg3.n047,n047,n,47,47,a a a a a a a a a a a a a a a a a a a a a a a a a a a a a a a a a a a a a a a a a a a a a a a,0a227f109e85e841c1599966769c16123edf77b848a8c2ce018c8b66763a1759,60.0,ok,accept,true,unique,true,9993076,10221428,,,,9.993076,10.221428,true,false
1,20260726T135725.806593Z,earley,cfg3,Odd nested language: S → a S a | a,costar,earley.cfg3.n049,n049,n,49,49,a a a a a a a a a a a a a a a a a a a a a a a a a a a a a a a a a a a a a a a a a a a a a a a a a,99e8c0fe4c88f0445b7bdd1ddd8903d345647bb315228d3ed9b8e3f9a1453067,60.0,ok,accept,true,unique,true,12203931,12438940,,,,12.203930999999999,12.438939999999999,true,false
1,20260726T135725.806593Z,earley,cfg3,Odd nested language: S → a S a | a,costar,earley.cfg3.n051,n051,n,51,51,a a a a a a a a a a a a a a a a a a a a a a a a a a a a a a a a a a a a a a a a a a a a a a a a a a a,08f26910e932063059fae5c479867d6997cf56d64a6ad0363853dd6848e5a131,60.0,ok,accept,true,unique,true,14053106,14314288,,,,14.053106,14.314288,true,false
1,20260726T135725.806593Z,earley,cfg3,Odd nested language: S → a S a | a,costar,earley.cfg3.n053,n053,n,53,53,a a a a a a a a a a a a a a a a a a a a a a a a a a a a a a a a a a a a a a a a a a a a a a a a a a a a a,9a57ed48fdc55fce48079815c33dec4ee1dfb5e7c9acf3ce1ae1102961759834,60.0,ok,accept,true,unique,true,14429092,14707267,,,,14.429091999999999,14.707267,true,false
1,20260726T135725.806593Z,earley,cfg3,Odd nested language: S → a S a | a,costar,earley.cfg3.n055,n055,n,55,55,a a a a a a a a a a a a a a a a a a a a a a a a a a a a a a a a a a a a a a a a a a a a a a a a a a a a a a a,397471ff60216f6a8bae3bf00d4f76e8643bb5dac774582749fc24ef11816b24,60.0,ok,accept,true,unique,true,17979860,18239842,,,,17.97986,18.239842,true,false
1,20260726T135725.806593Z,earley,cfg3,Odd nested language: S → a S a | a,costar,earley.cfg3.n057,n057,n,57,57,a a a a a a a a a a a a a a a a a a a a a a a a a a a a a a a a a a a a a a a a a a a a a a a a a a a a a a a a a,b6388e1e8f6c10ccc2277fad64251a43a039604b11b2e3c9e3b9c331e606dc3a,60.0,ok,accept,true,unique,true,18259048,18500333,,,,18.259048,18.500332999999998,true,false
1,20260726T135725.806593Z,earley,cfg3,Odd nested language: S → a S a | a,costar,earley.cfg3.n059,n059,n,59,59,a a a a a a a a a a a a a a a a a a a a a a a a a a a a a a a a a a a a a a a a a a a a a a a a a a a a a a a a a a a,9e271998808c273754c2be85eeb5ef9477ebdfddc4375a4f82ed6e8d64734550,60.0,ok,accept,true,unique,true,19449949,19661577,,,,19.449949,19.661576999999998,true,false
1,20260726T135725.806593Z,earley,cfg3,Odd nested language: S → a S a | a,costar,earley.cfg3.n061,n061,n,61,61,a a a a a a a a a a a a a a a a a a a a a a a a a a a a a a a a a a a a a a a a a a a a a a a a a a a a a a a a a a a a a,8b72598a941c6c337740fe03485056c52ff6ea510c78629e8029d2b497447e93,60.0,ok,accept,true,unique,true,22719144,23069398,,,,22.719144,23.069398,true,false
1,20260726T135725.806593Z,earley,cfg3,Odd nested language: S → a S a | a,costar,earley.cfg3.n063,n063,n,63,63,a a a a a a a a a a a a a a a a a a a a a a a a a a a a a a a a a a a a a a a a a a a a a a a a a a a a a a a a a a a a a a a,bd61fffc8dc55a105796ce4395d2822c95221106e3dce37912b244042a801b52,60.0,ok,accept,true,unique,true,25149106,25395393,,,,25.149106,25.395393,true,false
1,20260726T135725.806593Z,earley,cfg3,Odd nested language: S → a S a | a,costar,earley.cfg3.n065,n065,n,65,65,a a a a a a a a a a a a a a a a a a a a a a a a a a a a a a a a a a a a a a a a a a a a a a a a a a a a a a a a a a a a a a a a a,32db1b66466ec271199a28a886eab9eef6f72a88d1dd49de6c67a73925842bfa,60.0,ok,accept,true,unique,true,34367084,34635285,,,,34.367084,34.635284999999996,true,false
1,20260726T135725.806593Z,earley,cfg3,Odd nested language: S → a S a | a,earley,earley.cfg3.n001,n001,n,1,1,a,ca978112ca1bbdcafac231b39a23dc4da786eff8147c4e72b9807785afee48bb,60.0,ok,accept,true,unknown,true,14000,334920,,,,0.013999999999999999,0.33492,true,false
1,20260726T135725.806593Z,earley,cfg3,Odd nested language: S → a S a | a,earley,earley.cfg3.n003,n003,n,3,3,a a a,bb6e995be430b5ada013a56dd224abfddbeff83ef54dd2fef79470c6cf440919,60.0,ok,accept,true,unknown,true,24000,315985,,,,0.024,0.31598499999999996,true,false
1,20260726T135725.806593Z,earley,cfg3,Odd nested language: S → a S a | a,earley,earley.cfg3.n005,n005,n,5,5,a a a a a,dcf26724f098d41cc1f3fbeee167bde3aab05eb59e85eaf77318374c136d82a1,60.0,ok,accept,true,unknown,true,35000,286900,,,,0.034999999999999996,0.2869,true,false
1,20260726T135725.806593Z,earley,cfg3,Odd nested language: S → a S a | a,earley,earley.cfg3.n007,n007,n,7,7,a a a a a a a,c39b9e5f245ca64e7524d3d027ef1b7cbd9c9f2eba54ca591c7ecd770a2a07d7,60.0,ok,accept,true,unknown,true,84000,603365,,,,0.08399999999999999,0.6033649999999999,true,false
1,20260726T135725.806593Z,earley,cfg3,Odd nested language: S → a S a | a,earley,earley.cfg3.n009,n009,n,9,9,a a a a a a a a a,5246bd9d247b3551cdb6eba59ea82519f675b231f59836e63169ee5864f90046,60.0,ok,accept,true,unknown,true,56000,270018,,,,0.055999999999999994,0.270018,true,false
1,20260726T135725.806593Z,earley,cfg3,Odd nested language: S → a S a | a,earley,earley.cfg3.n011,n011,n,11,11,a a a a a a a a a a a,b83899a801d9f023f810c6e76f61d7bf5973986bd70abc4cc2863d97f9b2d782,60.0,ok,accept,true,unknown,true,109000,709264,,,,0.109,0.709264,true,false
1,20260726T135725.806593Z,earley,cfg3,Odd nested language: S → a S a | a,earley,earley.cfg3.n013,n013,n,13,13,a a a a a a a a a a a a a,0f19eca59bf1d47974b3df7c910fa2f7d0addfc109d422fe8c6a368c7b780a13,60.0,ok,accept,true,unknown,true,159000,431191,,,,0.159,0.431191,true,false
1,20260726T135725.806593Z,earley,cfg3,Odd nested language: S → a S a | a,earley,earley.cfg3.n015,n015,n,15,15,a a a a a a a a a a a a a a a,3416fc43996281553685fd94058cc330ea85b1701526c7b29085904306440a1f,60.0,ok,accept,true,unknown,true,228000,460556,,,,0.22799999999999998,0.46055599999999997,true,false
1,20260726T135725.806593Z,earley,cfg3,Odd nested language: S → a S a | a,earley,earley.cfg3.n017,n017,n,17,17,a a a a a a a a a a a a a a a a a,3bccac4813bc2f376ff12845988fa5e600575c184ac5f21ab1b8915969532a0a,60.0,ok,accept,true,unknown,true,297000,545325,,,,0.297,0.545325,true,false
1,20260726T135725.806593Z,earley,cfg3,Odd nested language: S → a S a | a,earley,earley.cfg3.n019,n019,n,19,19,a a a a a a a a a a a a a a a a a a a,92e55c5847d9d2f40be9a63ff52228772e1f012e98e45af96f74f7d6dd44c6e0,60.0,ok,accept,true,unknown,true,434000,1451580,,,,0.434,1.4515799999999999,true,false
1,20260726T135725.806593Z,earley,cfg3,Odd nested language: S → a S a | a,earley,earley.cfg3.n021,n021,n,21,21,a a a a a a a a a a a a a a a a a a a a a,52267fe9dc1a9390da3667ab75f1a4aca55c6d4f1325144f5c8e29b5727e2c8e,60.0,ok,accept,true,unknown,true,414000,1817078,,,,0.414,1.817078,true,false
1,20260726T135725.806593Z,earley,cfg3,Odd nested language: S → a S a | a,earley,earley.cfg3.n023,n023,n,23,23,a a a a a a a a a a a a a a a a a a a a a a a,e6799515bcbdd5ee6b53fe012a758de396640e9a8320bb62c60a135e2f2ed0a9,60.0,ok,accept,true,unknown,true,785000,1952433,,,,0.7849999999999999,1.9524329999999999,true,false
1,20260726T135725.806593Z,earley,cfg3,Odd nested language: S → a S a | a,earley,earley.cfg3.n025,n025,n,25,25,a a a a a a a a a a a a a a a a a a a a a a a a a,81b5dccafd39c94829cdd6dbdb721e4bda6c9389d4a1928b885745a4a2398e96,60.0,ok,accept,true,unknown,true,785000,1270531,,,,0.7849999999999999,1.2705309999999999,true,false
1,20260726T135725.806593Z,earley,cfg3,Odd nested language: S → a S a | a,earley,earley.cfg3.n027,n027,n,27,27,a a a a a a a a a a a a a a a a a a a a a a a a a a a,2944e42c73262f1a71f9cef1670de3dfc87e6510817754bbe9215a96a5616aea,60.0,ok,accept,true,unknown,true,1126000,1581825,,,,1.126,1.581825,true,false
1,20260726T135725.806593Z,earley,cfg3,Odd nested language: S → a S a | a,earley,earley.cfg3.n029,n029,n,29,29,a a a a a a a a a a a a a a a a a a a a a a a a a a a a a,b00b82e962602fde3c0b9ec3258ae2bae3861496472ef35ea0ba894fb1b36288,60.0,ok,accept,true,unknown,true,1447000,1948285,,,,1.4469999999999998,1.9482849999999998,true,false
1,20260726T135725.806593Z,earley,cfg3,Odd nested language: S → a S a | a,earley,earley.cfg3.n031,n031,n,31,31,a a a a a a a a a a a a a a a a a a a a a a a a a a a a a a a,e2fbf1eb4eccda81f87022da47d499b7c72107a7be5019bdd0123102dedd9a86,60.0,ok,accept,true,unknown,true,1402000,1979924,,,,1.402,1.979924,true,false
1,20260726T135725.806593Z,earley,cfg3,Odd nested language: S → a S a | a,earley,earley.cfg3.n033,n033,n,33,33,a a a a a a a a a a a a a a a a a a a a a a a a a a a a a a a a a,65c4a3b876195f39e99ad322a645f2b6badd45a8457409eff406f2b517494769,60.0,ok,accept,true,unknown,true,1649000,2181975,,,,1.649,2.181975,true,false
1,20260726T135725.806593Z,earley,cfg3,Odd nested language: S → a S a | a,earley,earley.cfg3.n035,n035,n,35,35,a a a a a a a a a a a a a a a a a a a a a a a a a a a a a a a a a a a,75aa41a2c242377f26ddd63029462f47576aaf2dd3fe5ae73041196b9087bce2,60.0,ok,accept,true,unknown,true,3080000,3725949,,,,3.08,3.725949,true,false
1,20260726T135725.806593Z,earley,cfg3,Odd nested language: S → a S a | a,earley,earley.cfg3.n037,n037,n,37,37,a a a a a a a a a a a a a a a a a a a a a a a a a a a a a a a a a a a a a,b26448b546ae7e5bdd674af8247e59052302dbaefba9b9466382f96d0546b77a,60.0,ok,accept,true,unknown,true,2344000,3460319,,,,2.344,3.4603189999999997,true,false
1,20260726T135725.806593Z,earley,cfg3,Odd nested language: S → a S a | a,earley,earley.cfg3.n039,n039,n,39,39,a a a a a a a a a a a a a a a a a a a a a a a a a a a a a a a a a a a a a a a,18eb99b1deb5a8851590d9f68f7f327bf8a6ad1f6de24b78842bce7ede036532,60.0,ok,accept,true,unknown,true,3304000,3868428,,,,3.304,3.8684279999999998,true,false
1,20260726T135725.806593Z,earley,cfg3,Odd nested language: S → a S a | a,earley,earley.cfg3.n041,n041,n,41,41,a a a a a a a a a a a a a a a a a a a a a a a a a a a a a a a a a a a a a a a a a,5b8435430a4e0f3739618b616494cef52d305f069f4f8f145cd40257d5eb8ca2,60.0,ok,accept,true,unknown,true,3334000,4108649,,,,3.3339999999999996,4.108649,true,false
1,20260726T135725.806593Z,earley,cfg3,Odd nested language: S → a S a | a,earley,earley.cfg3.n043,n043,n,43,43,a a a a a a a a a a a a a a a a a a a a a a a a a a a a a a a a a a a a a a a a a a a,d578dc3affc8d9ac05571b77cd6aa8bb3e86c14a13d0ca1cbd18741b0eb84a0d,60.0,ok,accept,true,unknown,true,5025000,5939253,,,,5.0249999999999995,5.939253,true,false
1,20260726T135725.806593Z,earley,cfg3,Odd nested language: S → a S a | a,earley,earley.cfg3.n045,n045,n,45,45,a a a a a a a a a a a a a a a a a a a a a a a a a a a a a a a a a a a a a a a a a a a a a,95a07021a688c4b629f8896d95faeb2557e8b2db62a670f72409a59a6d2ed69d,60.0,ok,accept,true,unknown,true,4430000,5273931,,,,4.43,5.273931,true,false
1,20260726T135725.806593Z,earley,cfg3,Odd nested language: S → a S a | a,earley,earley.cfg3.n047,n047,n,47,47,a a a a a a a a a a a a a a a a a a a a a a a a a a a a a a a a a a a a a a a a a a a a a a a,0a227f109e85e841c1599966769c16123edf77b848a8c2ce018c8b66763a1759,60.0,ok,accept,true,unknown,true,4879000,5833243,,,,4.879,5.8332429999999995,true,false
1,20260726T135725.806593Z,earley,cfg3,Odd nested language: S → a S a | a,earley,earley.cfg3.n049,n049,n,49,49,a a a a a a a a a a a a a a a a a a a a a a a a a a a a a a a a a a a a a a a a a a a a a a a a a,99e8c0fe4c88f0445b7bdd1ddd8903d345647bb315228d3ed9b8e3f9a1453067,60.0,ok,accept,true,unknown,true,6591000,8051636,,,,6.590999999999999,8.051636,true,false
1,20260726T135725.806593Z,earley,cfg3,Odd nested language: S → a S a | a,earley,earley.cfg3.n051,n051,n,51,51,a a a a a a a a a a a a a a a a a a a a a a a a a a a a a a a a a a a a a a a a a a a a a a a a a a a,08f26910e932063059fae5c479867d6997cf56d64a6ad0363853dd6848e5a131,60.0,ok,accept,true,unknown,true,6203000,6890913,,,,6.202999999999999,6.890912999999999,true,false
1,20260726T135725.806593Z,earley,cfg3,Odd nested language: S → a S a | a,earley,earley.cfg3.n053,n053,n,53,53,a a a a a a a a a a a a a a a a a a a a a a a a a a a a a a a a a a a a a a a a a a a a a a a a a a a a a,9a57ed48fdc55fce48079815c33dec4ee1dfb5e7c9acf3ce1ae1102961759834,60.0,ok,accept,true,unknown,true,6697000,7467327,,,,6.697,7.467327,true,false
1,20260726T135725.806593Z,earley,cfg3,Odd nested language: S → a S a | a,earley,earley.cfg3.n055,n055,n,55,55,a a a a a a a a a a a a a a a a a a a a a a a a a a a a a a a a a a a a a a a a a a a a a a a a a a a a a a a,397471ff60216f6a8bae3bf00d4f76e8643bb5dac774582749fc24ef11816b24,60.0,ok,accept,true,unknown,true,7635000,8442522,,,,7.635,8.442522,true,false
1,20260726T135725.806593Z,earley,cfg3,Odd nested language: S → a S a | a,earley,earley.cfg3.n057,n057,n,57,57,a a a a a a a a a a a a a a a a a a a a a a a a a a a a a a a a a a a a a a a a a a a a a a a a a a a a a a a a a,b6388e1e8f6c10ccc2277fad64251a43a039604b11b2e3c9e3b9c331e606dc3a,60.0,ok,accept,true,unknown,true,6903000,7874102,,,,6.903,7.874102,true,false
1,20260726T135725.806593Z,earley,cfg3,Odd nested language: S → a S a | a,earley,earley.cfg3.n059,n059,n,59,59,a a a a a a a a a a a a a a a a a a a a a a a a a a a a a a a a a a a a a a a a a a a a a a a a a a a a a a a a a a a,9e271998808c273754c2be85eeb5ef9477ebdfddc4375a4f82ed6e8d64734550,60.0,ok,accept,true,unknown,true,9752000,11282454,,,,9.751999999999999,11.282454,true,false
1,20260726T135725.806593Z,earley,cfg3,Odd nested language: S → a S a | a,earley,earley.cfg3.n061,n061,n,61,61,a a a a a a a a a a a a a a a a a a a a a a a a a a a a a a a a a a a a a a a a a a a a a a a a a a a a a a a a a a a a a,8b72598a941c6c337740fe03485056c52ff6ea510c78629e8029d2b497447e93,60.0,ok,accept,true,unknown,true,11296000,12013769,,,,11.296,12.013769,true,false
1,20260726T135725.806593Z,earley,cfg3,Odd nested language: S → a S a | a,earley,earley.cfg3.n063,n063,n,63,63,a a a a a a a a a a a a a a a a a a a a a a a a a a a a a a a a a a a a a a a a a a a a a a a a a a a a a a a a a a a a a a a,bd61fffc8dc55a105796ce4395d2822c95221106e3dce37912b244042a801b52,60.0,ok,accept,true,unknown,true,12517000,13848251,,,,12.517,13.848251,true,false
1,20260726T135725.806593Z,earley,cfg3,Odd nested language: S → a S a | a,earley,earley.cfg3.n065,n065,n,65,65,a a a a a a a a a a a a a a a a a a a a a a a a a a a a a a a a a a a a a a a a a a a a a a a a a a a a a a a a a a a a a a a a a,32db1b66466ec271199a28a886eab9eef6f72a88d1dd49de6c67a73925842bfa,60.0,ok,accept,true,unknown,true,13061000,13909015,,,,13.061,13.909015,true,false
1,20260726T135725.806593Z,earley,cfg3,Odd nested language: S → a S a | a,lean,earley.cfg3.n001,n001,n,1,1,a,ca978112ca1bbdcafac231b39a23dc4da786eff8147c4e72b9807785afee48bb,60.0,ok,accept,true,unknown,true,41828,114165,,,,0.041828,0.11416499999999999,true,false
1,20260726T135725.806593Z,earley,cfg3,Odd nested language: S → a S a | a,lean,earley.cfg3.n003,n003,n,3,3,a a a,bb6e995be430b5ada013a56dd224abfddbeff83ef54dd2fef79470c6cf440919,60.0,ok,accept,true,unknown,true,91732,144912,,,,0.091732,0.14491199999999999,true,false
1,20260726T135725.806593Z,earley,cfg3,Odd nested language: S → a S a | a,lean,earley.cfg3.n005,n005,n,5,5,a a a a a,dcf26724f098d41cc1f3fbeee167bde3aab05eb59e85eaf77318374c136d82a1,60.0,ok,accept,true,unknown,true,188645,260951,,,,0.18864499999999998,0.260951,true,false
1,20260726T135725.806593Z,earley,cfg3,Odd nested language: S → a S a | a,lean,earley.cfg3.n007,n007,n,7,7,a a a a a a a,c39b9e5f245ca64e7524d3d027ef1b7cbd9c9f2eba54ca591c7ecd770a2a07d7,60.0,ok,accept,true,unknown,true,388992,458392,,,,0.388992,0.45839199999999997,true,false
1,20260726T135725.806593Z,earley,cfg3,Odd nested language: S → a S a | a,lean,earley.cfg3.n009,n009,n,9,9,a a a a a a a a a,5246bd9d247b3551cdb6eba59ea82519f675b231f59836e63169ee5864f90046,60.0,ok,accept,true,unknown,true,522493,595621,,,,0.522493,0.595621,true,false
1,20260726T135725.806593Z,earley,cfg3,Odd nested language: S → a S a | a,lean,earley.cfg3.n011,n011,n,11,11,a a a a a a a a a a a,b83899a801d9f023f810c6e76f61d7bf5973986bd70abc4cc2863d97f9b2d782,60.0,ok,accept,true,unknown,true,868414,966418,,,,0.8684139999999999,0.966418,true,false
1,20260726T135725.806593Z,earley,cfg3,Odd nested language: S → a S a | a,lean,earley.cfg3.n013,n013,n,13,13,a a a a a a a a a a a a a,0f19eca59bf1d47974b3df7c910fa2f7d0addfc109d422fe8c6a368c7b780a13,60.0,ok,accept,true,unknown,true,1684369,1800076,,,,1.684369,1.800076,true,false
1,20260726T135725.806593Z,earley,cfg3,Odd nested language: S → a S a | a,lean,earley.cfg3.n015,n015,n,15,15,a a a a a a a a a a a a a a a,3416fc43996281553685fd94058cc330ea85b1701526c7b29085904306440a1f,60.0,ok,accept,true,unknown,true,1370007,1457652,,,,1.370007,1.457652,true,false
1,20260726T135725.806593Z,earley,cfg3,Odd nested language: S → a S a | a,lean,earley.cfg3.n017,n017,n,17,17,a a a a a a a a a a a a a a a a a,3bccac4813bc2f376ff12845988fa5e600575c184ac5f21ab1b8915969532a0a,60.0,ok,accept,true,unknown,true,1760001,1858035,,,,1.760001,1.8580349999999999,true,false
1,20260726T135725.806593Z,earley,cfg3,Odd nested language: S → a S a | a,lean,earley.cfg3.n019,n019,n,19,19,a a a a a a a a a a a a a a a a a a a,92e55c5847d9d2f40be9a63ff52228772e1f012e98e45af96f74f7d6dd44c6e0,60.0,ok,accept,true,unknown,true,2273347,2359779,,,,2.273347,2.359779,true,false
1,20260726T135725.806593Z,earley,cfg3,Odd nested language: S → a S a | a,lean,earley.cfg3.n021,n021,n,21,21,a a a a a a a a a a a a a a a a a a a a a,52267fe9dc1a9390da3667ab75f1a4aca55c6d4f1325144f5c8e29b5727e2c8e,60.0,ok,accept,true,unknown,true,3461562,3606033,,,,3.461562,3.606033,true,false
1,20260726T135725.806593Z,earley,cfg3,Odd nested language: S → a S a | a,lean,earley.cfg3.n023,n023,n,23,23,a a a a a a a a a a a a a a a a a a a a a a a,e6799515bcbdd5ee6b53fe012a758de396640e9a8320bb62c60a135e2f2ed0a9,60.0,ok,accept,true,unknown,true,3895918,4071369,,,,3.895918,4.071369,true,false
1,20260726T135725.806593Z,earley,cfg3,Odd nested language: S → a S a | a,lean,earley.cfg3.n025,n025,n,25,25,a a a a a a a a a a a a a a a a a a a a a a a a a,81b5dccafd39c94829cdd6dbdb721e4bda6c9389d4a1928b885745a4a2398e96,60.0,ok,accept,true,unknown,true,4585155,4791814,,,,4.585154999999999,4.791814,true,false
1,20260726T135725.806593Z,earley,cfg3,Odd nested language: S → a S a | a,lean,earley.cfg3.n027,n027,n,27,27,a a a a a a a a a a a a a a a a a a a a a a a a a a a,2944e42c73262f1a71f9cef1670de3dfc87e6510817754bbe9215a96a5616aea,60.0,ok,accept,true,unknown,true,5702418,6174906,,,,5.702418,6.174906,true,false
1,20260726T135725.806593Z,earley,cfg3,Odd nested language: S → a S a | a,lean,earley.cfg3.n029,n029,n,29,29,a a a a a a a a a a a a a a a a a a a a a a a a a a a a a,b00b82e962602fde3c0b9ec3258ae2bae3861496472ef35ea0ba894fb1b36288,60.0,ok,accept,true,unknown,true,6671621,6933463,,,,6.671621,6.933463,true,false
1,20260726T135725.806593Z,earley,cfg3,Odd nested language: S → a S a | a,lean,earley.cfg3.n031,n031,n,31,31,a a a a a a a a a a a a a a a a a a a a a a a a a a a a a a a,e2fbf1eb4eccda81f87022da47d499b7c72107a7be5019bdd0123102dedd9a86,60.0,ok,accept,true,unknown,true,8003797,8180779,,,,8.003797,8.180779,true,false
1,20260726T135725.806593Z,earley,cfg3,Odd nested language: S → a S a | a,lean,earley.cfg3.n033,n033,n,33,33,a a a a a a a a a a a a a a a a a a a a a a a a a a a a a a a a a,65c4a3b876195f39e99ad322a645f2b6badd45a8457409eff406f2b517494769,60.0,ok,accept,true,unknown,true,10276211,10544506,,,,10.276211,10.544506,true,false
1,20260726T135725.806593Z,earley,cfg3,Odd nested language: S → a S a | a,lean,earley.cfg3.n035,n035,n,35,35,a a a a a a a a a a a a a a a a a a a a a a a a a a a a a a a a a a a,75aa41a2c242377f26ddd63029462f47576aaf2dd3fe5ae73041196b9087bce2,60.0,ok,accept,true,unknown,true,12767608,13032155,,,,12.767608,13.032155,true,false
1,20260726T135725.806593Z,earley,cfg3,Odd nested language: S → a S a | a,lean,earley.cfg3.n037,n037,n,37,37,a a a a a a a a a a a a a a a a a a a a a a a a a a a a a a a a a a a a a,b26448b546ae7e5bdd674af8247e59052302dbaefba9b9466382f96d0546b77a,60.0,ok,accept,true,unknown,true,17205467,17580342,,,,17.205467,17.580341999999998,true,false
1,20260726T135725.806593Z,earley,cfg3,Odd nested language: S → a S a | a,lean,earley.cfg3.n039,n039,n,39,39,a a a a a a a a a a a a a a a a a a a a a a a a a a a a a a a a a a a a a a a,18eb99b1deb5a8851590d9f68f7f327bf8a6ad1f6de24b78842bce7ede036532,60.0,ok,accept,true,unknown,true,16997344,17307849,,,,16.997344,17.307849,true,false
1,20260726T135725.806593Z,earley,cfg3,Odd nested language: S → a S a | a,lean,earley.cfg3.n041,n041,n,41,41,a a a a a a a a a a a a a a a a a a a a a a a a a a a a a a a a a a a a a a a a a,5b8435430a4e0f3739618b616494cef52d305f069f4f8f145cd40257d5eb8ca2,60.0,ok,accept,true,unknown,true,17747586,18037221,,,,17.747586,18.037221,true,false
1,20260726T135725.806593Z,earley,cfg3,Odd nested language: S → a S a | a,lean,earley.cfg3.n043,n043,n,43,43,a a a a a a a a a a a a a a a a a a a a a a a a a a a a a a a a a a a a a a a a a a a,d578dc3affc8d9ac05571b77cd6aa8bb3e86c14a13d0ca1cbd18741b0eb84a0d,60.0,ok,accept,true,unknown,true,19807321,20171556,,,,19.807320999999998,20.171556,true,false
1,20260726T135725.806593Z,earley,cfg3,Odd nested language: S → a S a | a,lean,earley.cfg3.n045,n045,n,45,45,a a a a a a a a a a a a a a a a a a a a a a a a a a a a a a a a a a a a a a a a a a a a a,95a07021a688c4b629f8896d95faeb2557e8b2db62a670f72409a59a6d2ed69d,60.0,ok,accept,true,unknown,true,24058558,24669037,,,,24.058557999999998,24.669037,true,false
1,20260726T135725.806593Z,earley,cfg3,Odd nested language: S → a S a | a,lean,earley.cfg3.n047,n047,n,47,47,a a a a a a a a a a a a a a a a a a a a a a a a a a a a a a a a a a a a a a a a a a a a a a a,0a227f109e85e841c1599966769c16123edf77b848a8c2ce018c8b66763a1759,60.0,ok,accept,true,unknown,true,25815643,26294474,,,,25.815642999999998,26.294473999999997,true,false
1,20260726T135725.806593Z,earley,cfg3,Odd nested language: S → a S a | a,lean,earley.cfg3.n049,n049,n,49,49,a a a a a a a a a a a a a a a a a a a a a a a a a a a a a a a a a a a a a a a a a a a a a a a a a,99e8c0fe4c88f0445b7bdd1ddd8903d345647bb315228d3ed9b8e3f9a1453067,60.0,ok,accept,true,unknown,true,33192480,33652446,,,,33.192479999999996,33.652446,true,false
1,20260726T135725.806593Z,earley,cfg3,Odd nested language: S → a S a | a,lean,earley.cfg3.n051,n051,n,51,51,a a a a a a a a a a a a a a a a a a a a a a a a a a a a a a a a a a a a a a a a a a a a a a a a a a a,08f26910e932063059fae5c479867d6997cf56d64a6ad0363853dd6848e5a131,60.0,ok,accept,true,unknown,true,44066116,44576495,,,,44.066116,44.576495,true,false
1,20260726T135725.806593Z,earley,cfg3,Odd nested language: S → a S a | a,lean,earley.cfg3.n053,n053,n,53,53,a a a a a a a a a a a a a a a a a a a a a a a a a a a a a a a a a a a a a a a a a a a a a a a a a a a a a,9a57ed48fdc55fce48079815c33dec4ee1dfb5e7c9acf3ce1ae1102961759834,60.0,ok,accept,true,unknown,true,54209447,54698767,,,,54.209447,54.698767,true,false
1,20260726T135725.806593Z,earley,cfg3,Odd nested language: S → a S a | a,lean,earley.cfg3.n055,n055,n,55,55,a a a a a a a a a a a a a a a a a a a a a a a a a a a a a a a a a a a a a a a a a a a a a a a a a a a a a a a,397471ff60216f6a8bae3bf00d4f76e8643bb5dac774582749fc24ef11816b24,60.0,ok,accept,true,unknown,true,42362170,42787881,,,,42.36217,42.787881,true,false
1,20260726T135725.806593Z,earley,cfg3,Odd nested language: S → a S a | a,lean,earley.cfg3.n057,n057,n,57,57,a a a a a a a a a a a a a a a a a a a a a a a a a a a a a a a a a a a a a a a a a a a a a a a a a a a a a a a a a,b6388e1e8f6c10ccc2277fad64251a43a039604b11b2e3c9e3b9c331e606dc3a,60.0,ok,accept,true,unknown,true,42939376,43502175,,,,42.939375999999996,43.502175,true,false
1,20260726T135725.806593Z,earley,cfg3,Odd nested language: S → a S a | a,lean,earley.cfg3.n059,n059,n,59,59,a a a a a a a a a a a a a a a a a a a a a a a a a a a a a a a a a a a a a a a a a a a a a a a a a a a a a a a a a a a,9e271998808c273754c2be85eeb5ef9477ebdfddc4375a4f82ed6e8d64734550,60.0,ok,accept,true,unknown,true,47150248,47591858,,,,47.150248,47.591857999999995,true,false
1,20260726T135725.806593Z,earley,cfg3,Odd nested language: S → a S a | a,lean,earley.cfg3.n061,n061,n,61,61,a a a a a a a a a a a a a a a a a a a a a a a a a a a a a a a a a a a a a a a a a a a a a a a a a a a a a a a a a a a a a,8b72598a941c6c337740fe03485056c52ff6ea510c78629e8029d2b497447e93,60.0,ok,accept,true,unknown,true,52282812,52812920,,,,52.282812,52.81292,true,false
1,20260726T135725.806593Z,earley,cfg3,Odd nested language: S → a S a | a,lean,earley.cfg3.n063,n063,n,63,63,a a a a a a a a a a a a a a a a a a a a a a a a a a a a a a a a a a a a a a a a a a a a a a a a a a a a a a a a a a a a a a a,bd61fffc8dc55a105796ce4395d2822c95221106e3dce37912b244042a801b52,60.0,ok,accept,true,unknown,true,65986872,66513803,,,,65.98687199999999,66.513803,true,false
1,20260726T135725.806593Z,earley,cfg3,Odd nested language: S → a S a | a,lean,earley.cfg3.n065,n065,n,65,65,a a a a a a a a a a a a a a a a a a a a a a a a a a a a a a a a a a a a a a a a a a a a a a a a a a a a a a a a a a a a a a a a a,32db1b66466ec271199a28a886eab9eef6f72a88d1dd49de6c67a73925842bfa,60.0,ok,accept,true,unknown,true,72140218,72715420,,,,72.14021799999999,72.71542,true,false
1,20260726T135725.806593Z,earley,cfg4,Left-recursive linear: S → S a | a,costar,earley.cfg4.n001,n001,n,1,1,a,ca978112ca1bbdcafac231b39a23dc4da786eff8147c4e72b9807785afee48bb,60.0,ok,parser_error,unknown,unknown,false,5960,141907,,left_recursion,PredictionError (SpLeftRecursion 0),0.00596,0.141907,true,false
1,20260726T135725.806593Z,earley,cfg4,Left-recursive linear: S → S a | a,costar,earley.cfg4.n003,n003,n,3,3,a a a,bb6e995be430b5ada013a56dd224abfddbeff83ef54dd2fef79470c6cf440919,60.0,ok,parser_error,unknown,unknown,false,0,87715,,left_recursion,PredictionError (SpLeftRecursion 0),0.0,0.087715,true,false
1,20260726T135725.806593Z,earley,cfg4,Left-recursive linear: S → S a | a,costar,earley.cfg4.n005,n005,n,5,5,a a a a a,dcf26724f098d41cc1f3fbeee167bde3aab05eb59e85eaf77318374c136d82a1,60.0,ok,parser_error,unknown,unknown,false,953,68929,,left_recursion,PredictionError (SpLeftRecursion 0),0.000953,0.06892899999999999,true,false
1,20260726T135725.806593Z,earley,cfg4,Left-recursive linear: S → S a | a,costar,earley.cfg4.n007,n007,n,7,7,a a a a a a a,c39b9e5f245ca64e7524d3d027ef1b7cbd9c9f2eba54ca591c7ecd770a2a07d7,60.0,ok,parser_error,unknown,unknown,false,953,59332,,left_recursion,PredictionError (SpLeftRecursion 0),0.000953,0.059331999999999996,true,false
1,20260726T135725.806593Z,earley,cfg4,Left-recursive linear: S → S a | a,costar,earley.cfg4.n009,n009,n,9,9,a a a a a a a a a,5246bd9d247b3551cdb6eba59ea82519f675b231f59836e63169ee5864f90046,60.0,ok,parser_error,unknown,unknown,false,953,53120,,left_recursion,PredictionError (SpLeftRecursion 0),0.000953,0.05312,true,false
1,20260726T135725.806593Z,earley,cfg4,Left-recursive linear: S → S a | a,costar,earley.cfg4.n011,n011,n,11,11,a a a a a a a a a a a,b83899a801d9f023f810c6e76f61d7bf5973986bd70abc4cc2863d97f9b2d782,60.0,ok,parser_error,unknown,unknown,false,0,48772,,left_recursion,PredictionError (SpLeftRecursion 0),0.0,0.048771999999999996,true,false
1,20260726T135725.806593Z,earley,cfg4,Left-recursive linear: S → S a | a,costar,earley.cfg4.n013,n013,n,13,13,a a a a a a a a a a a a a,0f19eca59bf1d47974b3df7c910fa2f7d0addfc109d422fe8c6a368c7b780a13,60.0,ok,parser_error,unknown,unknown,false,1192,47790,,left_recursion,PredictionError (SpLeftRecursion 0),0.001192,0.04779,true,false
1,20260726T135725.806593Z,earley,cfg4,Left-recursive linear: S → S a | a,costar,earley.cfg4.n015,n015,n,15,15,a a a a a a a a a a a a a a a,3416fc43996281553685fd94058cc330ea85b1701526c7b29085904306440a1f,60.0,ok,parser_error,unknown,unknown,false,5960,59312,,left_recursion,PredictionError (SpLeftRecursion 0),0.00596,0.059312,true,false
1,20260726T135725.806593Z,earley,cfg4,Left-recursive linear: S → S a | a,costar,earley.cfg4.n017,n017,n,17,17,a a a a a a a a a a a a a a a a a,3bccac4813bc2f376ff12845988fa5e600575c184ac5f21ab1b8915969532a0a,60.0,ok,parser_error,unknown,unknown,false,5006,53200,,left_recursion,PredictionError (SpLeftRecursion 0),0.005006,0.0532,true,false
1,20260726T135725.806593Z,earley,cfg4,Left-recursive linear: S → S a | a,costar,earley.cfg4.n019,n019,n,19,19,a a a a a a a a a a a a a a a a a a a,92e55c5847d9d2f40be9a63ff52228772e1f012e98e45af96f74f7d6dd44c6e0,60.0,ok,parser_error,unknown,unknown,false,953,53040,,left_recursion,PredictionError (SpLeftRecursion 0),0.000953,0.05304,true,false
1,20260726T135725.806593Z,earley,cfg4,Left-recursive linear: S → S a | a,costar,earley.cfg4.n021,n021,n,21,21,a a a a a a a a a a a a a a a a a a a a a,52267fe9dc1a9390da3667ab75f1a4aca55c6d4f1325144f5c8e29b5727e2c8e,60.0,ok,parser_error,unknown,unknown,false,953,50766,,left_recursion,PredictionError (SpLeftRecursion 0),0.000953,0.050766,true,false
1,20260726T135725.806593Z,earley,cfg4,Left-recursive linear: S → S a | a,costar,earley.cfg4.n023,n023,n,23,23,a a a a a a a a a a a a a a a a a a a a a a a,e6799515bcbdd5ee6b53fe012a758de396640e9a8320bb62c60a135e2f2ed0a9,60.0,ok,parser_error,unknown,unknown,false,5960,60414,,left_recursion,PredictionError (SpLeftRecursion 0),0.00596,0.060413999999999995,true,false
1,20260726T135725.806593Z,earley,cfg4,Left-recursive linear: S → S a | a,costar,earley.cfg4.n025,n025,n,25,25,a a a a a a a a a a a a a a a a a a a a a a a a a,81b5dccafd39c94829cdd6dbdb721e4bda6c9389d4a1928b885745a4a2398e96,60.0,ok,parser_error,unknown,unknown,false,953,52719,,left_recursion,PredictionError (SpLeftRecursion 0),0.000953,0.052718999999999995,true,false
1,20260726T135725.806593Z,earley,cfg4,Left-recursive linear: S → S a | a,costar,earley.cfg4.n027,n027,n,27,27,a a a a a a a a a a a a a a a a a a a a a a a a a a a,2944e42c73262f1a71f9cef1670de3dfc87e6510817754bbe9215a96a5616aea,60.0,ok,parser_error,unknown,unknown,false,4053,52408,,left_recursion,PredictionError (SpLeftRecursion 0),0.004053,0.052407999999999996,true,false
1,20260726T135725.806593Z,earley,cfg4,Left-recursive linear: S → S a | a,costar,earley.cfg4.n029,n029,n,29,29,a a a a a a a a a a a a a a a a a a a a a a a a a a a a a,b00b82e962602fde3c0b9ec3258ae2bae3861496472ef35ea0ba894fb1b36288,60.0,ok,parser_error,unknown,unknown,false,953,48131,,left_recursion,PredictionError (SpLeftRecursion 0),0.000953,0.048131,true,false
1,20260726T135725.806593Z,earley,cfg4,Left-recursive linear: S → S a | a,costar,earley.cfg4.n031,n031,n,31,31,a a a a a a a a a a a a a a a a a a a a a a a a a a a a a a a,e2fbf1eb4eccda81f87022da47d499b7c72107a7be5019bdd0123102dedd9a86,60.0,ok,parser_error,unknown,unknown,false,2861,49804,,left_recursion,PredictionError (SpLeftRecursion 0),0.002861,0.049804,true,false
1,20260726T135725.806593Z,earley,cfg4,Left-recursive linear: S → S a | a,costar,earley.cfg4.n033,n033,n,33,33,a a a a a a a a a a a a a a a a a a a a a a a a a a a a a a a a a,65c4a3b876195f39e99ad322a645f2b6badd45a8457409eff406f2b517494769,60.0,ok,parser_error,unknown,unknown,false,953,50825,,left_recursion,PredictionError (SpLeftRecursion 0),0.000953,0.050824999999999995,true,false
1,20260726T135725.806593Z,earley,cfg4,Left-recursive linear: S → S a | a,costar,earley.cfg4.n035,n035,n,35,35,a a a a a a a a a a a a a a a a a a a a a a a a a a a a a a a a a a a,75aa41a2c242377f26ddd63029462f47576aaf2dd3fe5ae73041196b9087bce2,60.0,ok,parser_error,unknown,unknown,false,0,46918,,left_recursion,PredictionError (SpLeftRecursion 0),0.0,0.046917999999999994,true,false
1,20260726T135725.806593Z,earley,cfg4,Left-recursive linear: S → S a | a,costar,earley.cfg4.n037,n037,n,37,37,a a a a a a a a a a a a a a a a a a a a a a a a a a a a a a a a a a a a a,b26448b546ae7e5bdd674af8247e59052302dbaefba9b9466382f96d0546b77a,60.0,ok,parser_error,unknown,unknown,false,2145,88898,,left_recursion,PredictionError (SpLeftRecursion 0),0.0021449999999999998,0.08889799999999999,true,false
1,20260726T135725.806593Z,earley,cfg4,Left-recursive linear: S → S a | a,costar,earley.cfg4.n039,n039,n,39,39,a a a a a a a a a a a a a a a a a a a a a a a a a a a a a a a a a a a a a a a,18eb99b1deb5a8851590d9f68f7f327bf8a6ad1f6de24b78842bce7ede036532,60.0,ok,parser_error,unknown,unknown,false,4053,94488,,left_recursion,PredictionError (SpLeftRecursion 0),0.004053,0.094488,true,false
1,20260726T135725.806593Z,earley,cfg4,Left-recursive linear: S → S a | a,costar,earley.cfg4.n041,n041,n,41,41,a a a a a a a a a a a a a a a a a a a a a a a a a a a a a a a a a a a a a a a a a,5b8435430a4e0f3739618b616494cef52d305f069f4f8f145cd40257d5eb8ca2,60.0,ok,parser_error,unknown,unknown,false,1192,69430,,left_recursion,PredictionError (SpLeftRecursion 0),0.001192,0.06942999999999999,true,false
1,20260726T135725.806593Z,earley,cfg4,Left-recursive linear: S → S a | a,costar,earley.cfg4.n043,n043,n,43,43,a a a a a a a a a a a a a a a a a a a a a a a a a a a a a a a a a a a a a a a a a a a,d578dc3affc8d9ac05571b77cd6aa8bb3e86c14a13d0ca1cbd18741b0eb84a0d,60.0,ok,parser_error,unknown,unknown,false,953,71254,,left_recursion,PredictionError (SpLeftRecursion 0),0.000953,0.071254,true,false
1,20260726T135725.806593Z,earley,cfg4,Left-recursive linear: S → S a | a,costar,earley.cfg4.n045,n045,n,45,45,a a a a a a a a a a a a a a a a a a a a a a a a a a a a a a a a a a a a a a a a a a a a a,95a07021a688c4b629f8896d95faeb2557e8b2db62a670f72409a59a6d2ed69d,60.0,ok,parser_error,unknown,unknown,false,1192,65433,,left_recursion,PredictionError (SpLeftRecursion 0),0.001192,0.06543299999999999,true,false
1,20260726T135725.806593Z,earley,cfg4,Left-recursive linear: S → S a | a,costar,earley.cfg4.n047,n047,n,47,47,a a a a a a a a a a a a a a a a a a a a a a a a a a a a a a a a a a a a a a a a a a a a a a a,0a227f109e85e841c1599966769c16123edf77b848a8c2ce018c8b66763a1759,60.0,ok,parser_error,unknown,unknown,false,0,72726,,left_recursion,PredictionError (SpLeftRecursion 0),0.0,0.072726,true,false
1,20260726T135725.806593Z,earley,cfg4,Left-recursive linear: S → S a | a,costar,earley.cfg4.n049,n049,n,49,49,a a a a a a a a a a a a a a a a a a a a a a a a a a a a a a a a a a a a a a a a a a a a a a a a a,99e8c0fe4c88f0445b7bdd1ddd8903d345647bb315228d3ed9b8e3f9a1453067,60.0,ok,parser_error,unknown,unknown,false,1192,73078,,left_recursion,PredictionError (SpLeftRecursion 0),0.001192,0.07307799999999999,true,false
1,20260726T135725.806593Z,earley,cfg4,Left-recursive linear: S → S a | a,costar,earley.cfg4.n051,n051,n,51,51,a a a a a a a a a a a a a a a a a a a a a a a a a a a a a a a a a a a a a a a a a a a a a a a a a a a,08f26910e932063059fae5c479867d6997cf56d64a6ad0363853dd6848e5a131,60.0,ok,parser_error,unknown,unknown,false,0,68609,,left_recursion,PredictionError (SpLeftRecursion 0),0.0,0.068609,true,false
1,20260726T135725.806593Z,earley,cfg4,Left-recursive linear: S → S a | a,costar,earley.cfg4.n053,n053,n,53,53,a a a a a a a a a a a a a a a a a a a a a a a a a a a a a a a a a a a a a a a a a a a a a a a a a a a a a,9a57ed48fdc55fce48079815c33dec4ee1dfb5e7c9acf3ce1ae1102961759834,60.0,ok,parser_error,unknown,unknown,false,2861,93395,,left_recursion,PredictionError (SpLeftRecursion 0),0.002861,0.09339499999999999,true,false
1,20260726T135725.806593Z,earley,cfg4,Left-recursive linear: S → S a | a,costar,earley.cfg4.n055,n055,n,55,55,a a a a a a a a a a a a a a a a a a a a a a a a a a a a a a a a a a a a a a a a a a a a a a a a a a a a a a a,397471ff60216f6a8bae3bf00d4f76e8643bb5dac774582749fc24ef11816b24,60.0,ok,parser_error,unknown,unknown,false,3099,63550,,left_recursion,PredictionError (SpLeftRecursion 0),0.0030989999999999998,0.06355,true,false
1,20260726T135725.806593Z,earley,cfg4,Left-recursive linear: S → S a | a,costar,earley.cfg4.n057,n057,n,57,57,a a a a a a a a a a a a a a a a a a a a a a a a a a a a a a a a a a a a a a a a a a a a a a a a a a a a a a a a a,b6388e1e8f6c10ccc2277fad64251a43a039604b11b2e3c9e3b9c331e606dc3a,60.0,ok,parser_error,unknown,unknown,false,953,81083,,left_recursion,PredictionError (SpLeftRecursion 0),0.000953,0.081083,true,false
1,20260726T135725.806593Z,earley,cfg4,Left-recursive linear: S → S a | a,costar,earley.cfg4.n059,n059,n,59,59,a a a a a a a a a a a a a a a a a a a a a a a a a a a a a a a a a a a a a a a a a a a a a a a a a a a a a a a a a a a,9e271998808c273754c2be85eeb5ef9477ebdfddc4375a4f82ed6e8d64734550,60.0,ok,parser_error,unknown,unknown,false,953,58250,,left_recursion,PredictionError (SpLeftRecursion 0),0.000953,0.058249999999999996,true,false
1,20260726T135725.806593Z,earley,cfg4,Left-recursive linear: S → S a | a,costar,earley.cfg4.n061,n061,n,61,61,a a a a a a a a a a a a a a a a a a a a a a a a a a a a a a a a a a a a a a a a a a a a a a a a a a a a a a a a a a a a a,8b72598a941c6c337740fe03485056c52ff6ea510c78629e8029d2b497447e93,60.0,ok,parser_error,unknown,unknown,false,3099,67707,,left_recursion,PredictionError (SpLeftRecursion 0),0.0030989999999999998,0.067707,true,false
1,20260726T135725.806593Z,earley,cfg4,Left-recursive linear: S → S a | a,costar,earley.cfg4.n063,n063,n,63,63,a a a a a a a a a a a a a a a a a a a a a a a a a a a a a a a a a a a a a a a a a a a a a a a a a a a a a a a a a a a a a a a,bd61fffc8dc55a105796ce4395d2822c95221106e3dce37912b244042a801b52,60.0,ok,parser_error,unknown,unknown,false,953,64462,,left_recursion,PredictionError (SpLeftRecursion 0),0.000953,0.06446199999999999,true,false
1,20260726T135725.806593Z,earley,cfg4,Left-recursive linear: S → S a | a,costar,earley.cfg4.n065,n065,n,65,65,a a a a a a a a a a a a a a a a a a a a a a a a a a a a a a a a a a a a a a a a a a a a a a a a a a a a a a a a a a a a a a a a a,32db1b66466ec271199a28a886eab9eef6f72a88d1dd49de6c67a73925842bfa,60.0,ok,parser_error,unknown,unknown,false,4053,80972,,left_recursion,PredictionError (SpLeftRecursion 0),0.004053,0.080972,true,false
1,20260726T135725.806593Z,earley,cfg4,Left-recursive linear: S → S a | a,earley,earley.cfg4.n001,n001,n,1,1,a,ca978112ca1bbdcafac231b39a23dc4da786eff8147c4e72b9807785afee48bb,60.0,ok,accept,true,unknown,true,15000,355158,,,,0.015,0.355158,true,false
1,20260726T135725.806593Z,earley,cfg4,Left-recursive linear: S → S a | a,earley,earley.cfg4.n003,n003,n,3,3,a a a,bb6e995be430b5ada013a56dd224abfddbeff83ef54dd2fef79470c6cf440919,60.0,ok,accept,true,unknown,true,12000,242647,,,,0.012,0.242647,true,false
1,20260726T135725.806593Z,earley,cfg4,Left-recursive linear: S → S a | a,earley,earley.cfg4.n005,n005,n,5,5,a a a a a,dcf26724f098d41cc1f3fbeee167bde3aab05eb59e85eaf77318374c136d82a1,60.0,ok,accept,true,unknown,true,16000,356781,,,,0.016,0.35678099999999996,true,false
1,20260726T135725.806593Z,earley,cfg4,Left-recursive linear: S → S a | a,earley,earley.cfg4.n007,n007,n,7,7,a a a a a a a,c39b9e5f245ca64e7524d3d027ef1b7cbd9c9f2eba54ca591c7ecd770a2a07d7,60.0,ok,accept,true,unknown,true,18000,240472,,,,0.018,0.240472,true,false
1,20260726T135725.806593Z,earley,cfg4,Left-recursive linear: S → S a | a,earley,earley.cfg4.n009,n009,n,9,9,a a a a a a a a a,5246bd9d247b3551cdb6eba59ea82519f675b231f59836e63169ee5864f90046,60.0,ok,accept,true,unknown,true,18000,261041,,,,0.018,0.26104099999999997,true,false
1,20260726T135725.806593Z,earley,cfg4,Left-recursive linear: S → S a | a,earley,earley.cfg4.n011,n011,n,11,11,a a a a a a a a a a a,b83899a801d9f023f810c6e76f61d7bf5973986bd70abc4cc2863d97f9b2d782,60.0,ok,accept,true,unknown,true,17000,240823,,,,0.016999999999999998,0.24082299999999998,true,false
1,20260726T135725.806593Z,earley,cfg4,Left-recursive linear: S → S a | a,earley,earley.cfg4.n013,n013,n,13,13,a a a a a a a a a a a a a,0f19eca59bf1d47974b3df7c910fa2f7d0addfc109d422fe8c6a368c7b780a13,60.0,ok,accept,true,unknown,true,26000,220434,,,,0.026,0.220434,true,false
1,20260726T135725.806593Z,earley,cfg4,Left-recursive linear: S → S a | a,earley,earley.cfg4.n015,n015,n,15,15,a a a a a a a a a a a a a a a,3416fc43996281553685fd94058cc330ea85b1701526c7b29085904306440a1f,60.0,ok,accept,true,unknown,true,31000,203443,,,,0.031,0.20344299999999998,true,false
1,20260726T135725.806593Z,earley,cfg4,Left-recursive linear: S → S a | a,earley,earley.cfg4.n017,n017,n,17,17,a a a a a a a a a a a a a a a a a,3bccac4813bc2f376ff12845988fa5e600575c184ac5f21ab1b8915969532a0a,60.0,ok,accept,true,unknown,true,28000,194646,,,,0.027999999999999997,0.19464599999999999,true,false
1,20260726T135725.806593Z,earley,cfg4,Left-recursive linear: S → S a | a,earley,earley.cfg4.n019,n019,n,19,19,a a a a a a a a a a a a a a a a a a a,92e55c5847d9d2f40be9a63ff52228772e1f012e98e45af96f74f7d6dd44c6e0,60.0,ok,accept,true,unknown,true,36000,204665,,,,0.036,0.20466499999999999,true,false
1,20260726T135725.806593Z,earley,cfg4,Left-recursive linear: S → S a | a,earley,earley.cfg4.n021,n021,n,21,21,a a a a a a a a a a a a a a a a a a a a a,52267fe9dc1a9390da3667ab75f1a4aca55c6d4f1325144f5c8e29b5727e2c8e,60.0,ok,accept,true,unknown,true,30000,184677,,,,0.03,0.18467699999999998,true,false
1,20260726T135725.806593Z,earley,cfg4,Left-recursive linear: S → S a | a,earley,earley.cfg4.n023,n023,n,23,23,a a a a a a a a a a a a a a a a a a a a a a a,e6799515bcbdd5ee6b53fe012a758de396640e9a8320bb62c60a135e2f2ed0a9,60.0,ok,accept,true,unknown,true,26000,182684,,,,0.026,0.18268399999999999,true,false
1,20260726T135725.806593Z,earley,cfg4,Left-recursive linear: S → S a | a,earley,earley.cfg4.n025,n025,n,25,25,a a a a a a a a a a a a a a a a a a a a a a a a a,81b5dccafd39c94829cdd6dbdb721e4bda6c9389d4a1928b885745a4a2398e96,60.0,ok,accept,true,unknown,true,28000,205457,,,,0.027999999999999997,0.205457,true,false
1,20260726T135725.806593Z,earley,cfg4,Left-recursive linear: S → S a | a,earley,earley.cfg4.n027,n027,n,27,27,a a a a a a a a a a a a a a a a a a a a a a a a a a a,2944e42c73262f1a71f9cef1670de3dfc87e6510817754bbe9215a96a5616aea,60.0,ok,accept,true,unknown,true,42000,200948,,,,0.041999999999999996,0.200948,true,false
1,20260726T135725.806593Z,earley,cfg4,Left-recursive linear: S → S a | a,earley,earley.cfg4.n029,n029,n,29,29,a a a a a a a a a a a a a a a a a a a a a a a a a a a a a,b00b82e962602fde3c0b9ec3258ae2bae3861496472ef35ea0ba894fb1b36288,60.0,ok,accept,true,unknown,true,52000,224412,,,,0.052,0.224412,true,false
1,20260726T135725.806593Z,earley,cfg4,Left-recursive linear: S → S a | a,earley,earley.cfg4.n031,n031,n,31,31,a a a a a a a a a a a a a a a a a a a a a a a a a a a a a a a,e2fbf1eb4eccda81f87022da47d499b7c72107a7be5019bdd0123102dedd9a86,60.0,ok,accept,true,unknown,true,60000,248909,,,,0.06,0.248909,true,false
1,20260726T135725.806593Z,earley,cfg4,Left-recursive linear: S → S a | a,earley,earley.cfg4.n033,n033,n,33,33,a a a a a a a a a a a a a a a a a a a a a a a a a a a a a a a a a,65c4a3b876195f39e99ad322a645f2b6badd45a8457409eff406f2b517494769,60.0,ok,accept,true,unknown,true,49000,201549,,,,0.048999999999999995,0.20154899999999998,true,false
1,20260726T135725.806593Z,earley,cfg4,Left-recursive linear: S → S a | a,earley,earley.cfg4.n035,n035,n,35,35,a a a a a a a a a a a a a a a a a a a a a a a a a a a a a a a a a a a,75aa41a2c242377f26ddd63029462f47576aaf2dd3fe5ae73041196b9087bce2,60.0,ok,accept,true,unknown,true,79000,252284,,,,0.079,0.252284,true,false
1,20260726T135725.806593Z,earley,cfg4,Left-recursive linear: S → S a | a,earley,earley.cfg4.n037,n037,n,37,37,a a a a a a a a a a a a a a a a a a a a a a a a a a a a a a a a a a a a a,b26448b546ae7e5bdd674af8247e59052302dbaefba9b9466382f96d0546b77a,60.0,ok,accept,true,unknown,true,64000,254169,,,,0.064,0.254169,true,false
1,20260726T135725.806593Z,earley,cfg4,Left-recursive linear: S → S a | a,earley,earley.cfg4.n039,n039,n,39,39,a a a a a a a a a a a a a a a a a a a a a a a a a a a a a a a a a a a a a a a,18eb99b1deb5a8851590d9f68f7f327bf8a6ad1f6de24b78842bce7ede036532,60.0,ok,accept,true,unknown,true,88000,1236716,,,,0.088,1.236716,true,false
1,20260726T135725.806593Z,earley,cfg4,Left-recursive linear: S → S a | a,earley,earley.cfg4.n041,n041,n,41,41,a a a a a a a a a a a a a a a a a a a a a a a a a a a a a a a a a a a a a a a a a,5b8435430a4e0f3739618b616494cef52d305f069f4f8f145cd40257d5eb8ca2,60.0,ok,accept,true,unknown,true,88000,317928,,,,0.088,0.317928,true,false
1,20260726T135725.806593Z,earley,cfg4,Left-recursive linear: S → S a | a,earley,earley.cfg4.n043,n043,n,43,43,a a a a a a a a a a a a a a a a a a a a a a a a a a a a a a a a a a a a a a a a a a a,d578dc3affc8d9ac05571b77cd6aa8bb3e86c14a13d0ca1cbd18741b0eb84a0d,60.0,ok,accept,true,unknown,true,76000,295576,,,,0.076,0.295576,true,false
1,20260726T135725.806593Z,earley,cfg4,Left-recursive linear: S → S a | a,earley,earley.cfg4.n045,n045,n,45,45,a a a a a a a a a a a a a a a a a a a a a a a a a a a a a a a a a a a a a a a a a a a a a,95a07021a688c4b629f8896d95faeb2557e8b2db62a670f72409a59a6d2ed69d,60.0,ok,accept,true,unknown,true,77000,291398,,,,0.077,0.291398,true,false
1,20260726T135725.806593Z,earley,cfg4,Left-recursive linear: S → S a | a,earley,earley.cfg4.n047,n047,n,47,47,a a a a a a a a a a a a a a a a a a a a a a a a a a a a a a a a a a a a a a a a a a a a a a a,0a227f109e85e841c1599966769c16123edf77b848a8c2ce018c8b66763a1759,60.0,ok,accept,true,unknown,true,81000,506913,,,,0.081,0.506913,true,false
1,20260726T135725.806593Z,earley,cfg4,Left-recursive linear: S → S a | a,earley,earley.cfg4.n049,n049,n,49,49,a a a a a a a a a a a a a a a a a a a a a a a a a a a a a a a a a a a a a a a a a a a a a a a a a,99e8c0fe4c88f0445b7bdd1ddd8903d345647bb315228d3ed9b8e3f9a1453067,60.0,ok,accept,true,unknown,true,125000,367561,,,,0.125,0.36756099999999997,true,false
1,20260726T135725.806593Z,earley,cfg4,Left-recursive linear: S → S a | a,earley,earley.cfg4.n051,n051,n,51,51,a a a a a a a a a a a a a a a a a a a a a a a a a a a a a a a a a a a a a a a a a a a a a a a a a a a,08f26910e932063059fae5c479867d6997cf56d64a6ad0363853dd6848e5a131,60.0,ok,accept,true,unknown,true,180000,485393,,,,0.18,0.48539299999999996,true,false
1,20260726T135725.806593Z,earley,cfg4,Left-recursive linear: S → S a | a,earley,earley.cfg4.n053,n053,n,53,53,a a a a a a a a a a a a a a a a a a a a a a a a a a a a a a a a a a a a a a a a a a a a a a a a a a a a a,9a57ed48fdc55fce48079815c33dec4ee1dfb5e7c9acf3ce1ae1102961759834,60.0,ok,accept,true,unknown,true,102000,359706,,,,0.102,0.35970599999999997,true,false
1,20260726T135725.806593Z,earley,cfg4,Left-recursive linear: S → S a | a,earley,earley.cfg4.n055,n055,n,55,55,a a a a a a a a a a a a a a a a a a a a a a a a a a a a a a a a a a a a a a a a a a a a a a a a a a a a a a a,397471ff60216f6a8bae3bf00d4f76e8643bb5dac774582749fc24ef11816b24,60.0,ok,accept,true,unknown,true,104000,318259,,,,0.104,0.31825899999999996,true,false
1,20260726T135725.806593Z,earley,cfg4,Left-recursive linear: S → S a | a,earley,earley.cfg4.n057,n057,n,57,57,a a a a a a a a a a a a a a a a a a a a a a a a a a a a a a a a a a a a a a a a a a a a a a a a a a a a a a a a a,b6388e1e8f6c10ccc2277fad64251a43a039604b11b2e3c9e3b9c331e606dc3a,60.0,ok,accept,true,unknown,true,113000,411795,,,,0.11299999999999999,0.41179499999999997,true,false
1,20260726T135725.806593Z,earley,cfg4,Left-recursive linear: S → S a | a,earley,earley.cfg4.n059,n059,n,59,59,a a a a a a a a a a a a a a a a a a a a a a a a a a a a a a a a a a a a a a a a a a a a a a a a a a a a a a a a a a a,9e271998808c273754c2be85eeb5ef9477ebdfddc4375a4f82ed6e8d64734550,60.0,ok,accept,true,unknown,true,219000,556106,,,,0.219,0.556106,true,false
1,20260726T135725.806593Z,earley,cfg4,Left-recursive linear: S → S a | a,earley,earley.cfg4.n061,n061,n,61,61,a a a a a a a a a a a a a a a a a a a a a a a a a a a a a a a a a a a a a a a a a a a a a a a a a a a a a a a a a a a a a,8b72598a941c6c337740fe03485056c52ff6ea510c78629e8029d2b497447e93,60.0,ok,accept,true,unknown,true,189000,430751,,,,0.189,0.430751,true,false
1,20260726T135725.806593Z,earley,cfg4,Left-recursive linear: S → S a | a,earley,earley.cfg4.n063,n063,n,63,63,a a a a a a a a a a a a a a a a a a a a a a a a a a a a a a a a a a a a a a a a a a a a a a a a a a a a a a a a a a a a a a a,bd61fffc8dc55a105796ce4395d2822c95221106e3dce37912b244042a801b52,60.0,ok,accept,true,unknown,true,118000,384975,,,,0.118,0.38497499999999996,true,false
1,20260726T135725.806593Z,earley,cfg4,Left-recursive linear: S → S a | a,earley,earley.cfg4.n065,n065,n,65,65,a a a a a a a a a a a a a a a a a a a a a a a a a a a a a a a a a a a a a a a a a a a a a a a a a a a a a a a a a a a a a a a a a,32db1b66466ec271199a28a886eab9eef6f72a88d1dd49de6c67a73925842bfa,60.0,ok,accept,true,unknown,true,127000,339769,,,,0.127,0.339769,true,false
1,20260726T135725.806593Z,earley,cfg4,Left-recursive linear: S → S a | a,lean,earley.cfg4.n001,n001,n,1,1,a,ca978112ca1bbdcafac231b39a23dc4da786eff8147c4e72b9807785afee48bb,60.0,ok,accept,true,unknown,true,111570,335191,,,,0.11156999999999999,0.33519099999999996,true,false
1,20260726T135725.806593Z,earley,cfg4,Left-recursive linear: S → S a | a,lean,earley.cfg4.n003,n003,n,3,3,a a a,bb6e995be430b5ada013a56dd224abfddbeff83ef54dd2fef79470c6cf440919,60.0,ok,accept,true,unknown,true,179498,309612,,,,0.179498,0.309612,true,false
1,20260726T135725.806593Z,earley,cfg4,Left-recursive linear: S → S a | a,lean,earley.cfg4.n005,n005,n,5,5,a a a a a,dcf26724f098d41cc1f3fbeee167bde3aab05eb59e85eaf77318374c136d82a1,60.0,ok,accept,true,unknown,true,433807,542129,,,,0.433807,0.542129,true,false
1,20260726T135725.806593Z,earley,cfg4,Left-recursive linear: S → S a | a,lean,earley.cfg4.n007,n007,n,7,7,a a a a a a a,c39b9e5f245ca64e7524d3d027ef1b7cbd9c9f2eba54ca591c7ecd770a2a07d7,60.0,ok,accept,true,unknown,true,729242,841003,,,,0.729242,0.841003,true,false
1,20260726T135725.806593Z,earley,cfg4,Left-recursive linear: S → S a | a,lean,earley.cfg4.n009,n009,n,9,9,a a a a a a a a a,5246bd9d247b3551cdb6eba59ea82519f675b231f59836e63169ee5864f90046,60.0,ok,accept,true,unknown,true,1259740,1394824,,,,1.2597399999999999,1.3948239999999998,true,false
1,20260726T135725.806593Z,earley,cfg4,Left-recursive linear: S → S a | a,lean,earley.cfg4.n011,n011,n,11,11,a a a a a a a a a a a,b83899a801d9f023f810c6e76f61d7bf5973986bd70abc4cc2863d97f9b2d782,60.0,ok,accept,true,unknown,true,1633303,1893803,,,,1.633303,1.893803,true,false
1,20260726T135725.806593Z,earley,cfg4,Left-recursive linear: S → S a | a,lean,earley.cfg4.n013,n013,n,13,13,a a a a a a a a a a a a a,0f19eca59bf1d47974b3df7c910fa2f7d0addfc109d422fe8c6a368c7b780a13,60.0,ok,accept,true,unknown,true,1751806,2016103,,,,1.751806,2.0161029999999998,true,false
1,20260726T135725.806593Z,earley,cfg4,Left-recursive linear: S → S a | a,lean,earley.cfg4.n015,n015,n,15,15,a a a a a a a a a a a a a a a,3416fc43996281553685fd94058cc330ea85b1701526c7b29085904306440a1f,60.0,ok,accept,true,unknown,true,2430793,2739684,,,,2.430793,2.739684,true,false
1,20260726T135725.806593Z,earley,cfg4,Left-recursive linear: S → S a | a,lean,earley.cfg4.n017,n017,n,17,17,a a a a a a a a a a a a a a a a a,3bccac4813bc2f376ff12845988fa5e600575c184ac5f21ab1b8915969532a0a,60.0,ok,accept,true,unknown,true,4233614,4537916,,,,4.233614,4.537916,true,false
1,20260726T135725.806593Z,earley,cfg4,Left-recursive linear: S → S a | a,lean,earley.cfg4.n019,n019,n,19,19,a a a a a a a a a a a a a a a a a a a,92e55c5847d9d2f40be9a63ff52228772e1f012e98e45af96f74f7d6dd44c6e0,60.0,ok,accept,true,unknown,true,4650828,4920066,,,,4.650828,4.920065999999999,true,false
1,20260726T135725.806593Z,earley,cfg4,Left-recursive linear: S → S a | a,lean,earley.cfg4.n021,n021,n,21,21,a a a a a a a a a a a a a a a a a a a a a,52267fe9dc1a9390da3667ab75f1a4aca55c6d4f1325144f5c8e29b5727e2c8e,60.0,ok,accept,true,unknown,true,8655443,8918457,,,,8.655443,8.918457,true,false
1,20260726T135725.806593Z,earley,cfg4,Left-recursive linear: S → S a | a,lean,earley.cfg4.n023,n023,n,23,23,a a a a a a a a a a a a a a a a a a a a a a a,e6799515bcbdd5ee6b53fe012a758de396640e9a8320bb62c60a135e2f2ed0a9,60.0,ok,accept,true,unknown,true,7129492,7464412,,,,7.129492,7.464411999999999,true,false
1,20260726T135725.806593Z,earley,cfg4,Left-recursive linear: S → S a | a,lean,earley.cfg4.n025,n025,n,25,25,a a a a a a a a a a a a a a a a a a a a a a a a a,81b5dccafd39c94829cdd6dbdb721e4bda6c9389d4a1928b885745a4a2398e96,60.0,ok,accept,true,unknown,true,11036461,11382623,,,,11.036461,11.382622999999999,true,false
1,20260726T135725.806593Z,earley,cfg4,Left-recursive linear: S → S a | a,lean,earley.cfg4.n027,n027,n,27,27,a a a a a a a a a a a a a a a a a a a a a a a a a a a,2944e42c73262f1a71f9cef1670de3dfc87e6510817754bbe9215a96a5616aea,60.0,ok,accept,true,unknown,true,11558153,11905907,,,,11.558152999999999,11.905907,true,false
1,20260726T135725.806593Z,earley,cfg4,Left-recursive linear: S → S a | a,lean,earley.cfg4.n029,n029,n,29,29,a a a a a a a a a a a a a a a a a a a a a a a a a a a a a,b00b82e962602fde3c0b9ec3258ae2bae3861496472ef35ea0ba894fb1b36288,60.0,ok,accept,true,unknown,true,17284094,17658157,,,,17.284094,17.658157,true,false
1,20260726T135725.806593Z,earley,cfg4,Left-recursive linear: S → S a | a,lean,earley.cfg4.n031,n031,n,31,31,a a a a a a a a a a a a a a a a a a a a a a a a a a a a a a a,e2fbf1eb4eccda81f87022da47d499b7c72107a7be5019bdd0123102dedd9a86,60.0,ok,accept,true,unknown,true,19437716,19800608,,,,19.437715999999998,19.800608,true,false
1,20260726T135725.806593Z,earley,cfg4,Left-recursive linear: S → S a | a,lean,earley.cfg4.n033,n033,n,33,33,a a a a a a a a a a a a a a a a a a a a a a a a a a a a a a a a a,65c4a3b876195f39e99ad322a645f2b6badd45a8457409eff406f2b517494769,60.0,ok,accept,true,unknown,true,22533930,24297067,,,,22.533929999999998,24.297067,true,false
1,20260726T135725.806593Z,earley,cfg4,Left-recursive linear: S → S a | a,lean,earley.cfg4.n035,n035,n,35,35,a a a a a a a a a a a a a a a a a a a a a a a a a a a a a a a a a a a,75aa41a2c242377f26ddd63029462f47576aaf2dd3fe5ae73041196b9087bce2,60.0,ok,accept,true,unknown,true,33062826,33556906,,,,33.062826,33.556906,true,false
1,20260726T135725.806593Z,earley,cfg4,Left-recursive linear: S → S a | a,lean,earley.cfg4.n037,n037,n,37,37,a a a a a a a a a a a a a a a a a a a a a a a a a a a a a a a a a a a a a,b26448b546ae7e5bdd674af8247e59052302dbaefba9b9466382f96d0546b77a,60.0,ok,accept,true,unknown,true,38559186,39082331,,,,38.559186,39.082330999999996,true,false
1,20260726T135725.806593Z,earley,cfg4,Left-recursive linear: S → S a | a,lean,earley.cfg4.n039,n039,n,39,39,a a a a a a a a a a a a a a a a a a a a a a a a a a a a a a a a a a a a a a a,18eb99b1deb5a8851590d9f68f7f327bf8a6ad1f6de24b78842bce7ede036532,60.0,ok,accept,true,unknown,true,44651877,45133374,,,,44.651877,45.133373999999996,true,false
1,20260726T135725.806593Z,earley,cfg4,Left-recursive linear: S → S a | a,lean,earley.cfg4.n041,n041,n,41,41,a a a a a a a a a a a a a a a a a a a a a a a a a a a a a a a a a a a a a a a a a,5b8435430a4e0f3739618b616494cef52d305f069f4f8f145cd40257d5eb8ca2,60.0,ok,accept,true,unknown,true,54056008,54738573,,,,54.056008,54.738572999999995,true,false
1,20260726T135725.806593Z,earley,cfg4,Left-recursive linear: S → S a | a,lean,earley.cfg4.n043,n043,n,43,43,a a a a a a a a a a a a a a a a a a a a a a a a a a a a a a a a a a a a a a a a a a a,d578dc3affc8d9ac05571b77cd6aa8bb3e86c14a13d0ca1cbd18741b0eb84a0d,60.0,ok,accept,true,unknown,true,69999621,70793635,,,,69.99962099999999,70.793635,true,false
1,20260726T135725.806593Z,earley,cfg4,Left-recursive linear: S → S a | a,lean,earley.cfg4.n045,n045,n,45,45,a a a a a a a a a a a a a a a a a a a a a a a a a a a a a a a a a a a a a a a a a a a a a,95a07021a688c4b629f8896d95faeb2557e8b2db62a670f72409a59a6d2ed69d,60.0,ok,accept,true,unknown,true,72498311,73295001,,,,72.498311,73.295001,true,false
1,20260726T135725.806593Z,earley,cfg4,Left-recursive linear: S → S a | a,lean,earley.cfg4.n047,n047,n,47,47,a a a a a a a a a a a a a a a a a a a a a a a a a a a a a a a a a a a a a a a a a a a a a a a,0a227f109e85e841c1599966769c16123edf77b848a8c2ce018c8b66763a1759,60.0,ok,accept,true,unknown,true,82940676,83748455,,,,82.940676,83.74845499999999,true,false
1,20260726T135725.806593Z,earley,cfg4,Left-recursive linear: S → S a | a,lean,earley.cfg4.n049,n049,n,49,49,a a a a a a a a a a a a a a a a a a a a a a a a a a a a a a a a a a a a a a a a a a a a a a a a a,99e8c0fe4c88f0445b7bdd1ddd8903d345647bb315228d3ed9b8e3f9a1453067,60.0,ok,accept,true,unknown,true,102046226,103306147,,,,102.04622599999999,103.306147,true,false
1,20260726T135725.806593Z,earley,cfg4,Left-recursive linear: S → S a | a,lean,earley.cfg4.n051,n051,n,51,51,a a a a a a a a a a a a a a a a a a a a a a a a a a a a a a a a a a a a a a a a a a a a a a a a a a a,08f26910e932063059fae5c479867d6997cf56d64a6ad0363853dd6848e5a131,60.0,ok,accept,true,unknown,true,97355472,98392313,,,,97.35547199999999,98.392313,true,false
1,20260726T135725.806593Z,earley,cfg4,Left-recursive linear: S → S a | a,lean,earley.cfg4.n053,n053,n,53,53,a a a a a a a a a a a a a a a a a a a a a a a a a a a a a a a a a a a a a a a a a a a a a a a a a a a a a,9a57ed48fdc55fce48079815c33dec4ee1dfb5e7c9acf3ce1ae1102961759834,60.0,ok,accept,true,unknown,true,121293754,122394595,,,,121.29375399999999,122.394595,true,false
1,20260726T135725.806593Z,earley,cfg4,Left-recursive linear: S → S a | a,lean,earley.cfg4.n055,n055,n,55,55,a a a a a a a a a a a a a a a a a a a a a a a a a a a a a a a a a a a a a a a a a a a a a a a a a a a a a a a,397471ff60216f6a8bae3bf00d4f76e8643bb5dac774582749fc24ef11816b24,60.0,ok,accept,true,unknown,true,131747640,132544198,,,,131.74764,132.544198,true,false
1,20260726T135725.806593Z,earley,cfg4,Left-recursive linear: S → S a | a,lean,earley.cfg4.n057,n057,n,57,57,a a a a a a a a a a a a a a a a a a a a a a a a a a a a a a a a a a a a a a a a a a a a a a a a a a a a a a a a a,b6388e1e8f6c10ccc2277fad64251a43a039604b11b2e3c9e3b9c331e606dc3a,60.0,ok,accept,true,unknown,true,124459008,125606947,,,,124.459008,125.60694699999999,true,false
1,20260726T135725.806593Z,earley,cfg4,Left-recursive linear: S → S a | a,lean,earley.cfg4.n059,n059,n,59,59,a a a a a a a a a a a a a a a a a a a a a a a a a a a a a a a a a a a a a a a a a a a a a a a a a a a a a a a a a a a,9e271998808c273754c2be85eeb5ef9477ebdfddc4375a4f82ed6e8d64734550,60.0,ok,accept,true,unknown,true,183430503,184892574,,,,183.430503,184.892574,true,false
1,20260726T135725.806593Z,earley,cfg4,Left-recursive linear: S → S a | a,lean,earley.cfg4.n061,n061,n,61,61,a a a a a a a a a a a a a a a a a a a a a a a a a a a a a a a a a a a a a a a a a a a a a a a a a a a a a a a a a a a a a,8b72598a941c6c337740fe03485056c52ff6ea510c78629e8029d2b497447e93,60.0,ok,accept,true,unknown,true,175215660,176238304,,,,175.21565999999999,176.238304,true,false
1,20260726T135725.806593Z,earley,cfg4,Left-recursive linear: S → S a | a,lean,earley.cfg4.n063,n063,n,63,63,a a a a a a a a a a a a a a a a a a a a a a a a a a a a a a a a a a a a a a a a a a a a a a a a a a a a a a a a a a a a a a a,bd61fffc8dc55a105796ce4395d2822c95221106e3dce37912b244042a801b52,60.0,ok,accept,true,unknown,true,177645531,179131997,,,,177.645531,179.13199699999998,true,false
1,20260726T135725.806593Z,earley,cfg4,Left-recursive linear: S → S a | a,lean,earley.cfg4.n065,n065,n,65,65,a a a a a a a a a a a a a a a a a a a a a a a a a a a a a a a a a a a a a a a a a a a a a a a a a a a a a a a a a a a a a a a a a,32db1b66466ec271199a28a886eab9eef6f72a88d1dd49de6c67a73925842bfa,60.0,ok,accept,true,unknown,true,204161021,206322787,,,,204.16102099999998,206.32278699999998,true,false
1,20260726T135725.806593Z,earley,cfg5,Left-recursive ambiguity through X → Y | Z,costar,earley.cfg5.n001,n001,n,1,1,a,ca978112ca1bbdcafac231b39a23dc4da786eff8147c4e72b9807785afee48bb,60.0,ok,parser_error,unknown,unknown,false,4053,210677,,left_recursion,PredictionError (SpLeftRecursion 0),0.004053,0.210677,true,false
1,20260726T135725.806593Z,earley,cfg5,Left-recursive ambiguity through X → Y | Z,costar,earley.cfg5.n003,n003,n,3,3,a a a,bb6e995be430b5ada013a56dd224abfddbeff83ef54dd2fef79470c6cf440919,60.0,ok,parser_error,unknown,unknown,false,953,81233,,left_recursion,PredictionError (SpLeftRecursion 0),0.000953,0.081233,true,false
1,20260726T135725.806593Z,earley,cfg5,Left-recursive ambiguity through X → Y | Z,costar,earley.cfg5.n005,n005,n,5,5,a a a a a,dcf26724f098d41cc1f3fbeee167bde3aab05eb59e85eaf77318374c136d82a1,60.0,ok,parser_error,unknown,unknown,false,953,68178,,left_recursion,PredictionError (SpLeftRecursion 0),0.000953,0.068178,true,false
1,20260726T135725.806593Z,earley,cfg5,Left-recursive ambiguity through X → Y | Z,costar,earley.cfg5.n007,n007,n,7,7,a a a a a a a,c39b9e5f245ca64e7524d3d027ef1b7cbd9c9f2eba54ca591c7ecd770a2a07d7,60.0,ok,parser_error,unknown,unknown,false,2145,92193,,left_recursion,PredictionError (SpLeftRecursion 0),0.0021449999999999998,0.092193,true,false
1,20260726T135725.806593Z,earley,cfg5,Left-recursive ambiguity through X → Y | Z,costar,earley.cfg5.n009,n009,n,9,9,a a a a a a a a a,5246bd9d247b3551cdb6eba59ea82519f675b231f59836e63169ee5864f90046,60.0,ok,parser_error,unknown,unknown,false,953,70262,,left_recursion,PredictionError (SpLeftRecursion 0),0.000953,0.07026199999999999,true,false
1,20260726T135725.806593Z,earley,cfg5,Left-recursive ambiguity through X → Y | Z,costar,earley.cfg5.n011,n011,n,11,11,a a a a a a a a a a a,b83899a801d9f023f810c6e76f61d7bf5973986bd70abc4cc2863d97f9b2d782,60.0,ok,parser_error,unknown,unknown,false,953,63329,,left_recursion,PredictionError (SpLeftRecursion 0),0.000953,0.063329,true,false
1,20260726T135725.806593Z,earley,cfg5,Left-recursive ambiguity through X → Y | Z,costar,earley.cfg5.n013,n013,n,13,13,a a a a a a a a a a a a a,0f19eca59bf1d47974b3df7c910fa2f7d0addfc109d422fe8c6a368c7b780a13,60.0,ok,parser_error,unknown,unknown,false,1907,71755,,left_recursion,PredictionError (SpLeftRecursion 0),0.0019069999999999998,0.071755,true,false
1,20260726T135725.806593Z,earley,cfg5,Left-recursive ambiguity through X → Y | Z,costar,earley.cfg5.n015,n015,n,15,15,a a a a a a a a a a a a a a a,3416fc43996281553685fd94058cc330ea85b1701526c7b29085904306440a1f,60.0,ok,parser_error,unknown,unknown,false,953,67648,,left_recursion,PredictionError (SpLeftRecursion 0),0.000953,0.067648,true,false
1,20260726T135725.806593Z,earley,cfg5,Left-recursive ambiguity through X → Y | Z,costar,earley.cfg5.n017,n017,n,17,17,a a a a a a a a a a a a a a a a a,3bccac4813bc2f376ff12845988fa5e600575c184ac5f21ab1b8915969532a0a,60.0,ok,parser_error,unknown,unknown,false,5006,61556,,left_recursion,PredictionError (SpLeftRecursion 0),0.005006,0.061556,true,false
1,20260726T135725.806593Z,earley,cfg5,Left-recursive ambiguity through X → Y | Z,costar,earley.cfg5.n019,n019,n,19,19,a a a a a a a a a a a a a a a a a a a,92e55c5847d9d2f40be9a63ff52228772e1f012e98e45af96f74f7d6dd44c6e0,60.0,ok,parser_error,unknown,unknown,false,953,62938,,left_recursion,PredictionError (SpLeftRecursion 0),0.000953,0.062938,true,false
1,20260726T135725.806593Z,earley,cfg5,Left-recursive ambiguity through X → Y | Z,costar,earley.cfg5.n021,n021,n,21,21,a a a a a a a a a a a a a a a a a a a a a,52267fe9dc1a9390da3667ab75f1a4aca55c6d4f1325144f5c8e29b5727e2c8e,60.0,ok,parser_error,unknown,unknown,false,953,56797,,left_recursion,PredictionError (SpLeftRecursion 0),0.000953,0.056797,true,false
1,20260726T135725.806593Z,earley,cfg5,Left-recursive ambiguity through X → Y | Z,costar,earley.cfg5.n023,n023,n,23,23,a a a a a a a a a a a a a a a a a a a a a a a,e6799515bcbdd5ee6b53fe012a758de396640e9a8320bb62c60a135e2f2ed0a9,60.0,ok,parser_error,unknown,unknown,false,5006,62136,,left_recursion,PredictionError (SpLeftRecursion 0),0.005006,0.062136,true,false
1,20260726T135725.806593Z,earley,cfg5,Left-recursive ambiguity through X → Y | Z,costar,earley.cfg5.n025,n025,n,25,25,a a a a a a a a a a a a a a a a a a a a a a a a a,81b5dccafd39c94829cdd6dbdb721e4bda6c9389d4a1928b885745a4a2398e96,60.0,ok,parser_error,unknown,unknown,false,2145,72747,,left_recursion,PredictionError (SpLeftRecursion 0),0.0021449999999999998,0.07274699999999999,true,false
1,20260726T135725.806593Z,earley,cfg5,Left-recursive ambiguity through X → Y | Z,costar,earley.cfg5.n027,n027,n,27,27,a a a a a a a a a a a a a a a a a a a a a a a a a a a,2944e42c73262f1a71f9cef1670de3dfc87e6510817754bbe9215a96a5616aea,60.0,ok,parser_error,unknown,unknown,false,4053,61906,,left_recursion,PredictionError (SpLeftRecursion 0),0.004053,0.061905999999999996,true,false
1,20260726T135725.806593Z,earley,cfg5,Left-recursive ambiguity through X → Y | Z,costar,earley.cfg5.n029,n029,n,29,29,a a a a a a a a a a a a a a a a a a a a a a a a a a a a a,b00b82e962602fde3c0b9ec3258ae2bae3861496472ef35ea0ba894fb1b36288,60.0,ok,parser_error,unknown,unknown,false,953,76574,,left_recursion,PredictionError (SpLeftRecursion 0),0.000953,0.076574,true,false
1,20260726T135725.806593Z,earley,cfg5,Left-recursive ambiguity through X → Y | Z,costar,earley.cfg5.n031,n031,n,31,31,a a a a a a a a a a a a a a a a a a a a a a a a a a a a a a a,e2fbf1eb4eccda81f87022da47d499b7c72107a7be5019bdd0123102dedd9a86,60.0,ok,parser_error,unknown,unknown,false,11920,82716,,left_recursion,PredictionError (SpLeftRecursion 0),0.01192,0.082716,true,false
1,20260726T135725.806593Z,earley,cfg5,Left-recursive ambiguity through X → Y | Z,costar,earley.cfg5.n033,n033,n,33,33,a a a a a a a a a a a a a a a a a a a a a a a a a a a a a a a a a,65c4a3b876195f39e99ad322a645f2b6badd45a8457409eff406f2b517494769,60.0,ok,parser_error,unknown,unknown,false,1907,79951,,left_recursion,PredictionError (SpLeftRecursion 0),0.0019069999999999998,0.079951,true,false
1,20260726T135725.806593Z,earley,cfg5,Left-recursive ambiguity through X → Y | Z,costar,earley.cfg5.n035,n035,n,35,35,a a a a a a a a a a a a a a a a a a a a a a a a a a a a a a a a a a a,75aa41a2c242377f26ddd63029462f47576aaf2dd3fe5ae73041196b9087bce2,60.0,ok,parser_error,unknown,unknown,false,1907,77696,,left_recursion,PredictionError (SpLeftRecursion 0),0.0019069999999999998,0.077696,true,false
1,20260726T135725.806593Z,earley,cfg5,Left-recursive ambiguity through X → Y | Z,costar,earley.cfg5.n037,n037,n,37,37,a a a a a a a a a a a a a a a a a a a a a a a a a a a a a a a a a a a a a,b26448b546ae7e5bdd674af8247e59052302dbaefba9b9466382f96d0546b77a,60.0,ok,parser_error,unknown,unknown,false,3099,78017,,left_recursion,PredictionError (SpLeftRecursion 0),0.0030989999999999998,0.078017,true,false
1,20260726T135725.806593Z,earley,cfg5,Left-recursive ambiguity through X → Y | Z,costar,earley.cfg5.n039,n039,n,39,39,a a a a a a a a a a a a a a a a a a a a a a a a a a a a a a a a a a a a a a a,18eb99b1deb5a8851590d9f68f7f327bf8a6ad1f6de24b78842bce7ede036532,60.0,ok,parser_error,unknown,unknown,false,0,144121,,left_recursion,PredictionError (SpLeftRecursion 0),0.0,0.144121,true,false
1,20260726T135725.806593Z,earley,cfg5,Left-recursive ambiguity through X → Y | Z,costar,earley.cfg5.n041,n041,n,41,41,a a a a a a a a a a a a a a a a a a a a a a a a a a a a a a a a a a a a a a a a a,5b8435430a4e0f3739618b616494cef52d305f069f4f8f145cd40257d5eb8ca2,60.0,ok,parser_error,unknown,unknown,false,1907,246143,,left_recursion,PredictionError (SpLeftRecursion 0),0.0019069999999999998,0.246143,true,false
1,20260726T135725.806593Z,earley,cfg5,Left-recursive ambiguity through X → Y | Z,costar,earley.cfg5.n043,n043,n,43,43,a a a a a a a a a a a a a a a a a a a a a a a a a a a a a a a a a a a a a a a a a a a,d578dc3affc8d9ac05571b77cd6aa8bb3e86c14a13d0ca1cbd18741b0eb84a0d,60.0,ok,parser_error,unknown,unknown,false,1907,300805,,left_recursion,PredictionError (SpLeftRecursion 0),0.0019069999999999998,0.300805,true,false
1,20260726T135725.806593Z,earley,cfg5,Left-recursive ambiguity through X → Y | Z,costar,earley.cfg5.n045,n045,n,45,45,a a a a a a a a a a a a a a a a a a a a a a a a a a a a a a a a a a a a a a a a a a a a a,95a07021a688c4b629f8896d95faeb2557e8b2db62a670f72409a59a6d2ed69d,60.0,ok,parser_error,unknown,unknown,false,1907,95730,,left_recursion,PredictionError (SpLeftRecursion 0),0.0019069999999999998,0.09573,true,false
1,20260726T135725.806593Z,earley,cfg5,Left-recursive ambiguity through X → Y | Z,costar,earley.cfg5.n047,n047,n,47,47,a a a a a a a a a a a a a a a a a a a a a a a a a a a a a a a a a a a a a a a a a a a a a a a,0a227f109e85e841c1599966769c16123edf77b848a8c2ce018c8b66763a1759,60.0,ok,parser_error,unknown,unknown,false,953,69531,,left_recursion,PredictionError (SpLeftRecursion 0),0.000953,0.069531,true,false
1,20260726T135725.806593Z,earley,cfg5,Left-recursive ambiguity through X → Y | Z,costar,earley.cfg5.n049,n049,n,49,49,a a a a a a a a a a a a a a a a a a a a a a a a a a a a a a a a a a a a a a a a a a a a a a a a a,99e8c0fe4c88f0445b7bdd1ddd8903d345647bb315228d3ed9b8e3f9a1453067,60.0,ok,parser_error,unknown,unknown,false,953,121078,,left_recursion,PredictionError (SpLeftRecursion 0),0.000953,0.12107799999999999,true,false
1,20260726T135725.806593Z,earley,cfg5,Left-recursive ambiguity through X → Y | Z,costar,earley.cfg5.n051,n051,n,51,51,a a a a a a a a a a a a a a a a a a a a a a a a a a a a a a a a a a a a a a a a a a a a a a a a a a a,08f26910e932063059fae5c479867d6997cf56d64a6ad0363853dd6848e5a131,60.0,ok,parser_error,unknown,unknown,false,1907,96933,,left_recursion,PredictionError (SpLeftRecursion 0),0.0019069999999999998,0.09693299999999999,true,false
1,20260726T135725.806593Z,earley,cfg5,Left-recursive ambiguity through X → Y | Z,costar,earley.cfg5.n053,n053,n,53,53,a a a a a a a a a a a a a a a a a a a a a a a a a a a a a a a a a a a a a a a a a a a a a a a a a a a a a,9a57ed48fdc55fce48079815c33dec4ee1dfb5e7c9acf3ce1ae1102961759834,60.0,ok,parser_error,unknown,unknown,false,2145,122410,,left_recursion,PredictionError (SpLeftRecursion 0),0.0021449999999999998,0.12240999999999999,true,false
1,20260726T135725.806593Z,earley,cfg5,Left-recursive ambiguity through X → Y | Z,costar,earley.cfg5.n055,n055,n,55,55,a a a a a a a a a a a a a a a a a a a a a a a a a a a a a a a a a a a a a a a a a a a a a a a a a a a a a a a,397471ff60216f6a8bae3bf00d4f76e8643bb5dac774582749fc24ef11816b24,60.0,ok,parser_error,unknown,unknown,false,4053,96331,,left_recursion,PredictionError (SpLeftRecursion 0),0.004053,0.096331,true,false
1,20260726T135725.806593Z,earley,cfg5,Left-recursive ambiguity through X → Y | Z,costar,earley.cfg5.n057,n057,n,57,57,a a a a a a a a a a a a a a a a a a a a a a a a a a a a a a a a a a a a a a a a a a a a a a a a a a a a a a a a a,b6388e1e8f6c10ccc2277fad64251a43a039604b11b2e3c9e3b9c331e606dc3a,60.0,ok,parser_error,unknown,unknown,false,1907,83907,,left_recursion,PredictionError (SpLeftRecursion 0),0.0019069999999999998,0.083907,true,false
1,20260726T135725.806593Z,earley,cfg5,Left-recursive ambiguity through X → Y | Z,costar,earley.cfg5.n059,n059,n,59,59,a a a a a a a a a a a a a a a a a a a a a a a a a a a a a a a a a a a a a a a a a a a a a a a a a a a a a a a a a a a,9e271998808c273754c2be85eeb5ef9477ebdfddc4375a4f82ed6e8d64734550,60.0,ok,parser_error,unknown,unknown,false,1192,98976,,left_recursion,PredictionError (SpLeftRecursion 0),0.001192,0.098976,true,false
1,20260726T135725.806593Z,earley,cfg5,Left-recursive ambiguity through X → Y | Z,costar,earley.cfg5.n061,n061,n,61,61,a a a a a a a a a a a a a a a a a a a a a a a a a a a a a a a a a a a a a a a a a a a a a a a a a a a a a a a a a a a a a,8b72598a941c6c337740fe03485056c52ff6ea510c78629e8029d2b497447e93,60.0,ok,parser_error,unknown,unknown,false,3099,104817,,left_recursion,PredictionError (SpLeftRecursion 0),0.0030989999999999998,0.104817,true,false
1,20260726T135725.806593Z,earley,cfg5,Left-recursive ambiguity through X → Y | Z,costar,earley.cfg5.n063,n063,n,63,63,a a a a a a a a a a a a a a a a a a a a a a a a a a a a a a a a a a a a a a a a a a a a a a a a a a a a a a a a a a a a a a a,bd61fffc8dc55a105796ce4395d2822c95221106e3dce37912b244042a801b52,60.0,ok,parser_error,unknown,unknown,false,2145,115507,,left_recursion,PredictionError (SpLeftRecursion 0),0.0021449999999999998,0.115507,true,false
1,20260726T135725.806593Z,earley,cfg5,Left-recursive ambiguity through X → Y | Z,costar,earley.cfg5.n065,n065,n,65,65,a a a a a a a a a a a a a a a a a a a a a a a a a a a a a a a a a a a a a a a a a a a a a a a a a a a a a a a a a a a a a a a a a,32db1b66466ec271199a28a886eab9eef6f72a88d1dd49de6c67a73925842bfa,60.0,ok,parser_error,unknown,unknown,false,3814,120045,,left_recursion,PredictionError (SpLeftRecursion 0),0.0038139999999999997,0.120045,true,false
1,20260726T135725.806593Z,earley,cfg5,Left-recursive ambiguity through X → Y | Z,earley,earley.cfg5.n001,n001,n,1,1,a,ca978112ca1bbdcafac231b39a23dc4da786eff8147c4e72b9807785afee48bb,60.0,ok,accept,true,unknown,true,25000,292931,,,,0.024999999999999998,0.292931,true,false
1,20260726T135725.806593Z,earley,cfg5,Left-recursive ambiguity through X → Y | Z,earley,earley.cfg5.n003,n003,n,3,3,a a a,bb6e995be430b5ada013a56dd224abfddbeff83ef54dd2fef79470c6cf440919,60.0,ok,accept,true,unknown,true,34000,199976,,,,0.033999999999999996,0.199976,true,false
1,20260726T135725.806593Z,earley,cfg5,Left-recursive ambiguity through X → Y | Z,earley,earley.cfg5.n005,n005,n,5,5,a a a a a,dcf26724f098d41cc1f3fbeee167bde3aab05eb59e85eaf77318374c136d82a1,60.0,ok,accept,true,unknown,true,113000,322336,,,,0.11299999999999999,0.322336,true,false
1,20260726T135725.806593Z,earley,cfg5,Left-recursive ambiguity through X → Y | Z,earley,earley.cfg5.n007,n007,n,7,7,a a a a a a a,c39b9e5f245ca64e7524d3d027ef1b7cbd9c9f2eba54ca591c7ecd770a2a07d7,60.0,ok,accept,true,unknown,true,89000,537190,,,,0.089,0.53719,true,false
1,20260726T135725.806593Z,earley,cfg5,Left-recursive ambiguity through X → Y | Z,earley,earley.cfg5.n009,n009,n,9,9,a a a a a a a a a,5246bd9d247b3551cdb6eba59ea82519f675b231f59836e63169ee5864f90046,60.0,ok,accept,true,unknown,true,116000,320623,,,,0.11599999999999999,0.320623,true,false
1,20260726T135725.806593Z,earley,cfg5,Left-recursive ambiguity through X → Y | Z,earley,earley.cfg5.n011,n011,n,11,11,a a a a a a a a a a a,b83899a801d9f023f810c6e76f61d7bf5973986bd70abc4cc2863d97f9b2d782,60.0,ok,accept,true,unknown,true,119000,317998,,,,0.119,0.317998,true,false
1,20260726T135725.806593Z,earley,cfg5,Left-recursive ambiguity through X → Y | Z,earley,earley.cfg5.n013,n013,n,13,13,a a a a a a a a a a a a a,0f19eca59bf1d47974b3df7c910fa2f7d0addfc109d422fe8c6a368c7b780a13,60.0,ok,accept,true,unknown,true,172000,362152,,,,0.172,0.362152,true,false
1,20260726T135725.806593Z,earley,cfg5,Left-recursive ambiguity through X → Y | Z,earley,earley.cfg5.n015,n015,n,15,15,a a a a a a a a a a a a a a a,3416fc43996281553685fd94058cc330ea85b1701526c7b29085904306440a1f,60.0,ok,accept,true,unknown,true,186000,424369,,,,0.186,0.424369,true,false
1,20260726T135725.806593Z,earley,cfg5,Left-recursive ambiguity through X → Y | Z,earley,earley.cfg5.n017,n017,n,17,17,a a a a a a a a a a a a a a a a a,3bccac4813bc2f376ff12845988fa5e600575c184ac5f21ab1b8915969532a0a,60.0,ok,accept,true,unknown,true,288000,508978,,,,0.288,0.5089779999999999,true,false
1,20260726T135725.806593Z,earley,cfg5,Left-recursive ambiguity through X → Y | Z,earley,earley.cfg5.n019,n019,n,19,19,a a a a a a a a a a a a a a a a a a a,92e55c5847d9d2f40be9a63ff52228772e1f012e98e45af96f74f7d6dd44c6e0,60.0,ok,accept,true,unknown,true,249000,438274,,,,0.249,0.438274,true,false
1,20260726T135725.806593Z,earley,cfg5,Left-recursive ambiguity through X → Y | Z,earley,earley.cfg5.n021,n021,n,21,21,a a a a a a a a a a a a a a a a a a a a a,52267fe9dc1a9390da3667ab75f1a4aca55c6d4f1325144f5c8e29b5727e2c8e,60.0,ok,accept,true,unknown,true,207000,386687,,,,0.207,0.386687,true,false
1,20260726T135725.806593Z,earley,cfg5,Left-recursive ambiguity through X → Y | Z,earley,earley.cfg5.n023,n023,n,23,23,a a a a a a a a a a a a a a a a a a a a a a a,e6799515bcbdd5ee6b53fe012a758de396640e9a8320bb62c60a135e2f2ed0a9,60.0,ok,accept,true,unknown,true,212000,384634,,,,0.212,0.384634,true,false
1,20260726T135725.806593Z,earley,cfg5,Left-recursive ambiguity through X → Y | Z,earley,earley.cfg5.n025,n025,n,25,25,a a a a a a a a a a a a a a a a a a a a a a a a a,81b5dccafd39c94829cdd6dbdb721e4bda6c9389d4a1928b885745a4a2398e96,60.0,ok,accept,true,unknown,true,213000,375307,,,,0.213,0.375307,true,false
1,20260726T135725.806593Z,earley,cfg5,Left-recursive ambiguity through X → Y | Z,earley,earley.cfg5.n027,n027,n,27,27,a a a a a a a a a a a a a a a a a a a a a a a a a a a,2944e42c73262f1a71f9cef1670de3dfc87e6510817754bbe9215a96a5616aea,60.0,ok,accept,true,unknown,true,251000,421432,,,,0.251,0.421432,true,false
1,20260726T135725.806593Z,earley,cfg5,Left-recursive ambiguity through X → Y | Z,earley,earley.cfg5.n029,n029,n,29,29,a a a a a a a a a a a a a a a a a a a a a a a a a a a a a,b00b82e962602fde3c0b9ec3258ae2bae3861496472ef35ea0ba894fb1b36288,60.0,ok,accept,true,unknown,true,369000,575773,,,,0.369,0.575773,true,false
1,20260726T135725.806593Z,earley,cfg5,Left-recursive ambiguity through X → Y | Z,earley,earley.cfg5.n031,n031,n,31,31,a a a a a a a a a a a a a a a a a a a a a a a a a a a a a a a,e2fbf1eb4eccda81f87022da47d499b7c72107a7be5019bdd0123102dedd9a86,60.0,ok,accept,true,unknown,true,416000,625737,,,,0.416,0.625737,true,false
1,20260726T135725.806593Z,earley,cfg5,Left-recursive ambiguity through X → Y | Z,earley,earley.cfg5.n033,n033,n,33,33,a a a a a a a a a a a a a a a a a a a a a a a a a a a a a a a a a,65c4a3b876195f39e99ad322a645f2b6badd45a8457409eff406f2b517494769,60.0,ok,accept,true,unknown,true,366000,568669,,,,0.366,0.568669,true,false
1,20260726T135725.806593Z,earley,cfg5,Left-recursive ambiguity through X → Y | Z,earley,earley.cfg5.n035,n035,n,35,35,a a a a a a a a a a a a a a a a a a a a a a a a a a a a a a a a a a a,75aa41a2c242377f26ddd63029462f47576aaf2dd3fe5ae73041196b9087bce2,60.0,ok,accept,true,unknown,true,313000,473591,,,,0.313,0.473591,true,false
1,20260726T135725.806593Z,earley,cfg5,Left-recursive ambiguity through X → Y | Z,earley,earley.cfg5.n037,n037,n,37,37,a a a a a a a a a a a a a a a a a a a a a a a a a a a a a a a a a a a a a,b26448b546ae7e5bdd674af8247e59052302dbaefba9b9466382f96d0546b77a,60.0,ok,accept,true,unknown,true,377000,562028,,,,0.377,0.562028,true,false
1,20260726T135725.806593Z,earley,cfg5,Left-recursive ambiguity through X → Y | Z,earley,earley.cfg5.n039,n039,n,39,39,a a a a a a a a a a a a a a a a a a a a a a a a a a a a a a a a a a a a a a a,18eb99b1deb5a8851590d9f68f7f327bf8a6ad1f6de24b78842bce7ede036532,60.0,ok,accept,true,unknown,true,373000,554443,,,,0.373,0.554443,true,false
1,20260726T135725.806593Z,earley,cfg5,Left-recursive ambiguity through X → Y | Z,earley,earley.cfg5.n041,n041,n,41,41,a a a a a a a a a a a a a a a a a a a a a a a a a a a a a a a a a a a a a a a a a,5b8435430a4e0f3739618b616494cef52d305f069f4f8f145cd40257d5eb8ca2,60.0,ok,accept,true,unknown,true,611000,876399,,,,0.611,0.8763989999999999,true,false
1,20260726T135725.806593Z,earley,cfg5,Left-recursive ambiguity through X → Y | Z,earley,earley.cfg5.n043,n043,n,43,43,a a a a a a a a a a a a a a a a a a a a a a a a a a a a a a a a a a a a a a a a a a a,d578dc3affc8d9ac05571b77cd6aa8bb3e86c14a13d0ca1cbd18741b0eb84a0d,60.0,ok,accept,true,unknown,true,575000,877471,,,,0.575,0.877471,true,false
1,20260726T135725.806593Z,earley,cfg5,Left-recursive ambiguity through X → Y | Z,earley,earley.cfg5.n045,n045,n,45,45,a a a a a a a a a a a a a a a a a a a a a a a a a a a a a a a a a a a a a a a a a a a a a,95a07021a688c4b629f8896d95faeb2557e8b2db62a670f72409a59a6d2ed69d,60.0,ok,accept,true,unknown,true,738000,1032683,,,,0.738,1.032683,true,false
1,20260726T135725.806593Z,earley,cfg5,Left-recursive ambiguity through X → Y | Z,earley,earley.cfg5.n047,n047,n,47,47,a a a a a a a a a a a a a a a a a a a a a a a a a a a a a a a a a a a a a a a a a a a a a a a,0a227f109e85e841c1599966769c16123edf77b848a8c2ce018c8b66763a1759,60.0,ok,accept,true,unknown,true,955000,1514369,,,,0.955,1.5143689999999999,true,false
1,20260726T135725.806593Z,earley,cfg5,Left-recursive ambiguity through X → Y | Z,earley,earley.cfg5.n049,n049,n,49,49,a a a a a a a a a a a a a a a a a a a a a a a a a a a a a a a a a a a a a a a a a a a a a a a a a,99e8c0fe4c88f0445b7bdd1ddd8903d345647bb315228d3ed9b8e3f9a1453067,60.0,ok,accept,true,unknown,true,839000,1308161,,,,0.839,1.308161,true,false
1,20260726T135725.806593Z,earley,cfg5,Left-recursive ambiguity through X → Y | Z,earley,earley.cfg5.n051,n051,n,51,51,a a a a a a a a a a a a a a a a a a a a a a a a a a a a a a a a a a a a a a a a a a a a a a a a a a a,08f26910e932063059fae5c479867d6997cf56d64a6ad0363853dd6848e5a131,60.0,ok,accept,true,unknown,true,898000,1273376,,,,0.8979999999999999,1.2733759999999998,true,false
1,20260726T135725.806593Z,earley,cfg5,Left-recursive ambiguity through X → Y | Z,earley,earley.cfg5.n053,n053,n,53,53,a a a a a a a a a a a a a a a a a a a a a a a a a a a a a a a a a a a a a a a a a a a a a a a a a a a a a,9a57ed48fdc55fce48079815c33dec4ee1dfb5e7c9acf3ce1ae1102961759834,60.0,ok,accept,true,unknown,true,701000,1054012,,,,0.701,1.054012,true,false
1,20260726T135725.806593Z,earley,cfg5,Left-recursive ambiguity through X → Y | Z,earley,earley.cfg5.n055,n055,n,55,55,a a a a a a a a a a a a a a a a a a a a a a a a a a a a a a a a a a a a a a a a a a a a a a a a a a a a a a a,397471ff60216f6a8bae3bf00d4f76e8643bb5dac774582749fc24ef11816b24,60.0,ok,accept,true,unknown,true,1002000,1402729,,,,1.002,1.402729,true,false
1,20260726T135725.806593Z,earley,cfg5,Left-recursive ambiguity through X → Y | Z,earley,earley.cfg5.n057,n057,n,57,57,a a a a a a a a a a a a a a a a a a a a a a a a a a a a a a a a a a a a a a a a a a a a a a a a a a a a a a a a a,b6388e1e8f6c10ccc2277fad64251a43a039604b11b2e3c9e3b9c331e606dc3a,60.0,ok,accept,true,unknown,true,982000,1337096,,,,0.982,1.3370959999999998,true,false
1,20260726T135725.806593Z,earley,cfg5,Left-recursive ambiguity through X → Y | Z,earley,earley.cfg5.n059,n059,n,59,59,a a a a a a a a a a a a a a a a a a a a a a a a a a a a a a a a a a a a a a a a a a a a a a a a a a a a a a a a a a a,9e271998808c273754c2be85eeb5ef9477ebdfddc4375a4f82ed6e8d64734550,60.0,ok,accept,true,unknown,true,723000,1057760,,,,0.723,1.05776,true,false
1,20260726T135725.806593Z,earley,cfg5,Left-recursive ambiguity through X → Y | Z,earley,earley.cfg5.n061,n061,n,61,61,a a a a a a a a a a a a a a a a a a a a a a a a a a a a a a a a a a a a a a a a a a a a a a a a a a a a a a a a a a a a a,8b72598a941c6c337740fe03485056c52ff6ea510c78629e8029d2b497447e93,60.0,ok,accept,true,unknown,true,751000,1095110,,,,0.751,1.09511,true,false
1,20260726T135725.806593Z,earley,cfg5,Left-recursive ambiguity through X → Y | Z,earley,earley.cfg5.n063,n063,n,63,63,a a a a a a a a a a a a a a a a a a a a a a a a a a a a a a a a a a a a a a a a a a a a a a a a a a a a a a a a a a a a a a a,bd61fffc8dc55a105796ce4395d2822c95221106e3dce37912b244042a801b52,60.0,ok,accept,true,unknown,true,971000,1298182,,,,0.971,1.298182,true,false
1,20260726T135725.806593Z,earley,cfg5,Left-recursive ambiguity through X → Y | Z,earley,earley.cfg5.n065,n065,n,65,65,a a a a a a a a a a a a a a a a a a a a a a a a a a a a a a a a a a a a a a a a a a a a a a a a a a a a a a a a a a a a a a a a a,32db1b66466ec271199a28a886eab9eef6f72a88d1dd49de6c67a73925842bfa,60.0,ok,accept,true,unknown,true,944000,1283475,,,,0.944,1.283475,true,false
1,20260726T135725.806593Z,earley,cfg5,Left-recursive ambiguity through X → Y | Z,lean,earley.cfg5.n001,n001,n,1,1,a,ca978112ca1bbdcafac231b39a23dc4da786eff8147c4e72b9807785afee48bb,60.0,ok,accept,true,unknown,true,214754,427033,,,,0.214754,0.427033,true,false
1,20260726T135725.806593Z,earley,cfg5,Left-recursive ambiguity through X → Y | Z,lean,earley.cfg5.n003,n003,n,3,3,a a a,bb6e995be430b5ada013a56dd224abfddbeff83ef54dd2fef79470c6cf440919,60.0,ok,accept,true,unknown,true,3693979,3959118,,,,3.6939789999999997,3.9591179999999997,true,false
1,20260726T135725.806593Z,earley,cfg5,Left-recursive ambiguity through X → Y | Z,lean,earley.cfg5.n005,n005,n,5,5,a a a a a,dcf26724f098d41cc1f3fbeee167bde3aab05eb59e85eaf77318374c136d82a1,60.0,ok,accept,true,unknown,true,20631010,20938208,,,,20.63101,20.938208,true,false
1,20260726T135725.806593Z,earley,cfg5,Left-recursive ambiguity through X → Y | Z,lean,earley.cfg5.n007,n007,n,7,7,a a a a a a a,c39b9e5f245ca64e7524d3d027ef1b7cbd9c9f2eba54ca591c7ecd770a2a07d7,60.0,ok,accept,true,unknown,true,58080399,58443893,,,,58.080399,58.443892999999996,true,false
1,20260726T135725.806593Z,earley,cfg5,Left-recursive ambiguity through X → Y | Z,lean,earley.cfg5.n009,n009,n,9,9,a a a a a a a a a,5246bd9d247b3551cdb6eba59ea82519f675b231f59836e63169ee5864f90046,60.0,ok,accept,true,unknown,true,147120488,147482549,,,,147.120488,147.482549,true,false
1,20260726T135725.806593Z,earley,cfg5,Left-recursive ambiguity through X → Y | Z,lean,earley.cfg5.n011,n011,n,11,11,a a a a a a a a a a a,b83899a801d9f023f810c6e76f61d7bf5973986bd70abc4cc2863d97f9b2d782,60.0,ok,accept,true,unknown,true,309651987,310074512,,,,309.65198699999996,310.07451199999997,true,false
1,20260726T135725.806593Z,earley,cfg5,Left-recursive ambiguity through X → Y | Z,lean,earley.cfg5.n013,n013,n,13,13,a a a a a a a a a a a a a,0f19eca59bf1d47974b3df7c910fa2f7d0addfc109d422fe8c6a368c7b780a13,60.0,ok,accept,true,unknown,true,450576761,451000448,,,,450.576761,451.000448,true,false
1,20260726T135725.806593Z,earley,cfg5,Left-recursive ambiguity through X → Y | Z,lean,earley.cfg5.n015,n015,n,15,15,a a a a a a a a a a a a a a a,3416fc43996281553685fd94058cc330ea85b1701526c7b29085904306440a1f,60.0,ok,accept,true,unknown,true,862855235,863359774,,,,862.855235,863.359774,true,false
1,20260726T135725.806593Z,earley,cfg5,Left-recursive ambiguity through X → Y | Z,lean,earley.cfg5.n017,n017,n,17,17,a a a a a a a a a a a a a a a a a,3bccac4813bc2f376ff12845988fa5e600575c184ac5f21ab1b8915969532a0a,60.0,ok,accept,true,unknown,true,1476689951,1477413321,,,,1476.6899509999998,1477.413321,true,false
1,20260726T135725.806593Z,earley,cfg5,Left-recursive ambiguity through X → Y | Z,lean,earley.cfg5.n019,n019,n,19,19,a a a a a a a a a a a a a a a a a a a,92e55c5847d9d2f40be9a63ff52228772e1f012e98e45af96f74f7d6dd44c6e0,60.0,ok,accept,true,unknown,true,2486449688,2486947865,,,,2486.4496879999997,2486.947865,true,false
1,20260726T135725.806593Z,earley,cfg5,Left-recursive ambiguity through X → Y | Z,lean,earley.cfg5.n021,n021,n,21,21,a a a a a a a a a a a a a a a a a a a a a,52267fe9dc1a9390da3667ab75f1a4aca55c6d4f1325144f5c8e29b5727e2c8e,60.0,ok,accept,true,unknown,true,3687432207,3687998062,,,,3687.432207,3687.9980619999997,true,false
1,20260726T135725.806593Z,earley,cfg5,Left-recursive ambiguity through X → Y | Z,lean,earley.cfg5.n023,n023,n,23,23,a a a a a a a a a a a a a a a a a a a a a a a,e6799515bcbdd5ee6b53fe012a758de396640e9a8320bb62c60a135e2f2ed0a9,60.0,ok,accept,true,unknown,true,3899166525,3899862694,,,,3899.1665249999996,3899.862694,true,false
1,20260726T135725.806593Z,earley,cfg5,Left-recursive ambiguity through X → Y | Z,lean,earley.cfg5.n025,n025,n,25,25,a a a a a a a a a a a a a a a a a a a a a a a a a,81b5dccafd39c94829cdd6dbdb721e4bda6c9389d4a1928b885745a4a2398e96,60.0,ok,accept,true,unknown,true,4907443533,4907975153,,,,4907.443533,4907.975152999999,true,false
1,20260726T135725.806593Z,earley,cfg5,Left-recursive ambiguity through X → Y | Z,lean,earley.cfg5.n027,n027,n,27,27,a a a a a a a a a a a a a a a a a a a a a a a a a a a,2944e42c73262f1a71f9cef1670de3dfc87e6510817754bbe9215a96a5616aea,60.0,ok,accept,true,unknown,true,6340482078,6341101654,,,,6340.482078,6341.101654,true,false
1,20260726T135725.806593Z,earley,cfg5,Left-recursive ambiguity through X → Y | Z,lean,earley.cfg5.n029,n029,n,29,29,a a a a a a a a a a a a a a a a a a a a a a a a a a a a a,b00b82e962602fde3c0b9ec3258ae2bae3861496472ef35ea0ba894fb1b36288,60.0,ok,accept,true,unknown,true,8286786142,8287444631,,,,8286.786141999999,8287.444631,true,false
1,20260726T135725.806593Z,earley,cfg5,Left-recursive ambiguity through X → Y | Z,lean,earley.cfg5.n031,n031,n,31,31,a a a a a a a a a a a a a a a a a a a a a a a a a a a a a a a,e2fbf1eb4eccda81f87022da47d499b7c72107a7be5019bdd0123102dedd9a86,60.0,ok,accept,true,unknown,true,10348868364,10349942475,,,,10348.868364,10349.942475,true,false
1,20260726T135725.806593Z,earley,cfg5,Left-recursive ambiguity through X → Y | Z,lean,earley.cfg5.n033,n033,n,33,33,a a a a a a a a a a a a a a a a a a a a a a a a a a a a a a a a a,65c4a3b876195f39e99ad322a645f2b6badd45a8457409eff406f2b517494769,60.0,ok,accept,true,unknown,true,12924874834,12925702911,,,,12924.874834,12925.702911,true,false
1,20260726T135725.806593Z,earley,cfg5,Left-recursive ambiguity through X → Y | Z,lean,earley.cfg5.n035,n035,n,35,35,a a a a a a a a a a a a a a a a a a a a a a a a a a a a a a a a a a a,75aa41a2c242377f26ddd63029462f47576aaf2dd3fe5ae73041196b9087bce2,60.0,ok,accept,true,unknown,true,17776996827,17777795310,,,,17776.996827,17777.795309999998,true,false
1,20260726T135725.806593Z,earley,cfg5,Left-recursive ambiguity through X → Y | Z,lean,earley.cfg5.n037,n037,n,37,37,a a a a a a a a a a a a a a a a a a a a a a a a a a a a a a a a a a a a a,b26448b546ae7e5bdd674af8247e59052302dbaefba9b9466382f96d0546b77a,60.0,ok,accept,true,unknown,true,19958793613,19959800657,,,,19958.793612999998,19959.800657,true,false
1,20260726T135725.806593Z,earley,cfg5,Left-recursive ambiguity through X → Y | Z,lean,earley.cfg5.n039,n039,n,39,39,a a a a a a a a a a a a a a a a a a a a a a a a a a a a a a a a a a a a a a a,18eb99b1deb5a8851590d9f68f7f327bf8a6ad1f6de24b78842bce7ede036532,60.0,ok,accept,true,unknown,true,24539773462,24540827155,,,,24539.773461999997,24540.827155,true,false
1,20260726T135725.806593Z,earley,cfg5,Left-recursive ambiguity through X → Y | Z,lean,earley.cfg5.n041,n041,n,41,41,a a a a a a a a a a a a a a a a a a a a a a a a a a a a a a a a a a a a a a a a a,5b8435430a4e0f3739618b616494cef52d305f069f4f8f145cd40257d5eb8ca2,60.0,ok,accept,true,unknown,true,29894451229,29895744642,,,,29894.451229,29895.744641999998,true,false
1,20260726T135725.806593Z,earley,cfg5,Left-recursive ambiguity through X → Y | Z,lean,earley.cfg5.n043,n043,n,43,43,a a a a a a a a a a a a a a a a a a a a a a a a a a a a a a a a a a a a a a a a a a a,d578dc3affc8d9ac05571b77cd6aa8bb3e86c14a13d0ca1cbd18741b0eb84a0d,60.0,ok,accept,true,unknown,true,36164782071,36166586064,,,,36164.782071,36166.586063999996,true,false
1,20260726T135725.806593Z,earley,cfg5,Left-recursive ambiguity through X → Y | Z,lean,earley.cfg5.n045,n045,n,45,45,a a a a a a a a a a a a a a a a a a a a a a a a a a a a a a a a a a a a a a a a a a a a a,95a07021a688c4b629f8896d95faeb2557e8b2db62a670f72409a59a6d2ed69d,60.0,ok,accept,true,unknown,true,43697536283,43698917511,,,,43697.536283,43698.917511,true,false
1,20260726T135725.806593Z,earley,cfg5,Left-recursive ambiguity through X → Y | Z,lean,earley.cfg5.n047,n047,n,47,47,a a a a a a a a a a a a a a a a a a a a a a a a a a a a a a a a a a a a a a a a a a a a a a a,0a227f109e85e841c1599966769c16123edf77b848a8c2ce018c8b66763a1759,60.0,ok,accept,true,unknown,true,50584920736,50586415659,,,,50584.920736,50586.415659,true,false
1,20260726T135725.806593Z,earley,cfg5,Left-recursive ambiguity through X → Y | Z,lean,earley.cfg5.n049,n049,n,49,49,a a a a a a a a a a a a a a a a a a a a a a a a a a a a a a a a a a a a a a a a a a a a a a a a a,99e8c0fe4c88f0445b7bdd1ddd8903d345647bb315228d3ed9b8e3f9a1453067,60.0,ok,accept,true,unknown,true,59238930818,59240819671,,,,59238.930818,59240.819671,true,false
1,20260726T135725.806593Z,earley,cfg5,Left-recursive ambiguity through X → Y | Z,lean,earley.cfg5.n051,n051,n,51,51,a a a a a a a a a a a a a a a a a a a a a a a a a a a a a a a a a a a a a a a a a a a a a a a a a a a,08f26910e932063059fae5c479867d6997cf56d64a6ad0363853dd6848e5a131,60.0,timeout,unknown,unknown,unknown,unknown,,60060153586,,timeout,no RESULT within 60 seconds,,60060.153586,false,true
1,20260726T135725.806593Z,earley,cfg5,Left-recursive ambiguity through X → Y | Z,lean,earley.cfg5.n053,n053,n,53,53,a a a a a a a a a a a a a a a a a a a a a a a a a a a a a a a a a a a a a a a a a a a a a a a a a a a a a,9a57ed48fdc55fce48079815c33dec4ee1dfb5e7c9acf3ce1ae1102961759834,60.0,skipped_after_timeout,unknown,unknown,unknown,unknown,,,,early_stop,earlier input earley.cfg5.n051 timed out,,,false,false
1,20260726T135725.806593Z,earley,cfg5,Left-recursive ambiguity through X → Y | Z,lean,earley.cfg5.n055,n055,n,55,55,a a a a a a a a a a a a a a a a a a a a a a a a a a a a a a a a a a a a a a a a a a a a a a a a a a a a a a a,397471ff60216f6a8bae3bf00d4f76e8643bb5dac774582749fc24ef11816b24,60.0,skipped_after_timeout,unknown,unknown,unknown,unknown,,,,early_stop,earlier input earley.cfg5.n051 timed out,,,false,false
1,20260726T135725.806593Z,earley,cfg5,Left-recursive ambiguity through X → Y | Z,lean,earley.cfg5.n057,n057,n,57,57,a a a a a a a a a a a a a a a a a a a a a a a a a a a a a a a a a a a a a a a a a a a a a a a a a a a a a a a a a,b6388e1e8f6c10ccc2277fad64251a43a039604b11b2e3c9e3b9c331e606dc3a,60.0,skipped_after_timeout,unknown,unknown,unknown,unknown,,,,early_stop,earlier input earley.cfg5.n051 timed out,,,false,false
1,20260726T135725.806593Z,earley,cfg5,Left-recursive ambiguity through X → Y | Z,lean,earley.cfg5.n059,n059,n,59,59,a a a a a a a a a a a a a a a a a a a a a a a a a a a a a a a a a a a a a a a a a a a a a a a a a a a a a a a a a a a,9e271998808c273754c2be85eeb5ef9477ebdfddc4375a4f82ed6e8d64734550,60.0,skipped_after_timeout,unknown,unknown,unknown,unknown,,,,early_stop,earlier input earley.cfg5.n051 timed out,,,false,false
1,20260726T135725.806593Z,earley,cfg5,Left-recursive ambiguity through X → Y | Z,lean,earley.cfg5.n061,n061,n,61,61,a a a a a a a a a a a a a a a a a a a a a a a a a a a a a a a a a a a a a a a a a a a a a a a a a a a a a a a a a a a a a,8b72598a941c6c337740fe03485056c52ff6ea510c78629e8029d2b497447e93,60.0,skipped_after_timeout,unknown,unknown,unknown,unknown,,,,early_stop,earlier input earley.cfg5.n051 timed out,,,false,false
1,20260726T135725.806593Z,earley,cfg5,Left-recursive ambiguity through X → Y | Z,lean,earley.cfg5.n063,n063,n,63,63,a a a a a a a a a a a a a a a a a a a a a a a a a a a a a a a a a a a a a a a a a a a a a a a a a a a a a a a a a a a a a a a,bd61fffc8dc55a105796ce4395d2822c95221106e3dce37912b244042a801b52,60.0,skipped_after_timeout,unknown,unknown,unknown,unknown,,,,early_stop,earlier input earley.cfg5.n051 timed out,,,false,false
1,20260726T135725.806593Z,earley,cfg5,Left-recursive ambiguity through X → Y | Z,lean,earley.cfg5.n065,n065,n,65,65,a a a a a a a a a a a a a a a a a a a a a a a a a a a a a a a a a a a a a a a a a a a a a a a a a a a a a a a a a a a a a a a a a,32db1b66466ec271199a28a886eab9eef6f72a88d1dd49de6c67a73925842bfa,60.0,skipped_after_timeout,unknown,unknown,unknown,unknown,,,,early_stop,earlier input earley.cfg5.n051 timed out,,,false,false
